state,year,governor,ncsl_governor,governor_agree,legislature,ncsl_legislature,legislature_agree,trifecta,ncsl_state_control,trifecta_agree,ncsl_as_of,ncsl_note,ncsl_url
AK,2015,Other,Other,True,Republican,Republican,True,Divided,Divided,True,"2015 State and Legislative Partisan Composition (As of Jan. 25, 2015-11 a.m. MT)",,https://documents.ncsl.org/wwwncsl/Elections/Legis_Control_2015.pdf
AK,2016,Other,Other,True,Republican,Republican,True,Divided,Divided,True,"2016 State and Legislative Partisan Composition (Jan. 29, 2016)",,https://documents.ncsl.org/wwwncsl/Elections/Legis_Control_2016.pdf
AK,2017,Other,Other,True,Split,Republican,False,Divided,Divided,True,"2017 State & Legislative Partisan Composition (March 1, 2017, 9 am)","*Notes: AK H--controlled by coalition w/Ds functional control; CT S -- LG Wyman (D) casts tie-breaking votes; NY S--controlled by coalition w/Rs functional control; WA S-- controlled by coalition w/Rs functional control; VT's ""other"" are 6 Independents & 7 Progressives",https://documents.ncsl.org/wwwncsl/Elections/Legis_Control_2017_March_1_9%20am.pdf
AK,2018,Other,Other,True,Split,Republican,False,Divided,Divided,True,"2018 State & Legislative Partisan Composition (January 10th, 2018)","*Notes: AK H--controlled by coalition w/Ds functional control; CT S -- LG Wyman (D) casts tie-breaking votes; VT's ""other"" are 7 Independents & 7 Progressives",https://documents.ncsl.org/wwwncsl/Elections/Legis_Control_011018_26973.pdf
AK,2019,Republican,Republican,True,Split,Republican,False,Divided,Republican,False,"2019 State & Legislative Partisan Composition (February 1st, 2019)",,https://documents.ncsl.org/wwwncsl/Elections/Legis_Control_2019_February%201st.pdf
AK,2020,Republican,Republican,True,Split,Republican,False,Divided,Republican,False,"2020 State & Legislative Partisan Composition (April 1st, 2020)",,https://documents.ncsl.org/wwwncsl/Elections/Legis_Control_2020_April%201.pdf
AK,2021,Republican,Republican,True,Split,Republican,False,Divided,Republican,False,"2021 State & Legislative Partisan Composition FINAL (Feb. 1, 2021)",,https://documents.ncsl.org/wwwncsl/Elections/Legis_Control_2-2021.pdf
AK,2025,Republican,Republican,True,Split,Republican,False,Divided,Republican,False,2025 State & Legislative Partisan Composition 29-Aug-25,,https://documents.ncsl.org/wwwncsl/Elections/Legis_Control_2025_8.29.25.pdf
AL,2015,Republican,Republican,True,Republican,Republican,True,Republican,Republican,True,"2015 State and Legislative Partisan Composition (As of Jan. 25, 2015-11 a.m. MT)",,https://documents.ncsl.org/wwwncsl/Elections/Legis_Control_2015.pdf
AL,2016,Republican,Republican,True,Republican,Republican,True,Republican,Republican,True,"2016 State and Legislative Partisan Composition (Jan. 29, 2016)",,https://documents.ncsl.org/wwwncsl/Elections/Legis_Control_2016.pdf
AL,2017,Republican,Republican,True,Republican,Republican,True,Republican,Republican,True,"2017 State & Legislative Partisan Composition (March 1, 2017, 9 am)",,https://documents.ncsl.org/wwwncsl/Elections/Legis_Control_2017_March_1_9%20am.pdf
AL,2018,Republican,Republican,True,Republican,Republican,True,Republican,Republican,True,"2018 State & Legislative Partisan Composition (January 10th, 2018)",,https://documents.ncsl.org/wwwncsl/Elections/Legis_Control_011018_26973.pdf
AL,2019,Republican,Republican,True,Republican,Republican,True,Republican,Republican,True,"2019 State & Legislative Partisan Composition (February 1st, 2019)",,https://documents.ncsl.org/wwwncsl/Elections/Legis_Control_2019_February%201st.pdf
AL,2020,Republican,Republican,True,Republican,Republican,True,Republican,Republican,True,"2020 State & Legislative Partisan Composition (April 1st, 2020)",,https://documents.ncsl.org/wwwncsl/Elections/Legis_Control_2020_April%201.pdf
AL,2021,Republican,Republican,True,Republican,Republican,True,Republican,Republican,True,"2021 State & Legislative Partisan Composition FINAL (Feb. 1, 2021)",,https://documents.ncsl.org/wwwncsl/Elections/Legis_Control_2-2021.pdf
AL,2025,Republican,Republican,True,Republican,Republican,True,Republican,Republican,True,2025 State & Legislative Partisan Composition 29-Aug-25,,https://documents.ncsl.org/wwwncsl/Elections/Legis_Control_2025_8.29.25.pdf
AR,2015,Republican,Republican,True,Republican,Republican,True,Republican,Republican,True,"2015 State and Legislative Partisan Composition (As of Jan. 25, 2015-11 a.m. MT)",,https://documents.ncsl.org/wwwncsl/Elections/Legis_Control_2015.pdf
AR,2016,Republican,Republican,True,Republican,Republican,True,Republican,Republican,True,"2016 State and Legislative Partisan Composition (Jan. 29, 2016)",,https://documents.ncsl.org/wwwncsl/Elections/Legis_Control_2016.pdf
AR,2017,Republican,Republican,True,Republican,Republican,True,Republican,Republican,True,"2017 State & Legislative Partisan Composition (March 1, 2017, 9 am)",,https://documents.ncsl.org/wwwncsl/Elections/Legis_Control_2017_March_1_9%20am.pdf
AR,2018,Republican,Republican,True,Republican,Republican,True,Republican,Republican,True,"2018 State & Legislative Partisan Composition (January 10th, 2018)",,https://documents.ncsl.org/wwwncsl/Elections/Legis_Control_011018_26973.pdf
AR,2019,Republican,Republican,True,Republican,Republican,True,Republican,Republican,True,"2019 State & Legislative Partisan Composition (February 1st, 2019)",,https://documents.ncsl.org/wwwncsl/Elections/Legis_Control_2019_February%201st.pdf
AR,2020,Republican,Republican,True,Republican,Republican,True,Republican,Republican,True,"2020 State & Legislative Partisan Composition (April 1st, 2020)",,https://documents.ncsl.org/wwwncsl/Elections/Legis_Control_2020_April%201.pdf
AR,2021,Republican,Republican,True,Republican,Republican,True,Republican,Republican,True,"2021 State & Legislative Partisan Composition FINAL (Feb. 1, 2021)",,https://documents.ncsl.org/wwwncsl/Elections/Legis_Control_2-2021.pdf
AR,2025,Republican,Republican,True,Republican,Republican,True,Republican,Republican,True,2025 State & Legislative Partisan Composition 29-Aug-25,,https://documents.ncsl.org/wwwncsl/Elections/Legis_Control_2025_8.29.25.pdf
AZ,2015,Republican,Republican,True,Republican,Republican,True,Republican,Republican,True,"2015 State and Legislative Partisan Composition (As of Jan. 25, 2015-11 a.m. MT)",,https://documents.ncsl.org/wwwncsl/Elections/Legis_Control_2015.pdf
AZ,2016,Republican,Republican,True,Republican,Republican,True,Republican,Republican,True,"2016 State and Legislative Partisan Composition (Jan. 29, 2016)",,https://documents.ncsl.org/wwwncsl/Elections/Legis_Control_2016.pdf
AZ,2017,Republican,Republican,True,Republican,Republican,True,Republican,Republican,True,"2017 State & Legislative Partisan Composition (March 1, 2017, 9 am)",,https://documents.ncsl.org/wwwncsl/Elections/Legis_Control_2017_March_1_9%20am.pdf
AZ,2018,Republican,Republican,True,Republican,Republican,True,Republican,Republican,True,"2018 State & Legislative Partisan Composition (January 10th, 2018)",,https://documents.ncsl.org/wwwncsl/Elections/Legis_Control_011018_26973.pdf
AZ,2019,Republican,Republican,True,Republican,Republican,True,Republican,Republican,True,"2019 State & Legislative Partisan Composition (February 1st, 2019)",,https://documents.ncsl.org/wwwncsl/Elections/Legis_Control_2019_February%201st.pdf
AZ,2020,Republican,Republican,True,Republican,Republican,True,Republican,Republican,True,"2020 State & Legislative Partisan Composition (April 1st, 2020)",,https://documents.ncsl.org/wwwncsl/Elections/Legis_Control_2020_April%201.pdf
AZ,2021,Republican,Republican,True,Republican,Republican,True,Republican,Republican,True,"2021 State & Legislative Partisan Composition FINAL (Feb. 1, 2021)",,https://documents.ncsl.org/wwwncsl/Elections/Legis_Control_2-2021.pdf
AZ,2025,Democratic,Democratic,True,Republican,Republican,True,Divided,Divided,True,2025 State & Legislative Partisan Composition 29-Aug-25,,https://documents.ncsl.org/wwwncsl/Elections/Legis_Control_2025_8.29.25.pdf
CA,2015,Democratic,Democratic,True,Democratic,Democratic,True,Democratic,Democratic,True,"2015 State and Legislative Partisan Composition (As of Jan. 25, 2015-11 a.m. MT)",,https://documents.ncsl.org/wwwncsl/Elections/Legis_Control_2015.pdf
CA,2016,Democratic,Democratic,True,Democratic,Democratic,True,Democratic,Democratic,True,"2016 State and Legislative Partisan Composition (Jan. 29, 2016)",,https://documents.ncsl.org/wwwncsl/Elections/Legis_Control_2016.pdf
CA,2017,Democratic,Democratic,True,Democratic,Democratic,True,Democratic,Democratic,True,"2017 State & Legislative Partisan Composition (March 1, 2017, 9 am)",,https://documents.ncsl.org/wwwncsl/Elections/Legis_Control_2017_March_1_9%20am.pdf
CA,2018,Democratic,Democratic,True,Democratic,Democratic,True,Democratic,Democratic,True,"2018 State & Legislative Partisan Composition (January 10th, 2018)",,https://documents.ncsl.org/wwwncsl/Elections/Legis_Control_011018_26973.pdf
CA,2019,Democratic,Democratic,True,Democratic,Democratic,True,Democratic,Democratic,True,"2019 State & Legislative Partisan Composition (February 1st, 2019)",,https://documents.ncsl.org/wwwncsl/Elections/Legis_Control_2019_February%201st.pdf
CA,2020,Democratic,Democratic,True,Democratic,Democratic,True,Democratic,Democratic,True,"2020 State & Legislative Partisan Composition (April 1st, 2020)",,https://documents.ncsl.org/wwwncsl/Elections/Legis_Control_2020_April%201.pdf
CA,2021,Democratic,Democratic,True,Democratic,Democratic,True,Democratic,Democratic,True,"2021 State & Legislative Partisan Composition FINAL (Feb. 1, 2021)",,https://documents.ncsl.org/wwwncsl/Elections/Legis_Control_2-2021.pdf
CA,2025,Democratic,Democratic,True,Democratic,Democratic,True,Democratic,Democratic,True,2025 State & Legislative Partisan Composition 29-Aug-25,,https://documents.ncsl.org/wwwncsl/Elections/Legis_Control_2025_8.29.25.pdf
CO,2015,Democratic,Democratic,True,Split,Split,True,Divided,Divided,True,"2015 State and Legislative Partisan Composition (As of Jan. 25, 2015-11 a.m. MT)",,https://documents.ncsl.org/wwwncsl/Elections/Legis_Control_2015.pdf
CO,2016,Democratic,Democratic,True,Split,Split,True,Divided,Divided,True,"2016 State and Legislative Partisan Composition (Jan. 29, 2016)",,https://documents.ncsl.org/wwwncsl/Elections/Legis_Control_2016.pdf
CO,2017,Democratic,Democratic,True,Split,Split,True,Divided,Divided,True,"2017 State & Legislative Partisan Composition (March 1, 2017, 9 am)",,https://documents.ncsl.org/wwwncsl/Elections/Legis_Control_2017_March_1_9%20am.pdf
CO,2018,Democratic,Democratic,True,Split,Split,True,Divided,Divided,True,"2018 State & Legislative Partisan Composition (January 10th, 2018)",,https://documents.ncsl.org/wwwncsl/Elections/Legis_Control_011018_26973.pdf
CO,2019,Democratic,Democratic,True,Democratic,Democratic,True,Democratic,Democratic,True,"2019 State & Legislative Partisan Composition (February 1st, 2019)",,https://documents.ncsl.org/wwwncsl/Elections/Legis_Control_2019_February%201st.pdf
CO,2020,Democratic,Democratic,True,Democratic,Democratic,True,Democratic,Democratic,True,"2020 State & Legislative Partisan Composition (April 1st, 2020)",,https://documents.ncsl.org/wwwncsl/Elections/Legis_Control_2020_April%201.pdf
CO,2021,Democratic,Democratic,True,Democratic,Democratic,True,Democratic,Democratic,True,"2021 State & Legislative Partisan Composition FINAL (Feb. 1, 2021)",,https://documents.ncsl.org/wwwncsl/Elections/Legis_Control_2-2021.pdf
CO,2025,Democratic,Democratic,True,Democratic,Democratic,True,Democratic,Democratic,True,2025 State & Legislative Partisan Composition 29-Aug-25,,https://documents.ncsl.org/wwwncsl/Elections/Legis_Control_2025_8.29.25.pdf
CT,2015,Democratic,Democratic,True,Democratic,Democratic,True,Democratic,Democratic,True,"2015 State and Legislative Partisan Composition (As of Jan. 25, 2015-11 a.m. MT)",,https://documents.ncsl.org/wwwncsl/Elections/Legis_Control_2015.pdf
CT,2016,Democratic,Democratic,True,Democratic,Democratic,True,Democratic,Democratic,True,"2016 State and Legislative Partisan Composition (Jan. 29, 2016)",,https://documents.ncsl.org/wwwncsl/Elections/Legis_Control_2016.pdf
CT,2017,Democratic,Democratic,True,Democratic,Split,False,Democratic,Divided,False,"2017 State & Legislative Partisan Composition (March 1, 2017, 9 am)","*Notes: AK H--controlled by coalition w/Ds functional control; CT S -- LG Wyman (D) casts tie-breaking votes; NY S--controlled by coalition w/Rs functional control; WA S-- controlled by coalition w/Rs functional control; VT's ""other"" are 6 Independents & 7 Progressives",https://documents.ncsl.org/wwwncsl/Elections/Legis_Control_2017_March_1_9%20am.pdf
CT,2018,Democratic,Democratic,True,Democratic,Split,False,Democratic,Divided,False,"2018 State & Legislative Partisan Composition (January 10th, 2018)","*Notes: AK H--controlled by coalition w/Ds functional control; CT S -- LG Wyman (D) casts tie-breaking votes; VT's ""other"" are 7 Independents & 7 Progressives",https://documents.ncsl.org/wwwncsl/Elections/Legis_Control_011018_26973.pdf
CT,2019,Democratic,Democratic,True,Democratic,Democratic,True,Democratic,Democratic,True,"2019 State & Legislative Partisan Composition (February 1st, 2019)",,https://documents.ncsl.org/wwwncsl/Elections/Legis_Control_2019_February%201st.pdf
CT,2020,Democratic,Democratic,True,Democratic,Democratic,True,Democratic,Democratic,True,"2020 State & Legislative Partisan Composition (April 1st, 2020)",,https://documents.ncsl.org/wwwncsl/Elections/Legis_Control_2020_April%201.pdf
CT,2021,Democratic,Democratic,True,Democratic,Democratic,True,Democratic,Democratic,True,"2021 State & Legislative Partisan Composition FINAL (Feb. 1, 2021)",,https://documents.ncsl.org/wwwncsl/Elections/Legis_Control_2-2021.pdf
CT,2025,Democratic,Democratic,True,Democratic,Democratic,True,Democratic,Democratic,True,2025 State & Legislative Partisan Composition 29-Aug-25,,https://documents.ncsl.org/wwwncsl/Elections/Legis_Control_2025_8.29.25.pdf
DE,2015,Democratic,Democratic,True,Democratic,Democratic,True,Democratic,Democratic,True,"2015 State and Legislative Partisan Composition (As of Jan. 25, 2015-11 a.m. MT)",,https://documents.ncsl.org/wwwncsl/Elections/Legis_Control_2015.pdf
DE,2016,Democratic,Democratic,True,Democratic,Democratic,True,Democratic,Democratic,True,"2016 State and Legislative Partisan Composition (Jan. 29, 2016)",,https://documents.ncsl.org/wwwncsl/Elections/Legis_Control_2016.pdf
DE,2017,Democratic,Democratic,True,Democratic,Democratic,True,Democratic,Democratic,True,"2017 State & Legislative Partisan Composition (March 1, 2017, 9 am)",,https://documents.ncsl.org/wwwncsl/Elections/Legis_Control_2017_March_1_9%20am.pdf
DE,2018,Democratic,Democratic,True,Democratic,Democratic,True,Democratic,Democratic,True,"2018 State & Legislative Partisan Composition (January 10th, 2018)",,https://documents.ncsl.org/wwwncsl/Elections/Legis_Control_011018_26973.pdf
DE,2019,Democratic,Democratic,True,Democratic,Democratic,True,Democratic,Democratic,True,"2019 State & Legislative Partisan Composition (February 1st, 2019)",,https://documents.ncsl.org/wwwncsl/Elections/Legis_Control_2019_February%201st.pdf
DE,2020,Democratic,Democratic,True,Democratic,Democratic,True,Democratic,Democratic,True,"2020 State & Legislative Partisan Composition (April 1st, 2020)",,https://documents.ncsl.org/wwwncsl/Elections/Legis_Control_2020_April%201.pdf
DE,2021,Democratic,Democratic,True,Democratic,Democratic,True,Democratic,Democratic,True,"2021 State & Legislative Partisan Composition FINAL (Feb. 1, 2021)",,https://documents.ncsl.org/wwwncsl/Elections/Legis_Control_2-2021.pdf
DE,2025,Democratic,Democratic,True,Democratic,Democratic,True,Democratic,Democratic,True,2025 State & Legislative Partisan Composition 29-Aug-25,,https://documents.ncsl.org/wwwncsl/Elections/Legis_Control_2025_8.29.25.pdf
FL,2015,Republican,Republican,True,Republican,Republican,True,Republican,Republican,True,"2015 State and Legislative Partisan Composition (As of Jan. 25, 2015-11 a.m. MT)",,https://documents.ncsl.org/wwwncsl/Elections/Legis_Control_2015.pdf
FL,2016,Republican,Republican,True,Republican,Republican,True,Republican,Republican,True,"2016 State and Legislative Partisan Composition (Jan. 29, 2016)",,https://documents.ncsl.org/wwwncsl/Elections/Legis_Control_2016.pdf
FL,2017,Republican,Republican,True,Republican,Republican,True,Republican,Republican,True,"2017 State & Legislative Partisan Composition (March 1, 2017, 9 am)",,https://documents.ncsl.org/wwwncsl/Elections/Legis_Control_2017_March_1_9%20am.pdf
FL,2018,Republican,Republican,True,Republican,Republican,True,Republican,Republican,True,"2018 State & Legislative Partisan Composition (January 10th, 2018)",,https://documents.ncsl.org/wwwncsl/Elections/Legis_Control_011018_26973.pdf
FL,2019,Republican,Republican,True,Republican,Republican,True,Republican,Republican,True,"2019 State & Legislative Partisan Composition (February 1st, 2019)",,https://documents.ncsl.org/wwwncsl/Elections/Legis_Control_2019_February%201st.pdf
FL,2020,Republican,Republican,True,Republican,Republican,True,Republican,Republican,True,"2020 State & Legislative Partisan Composition (April 1st, 2020)",,https://documents.ncsl.org/wwwncsl/Elections/Legis_Control_2020_April%201.pdf
FL,2021,Republican,Republican,True,Republican,Republican,True,Republican,Republican,True,"2021 State & Legislative Partisan Composition FINAL (Feb. 1, 2021)",,https://documents.ncsl.org/wwwncsl/Elections/Legis_Control_2-2021.pdf
FL,2025,Republican,Republican,True,Republican,Republican,True,Republican,Republican,True,2025 State & Legislative Partisan Composition 29-Aug-25,,https://documents.ncsl.org/wwwncsl/Elections/Legis_Control_2025_8.29.25.pdf
GA,2015,Republican,Republican,True,Republican,Republican,True,Republican,Republican,True,"2015 State and Legislative Partisan Composition (As of Jan. 25, 2015-11 a.m. MT)",,https://documents.ncsl.org/wwwncsl/Elections/Legis_Control_2015.pdf
GA,2016,Republican,Republican,True,Republican,Republican,True,Republican,Republican,True,"2016 State and Legislative Partisan Composition (Jan. 29, 2016)",,https://documents.ncsl.org/wwwncsl/Elections/Legis_Control_2016.pdf
GA,2017,Republican,Republican,True,Republican,Republican,True,Republican,Republican,True,"2017 State & Legislative Partisan Composition (March 1, 2017, 9 am)",,https://documents.ncsl.org/wwwncsl/Elections/Legis_Control_2017_March_1_9%20am.pdf
GA,2018,Republican,Republican,True,Republican,Republican,True,Republican,Republican,True,"2018 State & Legislative Partisan Composition (January 10th, 2018)",,https://documents.ncsl.org/wwwncsl/Elections/Legis_Control_011018_26973.pdf
GA,2019,Republican,Republican,True,Republican,Republican,True,Republican,Republican,True,"2019 State & Legislative Partisan Composition (February 1st, 2019)",,https://documents.ncsl.org/wwwncsl/Elections/Legis_Control_2019_February%201st.pdf
GA,2020,Republican,Republican,True,Republican,Republican,True,Republican,Republican,True,"2020 State & Legislative Partisan Composition (April 1st, 2020)",,https://documents.ncsl.org/wwwncsl/Elections/Legis_Control_2020_April%201.pdf
GA,2021,Republican,Republican,True,Republican,Republican,True,Republican,Republican,True,"2021 State & Legislative Partisan Composition FINAL (Feb. 1, 2021)",,https://documents.ncsl.org/wwwncsl/Elections/Legis_Control_2-2021.pdf
GA,2025,Republican,Republican,True,Republican,Republican,True,Republican,Republican,True,2025 State & Legislative Partisan Composition 29-Aug-25,,https://documents.ncsl.org/wwwncsl/Elections/Legis_Control_2025_8.29.25.pdf
HI,2015,Democratic,Democratic,True,Democratic,Democratic,True,Democratic,Democratic,True,"2015 State and Legislative Partisan Composition (As of Jan. 25, 2015-11 a.m. MT)",,https://documents.ncsl.org/wwwncsl/Elections/Legis_Control_2015.pdf
HI,2016,Democratic,Democratic,True,Democratic,Democratic,True,Democratic,Democratic,True,"2016 State and Legislative Partisan Composition (Jan. 29, 2016)",,https://documents.ncsl.org/wwwncsl/Elections/Legis_Control_2016.pdf
HI,2017,Democratic,Democratic,True,Democratic,Democratic,True,Democratic,Democratic,True,"2017 State & Legislative Partisan Composition (March 1, 2017, 9 am)",,https://documents.ncsl.org/wwwncsl/Elections/Legis_Control_2017_March_1_9%20am.pdf
HI,2018,Democratic,Democratic,True,Democratic,Democratic,True,Democratic,Democratic,True,"2018 State & Legislative Partisan Composition (January 10th, 2018)",,https://documents.ncsl.org/wwwncsl/Elections/Legis_Control_011018_26973.pdf
HI,2019,Democratic,Democratic,True,Democratic,Democratic,True,Democratic,Democratic,True,"2019 State & Legislative Partisan Composition (February 1st, 2019)",,https://documents.ncsl.org/wwwncsl/Elections/Legis_Control_2019_February%201st.pdf
HI,2020,Democratic,Democratic,True,Democratic,Democratic,True,Democratic,Democratic,True,"2020 State & Legislative Partisan Composition (April 1st, 2020)",,https://documents.ncsl.org/wwwncsl/Elections/Legis_Control_2020_April%201.pdf
HI,2021,Democratic,Democratic,True,Democratic,Democratic,True,Democratic,Democratic,True,"2021 State & Legislative Partisan Composition FINAL (Feb. 1, 2021)",,https://documents.ncsl.org/wwwncsl/Elections/Legis_Control_2-2021.pdf
HI,2025,Democratic,Democratic,True,Democratic,Democratic,True,Democratic,Democratic,True,2025 State & Legislative Partisan Composition 29-Aug-25,,https://documents.ncsl.org/wwwncsl/Elections/Legis_Control_2025_8.29.25.pdf
IA,2015,Republican,Republican,True,Split,Split,True,Divided,Divided,True,"2015 State and Legislative Partisan Composition (As of Jan. 25, 2015-11 a.m. MT)",,https://documents.ncsl.org/wwwncsl/Elections/Legis_Control_2015.pdf
IA,2016,Republican,Republican,True,Split,Split,True,Divided,Divided,True,"2016 State and Legislative Partisan Composition (Jan. 29, 2016)",,https://documents.ncsl.org/wwwncsl/Elections/Legis_Control_2016.pdf
IA,2017,Republican,Republican,True,Republican,Republican,True,Republican,Republican,True,"2017 State & Legislative Partisan Composition (March 1, 2017, 9 am)",,https://documents.ncsl.org/wwwncsl/Elections/Legis_Control_2017_March_1_9%20am.pdf
IA,2018,Republican,Republican,True,Republican,Republican,True,Republican,Republican,True,"2018 State & Legislative Partisan Composition (January 10th, 2018)",,https://documents.ncsl.org/wwwncsl/Elections/Legis_Control_011018_26973.pdf
IA,2019,Republican,Republican,True,Republican,Republican,True,Republican,Republican,True,"2019 State & Legislative Partisan Composition (February 1st, 2019)",,https://documents.ncsl.org/wwwncsl/Elections/Legis_Control_2019_February%201st.pdf
IA,2020,Republican,Republican,True,Republican,Republican,True,Republican,Republican,True,"2020 State & Legislative Partisan Composition (April 1st, 2020)",,https://documents.ncsl.org/wwwncsl/Elections/Legis_Control_2020_April%201.pdf
IA,2021,Republican,Republican,True,Republican,Republican,True,Republican,Republican,True,"2021 State & Legislative Partisan Composition FINAL (Feb. 1, 2021)",,https://documents.ncsl.org/wwwncsl/Elections/Legis_Control_2-2021.pdf
IA,2025,Republican,Republican,True,Republican,Republican,True,Republican,Republican,True,2025 State & Legislative Partisan Composition 29-Aug-25,,https://documents.ncsl.org/wwwncsl/Elections/Legis_Control_2025_8.29.25.pdf
ID,2015,Republican,Republican,True,Republican,Republican,True,Republican,Republican,True,"2015 State and Legislative Partisan Composition (As of Jan. 25, 2015-11 a.m. MT)",,https://documents.ncsl.org/wwwncsl/Elections/Legis_Control_2015.pdf
ID,2016,Republican,Republican,True,Republican,Republican,True,Republican,Republican,True,"2016 State and Legislative Partisan Composition (Jan. 29, 2016)",,https://documents.ncsl.org/wwwncsl/Elections/Legis_Control_2016.pdf
ID,2017,Republican,Republican,True,Republican,Republican,True,Republican,Republican,True,"2017 State & Legislative Partisan Composition (March 1, 2017, 9 am)",,https://documents.ncsl.org/wwwncsl/Elections/Legis_Control_2017_March_1_9%20am.pdf
ID,2018,Republican,Republican,True,Republican,Republican,True,Republican,Republican,True,"2018 State & Legislative Partisan Composition (January 10th, 2018)",,https://documents.ncsl.org/wwwncsl/Elections/Legis_Control_011018_26973.pdf
ID,2019,Republican,Republican,True,Republican,Republican,True,Republican,Republican,True,"2019 State & Legislative Partisan Composition (February 1st, 2019)",,https://documents.ncsl.org/wwwncsl/Elections/Legis_Control_2019_February%201st.pdf
ID,2020,Republican,Republican,True,Republican,Republican,True,Republican,Republican,True,"2020 State & Legislative Partisan Composition (April 1st, 2020)",,https://documents.ncsl.org/wwwncsl/Elections/Legis_Control_2020_April%201.pdf
ID,2021,Republican,Republican,True,Republican,Republican,True,Republican,Republican,True,"2021 State & Legislative Partisan Composition FINAL (Feb. 1, 2021)",,https://documents.ncsl.org/wwwncsl/Elections/Legis_Control_2-2021.pdf
ID,2025,Republican,Republican,True,Republican,Republican,True,Republican,Republican,True,2025 State & Legislative Partisan Composition 29-Aug-25,,https://documents.ncsl.org/wwwncsl/Elections/Legis_Control_2025_8.29.25.pdf
IL,2015,Republican,Republican,True,Democratic,Democratic,True,Divided,Divided,True,"2015 State and Legislative Partisan Composition (As of Jan. 25, 2015-11 a.m. MT)",,https://documents.ncsl.org/wwwncsl/Elections/Legis_Control_2015.pdf
IL,2016,Republican,Republican,True,Democratic,Democratic,True,Divided,Divided,True,"2016 State and Legislative Partisan Composition (Jan. 29, 2016)",,https://documents.ncsl.org/wwwncsl/Elections/Legis_Control_2016.pdf
IL,2017,Republican,Republican,True,Democratic,Democratic,True,Divided,Divided,True,"2017 State & Legislative Partisan Composition (March 1, 2017, 9 am)",,https://documents.ncsl.org/wwwncsl/Elections/Legis_Control_2017_March_1_9%20am.pdf
IL,2018,Republican,Republican,True,Democratic,Democratic,True,Divided,Divided,True,"2018 State & Legislative Partisan Composition (January 10th, 2018)",,https://documents.ncsl.org/wwwncsl/Elections/Legis_Control_011018_26973.pdf
IL,2019,Democratic,Democratic,True,Democratic,Democratic,True,Democratic,Democratic,True,"2019 State & Legislative Partisan Composition (February 1st, 2019)",,https://documents.ncsl.org/wwwncsl/Elections/Legis_Control_2019_February%201st.pdf
IL,2020,Democratic,Democratic,True,Democratic,Democratic,True,Democratic,Democratic,True,"2020 State & Legislative Partisan Composition (April 1st, 2020)",,https://documents.ncsl.org/wwwncsl/Elections/Legis_Control_2020_April%201.pdf
IL,2021,Democratic,Democratic,True,Democratic,Democratic,True,Democratic,Democratic,True,"2021 State & Legislative Partisan Composition FINAL (Feb. 1, 2021)",,https://documents.ncsl.org/wwwncsl/Elections/Legis_Control_2-2021.pdf
IL,2025,Democratic,Democratic,True,Democratic,Democratic,True,Democratic,Democratic,True,2025 State & Legislative Partisan Composition 29-Aug-25,,https://documents.ncsl.org/wwwncsl/Elections/Legis_Control_2025_8.29.25.pdf
IN,2015,Republican,Republican,True,Republican,Republican,True,Republican,Republican,True,"2015 State and Legislative Partisan Composition (As of Jan. 25, 2015-11 a.m. MT)",,https://documents.ncsl.org/wwwncsl/Elections/Legis_Control_2015.pdf
IN,2016,Republican,Republican,True,Republican,Republican,True,Republican,Republican,True,"2016 State and Legislative Partisan Composition (Jan. 29, 2016)",,https://documents.ncsl.org/wwwncsl/Elections/Legis_Control_2016.pdf
IN,2017,Republican,Republican,True,Republican,Republican,True,Republican,Republican,True,"2017 State & Legislative Partisan Composition (March 1, 2017, 9 am)",,https://documents.ncsl.org/wwwncsl/Elections/Legis_Control_2017_March_1_9%20am.pdf
IN,2018,Republican,Republican,True,Republican,Republican,True,Republican,Republican,True,"2018 State & Legislative Partisan Composition (January 10th, 2018)",,https://documents.ncsl.org/wwwncsl/Elections/Legis_Control_011018_26973.pdf
IN,2019,Republican,Republican,True,Republican,Republican,True,Republican,Republican,True,"2019 State & Legislative Partisan Composition (February 1st, 2019)",,https://documents.ncsl.org/wwwncsl/Elections/Legis_Control_2019_February%201st.pdf
IN,2020,Republican,Republican,True,Republican,Republican,True,Republican,Republican,True,"2020 State & Legislative Partisan Composition (April 1st, 2020)",,https://documents.ncsl.org/wwwncsl/Elections/Legis_Control_2020_April%201.pdf
IN,2021,Republican,Republican,True,Republican,Republican,True,Republican,Republican,True,"2021 State & Legislative Partisan Composition FINAL (Feb. 1, 2021)",,https://documents.ncsl.org/wwwncsl/Elections/Legis_Control_2-2021.pdf
IN,2025,Republican,Republican,True,Republican,Republican,True,Republican,Republican,True,2025 State & Legislative Partisan Composition 29-Aug-25,,https://documents.ncsl.org/wwwncsl/Elections/Legis_Control_2025_8.29.25.pdf
KS,2015,Republican,Republican,True,Republican,Republican,True,Republican,Republican,True,"2015 State and Legislative Partisan Composition (As of Jan. 25, 2015-11 a.m. MT)",,https://documents.ncsl.org/wwwncsl/Elections/Legis_Control_2015.pdf
KS,2016,Republican,Republican,True,Republican,Republican,True,Republican,Republican,True,"2016 State and Legislative Partisan Composition (Jan. 29, 2016)",,https://documents.ncsl.org/wwwncsl/Elections/Legis_Control_2016.pdf
KS,2017,Republican,Republican,True,Republican,Republican,True,Republican,Republican,True,"2017 State & Legislative Partisan Composition (March 1, 2017, 9 am)",,https://documents.ncsl.org/wwwncsl/Elections/Legis_Control_2017_March_1_9%20am.pdf
KS,2018,Republican,Republican,True,Republican,Republican,True,Republican,Republican,True,"2018 State & Legislative Partisan Composition (January 10th, 2018)",,https://documents.ncsl.org/wwwncsl/Elections/Legis_Control_011018_26973.pdf
KS,2019,Democratic,Democratic,True,Republican,Republican,True,Divided,Divided,True,"2019 State & Legislative Partisan Composition (February 1st, 2019)",,https://documents.ncsl.org/wwwncsl/Elections/Legis_Control_2019_February%201st.pdf
KS,2020,Democratic,Democratic,True,Republican,Republican,True,Divided,Divided,True,"2020 State & Legislative Partisan Composition (April 1st, 2020)",,https://documents.ncsl.org/wwwncsl/Elections/Legis_Control_2020_April%201.pdf
KS,2021,Democratic,Democratic,True,Republican,Republican,True,Divided,Divided,True,"2021 State & Legislative Partisan Composition FINAL (Feb. 1, 2021)",,https://documents.ncsl.org/wwwncsl/Elections/Legis_Control_2-2021.pdf
KS,2025,Democratic,Democratic,True,Republican,Republican,True,Divided,Divided,True,2025 State & Legislative Partisan Composition 29-Aug-25,,https://documents.ncsl.org/wwwncsl/Elections/Legis_Control_2025_8.29.25.pdf
KY,2015,Democratic,Democratic,True,Split,Split,True,Divided,Divided,True,"2015 State and Legislative Partisan Composition (As of Jan. 25, 2015-11 a.m. MT)",,https://documents.ncsl.org/wwwncsl/Elections/Legis_Control_2015.pdf
KY,2016,Republican,Republican,True,Split,Split,True,Divided,Divided,True,"2016 State and Legislative Partisan Composition (Jan. 29, 2016)",,https://documents.ncsl.org/wwwncsl/Elections/Legis_Control_2016.pdf
KY,2017,Republican,Republican,True,Republican,Republican,True,Republican,Republican,True,"2017 State & Legislative Partisan Composition (March 1, 2017, 9 am)",,https://documents.ncsl.org/wwwncsl/Elections/Legis_Control_2017_March_1_9%20am.pdf
KY,2018,Republican,Republican,True,Republican,Republican,True,Republican,Republican,True,"2018 State & Legislative Partisan Composition (January 10th, 2018)",,https://documents.ncsl.org/wwwncsl/Elections/Legis_Control_011018_26973.pdf
KY,2019,Republican,Republican,True,Republican,Republican,True,Republican,Republican,True,"2019 State & Legislative Partisan Composition (February 1st, 2019)",,https://documents.ncsl.org/wwwncsl/Elections/Legis_Control_2019_February%201st.pdf
KY,2020,Democratic,Democratic,True,Republican,Republican,True,Divided,Divided,True,"2020 State & Legislative Partisan Composition (April 1st, 2020)",,https://documents.ncsl.org/wwwncsl/Elections/Legis_Control_2020_April%201.pdf
KY,2021,Democratic,Democratic,True,Republican,Republican,True,Divided,Divided,True,"2021 State & Legislative Partisan Composition FINAL (Feb. 1, 2021)",,https://documents.ncsl.org/wwwncsl/Elections/Legis_Control_2-2021.pdf
KY,2025,Democratic,Democratic,True,Republican,Republican,True,Divided,Divided,True,2025 State & Legislative Partisan Composition 29-Aug-25,,https://documents.ncsl.org/wwwncsl/Elections/Legis_Control_2025_8.29.25.pdf
LA,2015,Republican,Republican,True,Republican,Republican,True,Republican,Republican,True,"2015 State and Legislative Partisan Composition (As of Jan. 25, 2015-11 a.m. MT)",,https://documents.ncsl.org/wwwncsl/Elections/Legis_Control_2015.pdf
LA,2016,Democratic,Republican,False,Republican,Republican,True,Divided,Republican,False,"2016 State and Legislative Partisan Composition (Jan. 29, 2016)",,https://documents.ncsl.org/wwwncsl/Elections/Legis_Control_2016.pdf
LA,2017,Democratic,Democratic,True,Republican,Republican,True,Divided,Divided,True,"2017 State & Legislative Partisan Composition (March 1, 2017, 9 am)",,https://documents.ncsl.org/wwwncsl/Elections/Legis_Control_2017_March_1_9%20am.pdf
LA,2018,Democratic,Democratic,True,Republican,Republican,True,Divided,Divided,True,"2018 State & Legislative Partisan Composition (January 10th, 2018)",,https://documents.ncsl.org/wwwncsl/Elections/Legis_Control_011018_26973.pdf
LA,2019,Democratic,Democratic,True,Republican,Republican,True,Divided,Divided,True,"2019 State & Legislative Partisan Composition (February 1st, 2019)",,https://documents.ncsl.org/wwwncsl/Elections/Legis_Control_2019_February%201st.pdf
LA,2020,Democratic,Democratic,True,Republican,Republican,True,Divided,Divided,True,"2020 State & Legislative Partisan Composition (April 1st, 2020)",,https://documents.ncsl.org/wwwncsl/Elections/Legis_Control_2020_April%201.pdf
LA,2021,Democratic,Democratic,True,Republican,Republican,True,Divided,Divided,True,"2021 State & Legislative Partisan Composition FINAL (Feb. 1, 2021)",,https://documents.ncsl.org/wwwncsl/Elections/Legis_Control_2-2021.pdf
LA,2025,Republican,Republican,True,Republican,Republican,True,Republican,Republican,True,2025 State & Legislative Partisan Composition 29-Aug-25,,https://documents.ncsl.org/wwwncsl/Elections/Legis_Control_2025_8.29.25.pdf
MA,2015,Republican,Republican,True,Democratic,Democratic,True,Divided,Divided,True,"2015 State and Legislative Partisan Composition (As of Jan. 25, 2015-11 a.m. MT)",,https://documents.ncsl.org/wwwncsl/Elections/Legis_Control_2015.pdf
MA,2016,Republican,Republican,True,Democratic,Democratic,True,Divided,Divided,True,"2016 State and Legislative Partisan Composition (Jan. 29, 2016)",,https://documents.ncsl.org/wwwncsl/Elections/Legis_Control_2016.pdf
MA,2017,Republican,Republican,True,Democratic,Democratic,True,Divided,Divided,True,"2017 State & Legislative Partisan Composition (March 1, 2017, 9 am)",,https://documents.ncsl.org/wwwncsl/Elections/Legis_Control_2017_March_1_9%20am.pdf
MA,2018,Republican,Republican,True,Democratic,Democratic,True,Divided,Divided,True,"2018 State & Legislative Partisan Composition (January 10th, 2018)",,https://documents.ncsl.org/wwwncsl/Elections/Legis_Control_011018_26973.pdf
MA,2019,Republican,Republican,True,Democratic,Democratic,True,Divided,Divided,True,"2019 State & Legislative Partisan Composition (February 1st, 2019)",,https://documents.ncsl.org/wwwncsl/Elections/Legis_Control_2019_February%201st.pdf
MA,2020,Republican,Republican,True,Democratic,Democratic,True,Divided,Divided,True,"2020 State & Legislative Partisan Composition (April 1st, 2020)",,https://documents.ncsl.org/wwwncsl/Elections/Legis_Control_2020_April%201.pdf
MA,2021,Republican,Republican,True,Democratic,Democratic,True,Divided,Divided,True,"2021 State & Legislative Partisan Composition FINAL (Feb. 1, 2021)",,https://documents.ncsl.org/wwwncsl/Elections/Legis_Control_2-2021.pdf
MA,2025,Democratic,Democratic,True,Democratic,Democratic,True,Democratic,Democratic,True,2025 State & Legislative Partisan Composition 29-Aug-25,,https://documents.ncsl.org/wwwncsl/Elections/Legis_Control_2025_8.29.25.pdf
MD,2015,Republican,Republican,True,Democratic,Democratic,True,Divided,Divided,True,"2015 State and Legislative Partisan Composition (As of Jan. 25, 2015-11 a.m. MT)",,https://documents.ncsl.org/wwwncsl/Elections/Legis_Control_2015.pdf
MD,2016,Republican,Republican,True,Democratic,Democratic,True,Divided,Divided,True,"2016 State and Legislative Partisan Composition (Jan. 29, 2016)",,https://documents.ncsl.org/wwwncsl/Elections/Legis_Control_2016.pdf
MD,2017,Republican,Republican,True,Democratic,Democratic,True,Divided,Divided,True,"2017 State & Legislative Partisan Composition (March 1, 2017, 9 am)",,https://documents.ncsl.org/wwwncsl/Elections/Legis_Control_2017_March_1_9%20am.pdf
MD,2018,Republican,Republican,True,Democratic,Democratic,True,Divided,Divided,True,"2018 State & Legislative Partisan Composition (January 10th, 2018)",,https://documents.ncsl.org/wwwncsl/Elections/Legis_Control_011018_26973.pdf
MD,2019,Republican,Republican,True,Democratic,Democratic,True,Divided,Divided,True,"2019 State & Legislative Partisan Composition (February 1st, 2019)",,https://documents.ncsl.org/wwwncsl/Elections/Legis_Control_2019_February%201st.pdf
MD,2020,Republican,Republican,True,Democratic,Democratic,True,Divided,Divided,True,"2020 State & Legislative Partisan Composition (April 1st, 2020)",,https://documents.ncsl.org/wwwncsl/Elections/Legis_Control_2020_April%201.pdf
MD,2021,Republican,Republican,True,Democratic,Democratic,True,Divided,Divided,True,"2021 State & Legislative Partisan Composition FINAL (Feb. 1, 2021)",,https://documents.ncsl.org/wwwncsl/Elections/Legis_Control_2-2021.pdf
MD,2025,Democratic,Democratic,True,Democratic,Democratic,True,Democratic,Democratic,True,2025 State & Legislative Partisan Composition 29-Aug-25,,https://documents.ncsl.org/wwwncsl/Elections/Legis_Control_2025_8.29.25.pdf
ME,2015,Republican,Republican,True,Split,Split,True,Divided,Divided,True,"2015 State and Legislative Partisan Composition (As of Jan. 25, 2015-11 a.m. MT)",,https://documents.ncsl.org/wwwncsl/Elections/Legis_Control_2015.pdf
ME,2016,Republican,Republican,True,Split,Split,True,Divided,Divided,True,"2016 State and Legislative Partisan Composition (Jan. 29, 2016)",,https://documents.ncsl.org/wwwncsl/Elections/Legis_Control_2016.pdf
ME,2017,Republican,Republican,True,Split,Split,True,Divided,Divided,True,"2017 State & Legislative Partisan Composition (March 1, 2017, 9 am)",,https://documents.ncsl.org/wwwncsl/Elections/Legis_Control_2017_March_1_9%20am.pdf
ME,2018,Republican,Republican,True,Split,Split,True,Divided,Divided,True,"2018 State & Legislative Partisan Composition (January 10th, 2018)",,https://documents.ncsl.org/wwwncsl/Elections/Legis_Control_011018_26973.pdf
ME,2019,Democratic,Democratic,True,Democratic,Democratic,True,Democratic,Democratic,True,"2019 State & Legislative Partisan Composition (February 1st, 2019)",,https://documents.ncsl.org/wwwncsl/Elections/Legis_Control_2019_February%201st.pdf
ME,2020,Democratic,Democratic,True,Democratic,Democratic,True,Democratic,Democratic,True,"2020 State & Legislative Partisan Composition (April 1st, 2020)",,https://documents.ncsl.org/wwwncsl/Elections/Legis_Control_2020_April%201.pdf
ME,2021,Democratic,Democratic,True,Democratic,Democratic,True,Democratic,Democratic,True,"2021 State & Legislative Partisan Composition FINAL (Feb. 1, 2021)",,https://documents.ncsl.org/wwwncsl/Elections/Legis_Control_2-2021.pdf
ME,2025,Democratic,Democratic,True,Democratic,Democratic,True,Democratic,Democratic,True,2025 State & Legislative Partisan Composition 29-Aug-25,,https://documents.ncsl.org/wwwncsl/Elections/Legis_Control_2025_8.29.25.pdf
MI,2015,Republican,Republican,True,Republican,Republican,True,Republican,Republican,True,"2015 State and Legislative Partisan Composition (As of Jan. 25, 2015-11 a.m. MT)",,https://documents.ncsl.org/wwwncsl/Elections/Legis_Control_2015.pdf
MI,2016,Republican,Republican,True,Republican,Republican,True,Republican,Republican,True,"2016 State and Legislative Partisan Composition (Jan. 29, 2016)",,https://documents.ncsl.org/wwwncsl/Elections/Legis_Control_2016.pdf
MI,2017,Republican,Republican,True,Republican,Republican,True,Republican,Republican,True,"2017 State & Legislative Partisan Composition (March 1, 2017, 9 am)",,https://documents.ncsl.org/wwwncsl/Elections/Legis_Control_2017_March_1_9%20am.pdf
MI,2018,Republican,Republican,True,Republican,Republican,True,Republican,Republican,True,"2018 State & Legislative Partisan Composition (January 10th, 2018)",,https://documents.ncsl.org/wwwncsl/Elections/Legis_Control_011018_26973.pdf
MI,2019,Democratic,Democratic,True,Republican,Republican,True,Divided,Divided,True,"2019 State & Legislative Partisan Composition (February 1st, 2019)",,https://documents.ncsl.org/wwwncsl/Elections/Legis_Control_2019_February%201st.pdf
MI,2020,Democratic,Democratic,True,Republican,Republican,True,Divided,Divided,True,"2020 State & Legislative Partisan Composition (April 1st, 2020)",,https://documents.ncsl.org/wwwncsl/Elections/Legis_Control_2020_April%201.pdf
MI,2021,Democratic,Democratic,True,Republican,Republican,True,Divided,Divided,True,"2021 State & Legislative Partisan Composition FINAL (Feb. 1, 2021)",,https://documents.ncsl.org/wwwncsl/Elections/Legis_Control_2-2021.pdf
MI,2025,Democratic,Democratic,True,Split,Split,True,Divided,Divided,True,2025 State & Legislative Partisan Composition 29-Aug-25,,https://documents.ncsl.org/wwwncsl/Elections/Legis_Control_2025_8.29.25.pdf
MN,2015,Democratic,Democratic,True,Split,Split,True,Divided,Divided,True,"2015 State and Legislative Partisan Composition (As of Jan. 25, 2015-11 a.m. MT)",,https://documents.ncsl.org/wwwncsl/Elections/Legis_Control_2015.pdf
MN,2016,Democratic,Democratic,True,Split,Split,True,Divided,Divided,True,"2016 State and Legislative Partisan Composition (Jan. 29, 2016)",,https://documents.ncsl.org/wwwncsl/Elections/Legis_Control_2016.pdf
MN,2017,Democratic,Democratic,True,Republican,Republican,True,Divided,Divided,True,"2017 State & Legislative Partisan Composition (March 1, 2017, 9 am)",,https://documents.ncsl.org/wwwncsl/Elections/Legis_Control_2017_March_1_9%20am.pdf
MN,2018,Democratic,Democratic,True,Republican,Republican,True,Divided,Divided,True,"2018 State & Legislative Partisan Composition (January 10th, 2018)",,https://documents.ncsl.org/wwwncsl/Elections/Legis_Control_011018_26973.pdf
MN,2019,Democratic,Democratic,True,Split,Split,True,Divided,Divided,True,"2019 State & Legislative Partisan Composition (February 1st, 2019)",,https://documents.ncsl.org/wwwncsl/Elections/Legis_Control_2019_February%201st.pdf
MN,2020,Democratic,Democratic,True,Split,Split,True,Divided,Divided,True,"2020 State & Legislative Partisan Composition (April 1st, 2020)",,https://documents.ncsl.org/wwwncsl/Elections/Legis_Control_2020_April%201.pdf
MN,2021,Democratic,Democratic,True,Split,Split,True,Divided,Divided,True,"2021 State & Legislative Partisan Composition FINAL (Feb. 1, 2021)",,https://documents.ncsl.org/wwwncsl/Elections/Legis_Control_2-2021.pdf
MN,2025,Democratic,Democratic,True,Split,Split,True,Divided,Divided,True,2025 State & Legislative Partisan Composition 29-Aug-25,,https://documents.ncsl.org/wwwncsl/Elections/Legis_Control_2025_8.29.25.pdf
MO,2015,Democratic,Democratic,True,Republican,Republican,True,Divided,Divided,True,"2015 State and Legislative Partisan Composition (As of Jan. 25, 2015-11 a.m. MT)",,https://documents.ncsl.org/wwwncsl/Elections/Legis_Control_2015.pdf
MO,2016,Democratic,Democratic,True,Republican,Republican,True,Divided,Divided,True,"2016 State and Legislative Partisan Composition (Jan. 29, 2016)",,https://documents.ncsl.org/wwwncsl/Elections/Legis_Control_2016.pdf
MO,2017,Republican,Republican,True,Republican,Republican,True,Republican,Republican,True,"2017 State & Legislative Partisan Composition (March 1, 2017, 9 am)",,https://documents.ncsl.org/wwwncsl/Elections/Legis_Control_2017_March_1_9%20am.pdf
MO,2018,Republican,Republican,True,Republican,Republican,True,Republican,Republican,True,"2018 State & Legislative Partisan Composition (January 10th, 2018)",,https://documents.ncsl.org/wwwncsl/Elections/Legis_Control_011018_26973.pdf
MO,2019,Republican,Republican,True,Republican,Republican,True,Republican,Republican,True,"2019 State & Legislative Partisan Composition (February 1st, 2019)",,https://documents.ncsl.org/wwwncsl/Elections/Legis_Control_2019_February%201st.pdf
MO,2020,Republican,Republican,True,Republican,Republican,True,Republican,Republican,True,"2020 State & Legislative Partisan Composition (April 1st, 2020)",,https://documents.ncsl.org/wwwncsl/Elections/Legis_Control_2020_April%201.pdf
MO,2021,Republican,Republican,True,Republican,Republican,True,Republican,Republican,True,"2021 State & Legislative Partisan Composition FINAL (Feb. 1, 2021)",,https://documents.ncsl.org/wwwncsl/Elections/Legis_Control_2-2021.pdf
MO,2025,Republican,Republican,True,Republican,Republican,True,Republican,Republican,True,2025 State & Legislative Partisan Composition 29-Aug-25,,https://documents.ncsl.org/wwwncsl/Elections/Legis_Control_2025_8.29.25.pdf
MS,2015,Republican,Republican,True,Republican,Republican,True,Republican,Republican,True,"2015 State and Legislative Partisan Composition (As of Jan. 25, 2015-11 a.m. MT)",,https://documents.ncsl.org/wwwncsl/Elections/Legis_Control_2015.pdf
MS,2016,Republican,Republican,True,Republican,Republican,True,Republican,Republican,True,"2016 State and Legislative Partisan Composition (Jan. 29, 2016)",,https://documents.ncsl.org/wwwncsl/Elections/Legis_Control_2016.pdf
MS,2017,Republican,Republican,True,Republican,Republican,True,Republican,Republican,True,"2017 State & Legislative Partisan Composition (March 1, 2017, 9 am)",,https://documents.ncsl.org/wwwncsl/Elections/Legis_Control_2017_March_1_9%20am.pdf
MS,2018,Republican,Republican,True,Republican,Republican,True,Republican,Republican,True,"2018 State & Legislative Partisan Composition (January 10th, 2018)",,https://documents.ncsl.org/wwwncsl/Elections/Legis_Control_011018_26973.pdf
MS,2019,Republican,Republican,True,Republican,Republican,True,Republican,Republican,True,"2019 State & Legislative Partisan Composition (February 1st, 2019)",,https://documents.ncsl.org/wwwncsl/Elections/Legis_Control_2019_February%201st.pdf
MS,2020,Republican,Republican,True,Republican,Republican,True,Republican,Republican,True,"2020 State & Legislative Partisan Composition (April 1st, 2020)",,https://documents.ncsl.org/wwwncsl/Elections/Legis_Control_2020_April%201.pdf
MS,2021,Republican,Republican,True,Republican,Republican,True,Republican,Republican,True,"2021 State & Legislative Partisan Composition FINAL (Feb. 1, 2021)",,https://documents.ncsl.org/wwwncsl/Elections/Legis_Control_2-2021.pdf
MS,2025,Republican,Republican,True,Republican,Republican,True,Republican,Republican,True,2025 State & Legislative Partisan Composition 29-Aug-25,,https://documents.ncsl.org/wwwncsl/Elections/Legis_Control_2025_8.29.25.pdf
MT,2015,Democratic,Democratic,True,Republican,Republican,True,Divided,Divided,True,"2015 State and Legislative Partisan Composition (As of Jan. 25, 2015-11 a.m. MT)",,https://documents.ncsl.org/wwwncsl/Elections/Legis_Control_2015.pdf
MT,2016,Democratic,Democratic,True,Republican,Republican,True,Divided,Divided,True,"2016 State and Legislative Partisan Composition (Jan. 29, 2016)",,https://documents.ncsl.org/wwwncsl/Elections/Legis_Control_2016.pdf
MT,2017,Democratic,Democratic,True,Republican,Republican,True,Divided,Divided,True,"2017 State & Legislative Partisan Composition (March 1, 2017, 9 am)",,https://documents.ncsl.org/wwwncsl/Elections/Legis_Control_2017_March_1_9%20am.pdf
MT,2018,Democratic,Democratic,True,Republican,Republican,True,Divided,Divided,True,"2018 State & Legislative Partisan Composition (January 10th, 2018)",,https://documents.ncsl.org/wwwncsl/Elections/Legis_Control_011018_26973.pdf
MT,2019,Democratic,Democratic,True,Republican,Republican,True,Divided,Divided,True,"2019 State & Legislative Partisan Composition (February 1st, 2019)",,https://documents.ncsl.org/wwwncsl/Elections/Legis_Control_2019_February%201st.pdf
MT,2020,Democratic,Democratic,True,Republican,Republican,True,Divided,Divided,True,"2020 State & Legislative Partisan Composition (April 1st, 2020)",,https://documents.ncsl.org/wwwncsl/Elections/Legis_Control_2020_April%201.pdf
MT,2021,Republican,Republican,True,Republican,Republican,True,Republican,Republican,True,"2021 State & Legislative Partisan Composition FINAL (Feb. 1, 2021)",,https://documents.ncsl.org/wwwncsl/Elections/Legis_Control_2-2021.pdf
MT,2025,Republican,Republican,True,Republican,Republican,True,Republican,Republican,True,2025 State & Legislative Partisan Composition 29-Aug-25,,https://documents.ncsl.org/wwwncsl/Elections/Legis_Control_2025_8.29.25.pdf
NC,2015,Republican,Republican,True,Republican,Republican,True,Republican,Republican,True,"2015 State and Legislative Partisan Composition (As of Jan. 25, 2015-11 a.m. MT)",,https://documents.ncsl.org/wwwncsl/Elections/Legis_Control_2015.pdf
NC,2016,Republican,Republican,True,Republican,Republican,True,Republican,Republican,True,"2016 State and Legislative Partisan Composition (Jan. 29, 2016)",,https://documents.ncsl.org/wwwncsl/Elections/Legis_Control_2016.pdf
NC,2017,Democratic,Democratic,True,Republican,Republican,True,Divided,Divided,True,"2017 State & Legislative Partisan Composition (March 1, 2017, 9 am)",,https://documents.ncsl.org/wwwncsl/Elections/Legis_Control_2017_March_1_9%20am.pdf
NC,2018,Democratic,Democratic,True,Republican,Republican,True,Divided,Divided,True,"2018 State & Legislative Partisan Composition (January 10th, 2018)",,https://documents.ncsl.org/wwwncsl/Elections/Legis_Control_011018_26973.pdf
NC,2019,Democratic,Democratic,True,Republican,Republican,True,Divided,Divided,True,"2019 State & Legislative Partisan Composition (February 1st, 2019)",,https://documents.ncsl.org/wwwncsl/Elections/Legis_Control_2019_February%201st.pdf
NC,2020,Democratic,Democratic,True,Republican,Republican,True,Divided,Divided,True,"2020 State & Legislative Partisan Composition (April 1st, 2020)",,https://documents.ncsl.org/wwwncsl/Elections/Legis_Control_2020_April%201.pdf
NC,2021,Democratic,Democratic,True,Republican,Republican,True,Divided,Divided,True,"2021 State & Legislative Partisan Composition FINAL (Feb. 1, 2021)",,https://documents.ncsl.org/wwwncsl/Elections/Legis_Control_2-2021.pdf
NC,2025,Democratic,Democratic,True,Republican,Republican,True,Divided,Divided,True,2025 State & Legislative Partisan Composition 29-Aug-25,,https://documents.ncsl.org/wwwncsl/Elections/Legis_Control_2025_8.29.25.pdf
ND,2015,Republican,Republican,True,Republican,Republican,True,Republican,Republican,True,"2015 State and Legislative Partisan Composition (As of Jan. 25, 2015-11 a.m. MT)",,https://documents.ncsl.org/wwwncsl/Elections/Legis_Control_2015.pdf
ND,2016,Republican,Republican,True,Republican,Republican,True,Republican,Republican,True,"2016 State and Legislative Partisan Composition (Jan. 29, 2016)",,https://documents.ncsl.org/wwwncsl/Elections/Legis_Control_2016.pdf
ND,2017,Republican,Republican,True,Republican,Republican,True,Republican,Republican,True,"2017 State & Legislative Partisan Composition (March 1, 2017, 9 am)",,https://documents.ncsl.org/wwwncsl/Elections/Legis_Control_2017_March_1_9%20am.pdf
ND,2018,Republican,Republican,True,Republican,Republican,True,Republican,Republican,True,"2018 State & Legislative Partisan Composition (January 10th, 2018)",,https://documents.ncsl.org/wwwncsl/Elections/Legis_Control_011018_26973.pdf
ND,2019,Republican,Republican,True,Republican,Republican,True,Republican,Republican,True,"2019 State & Legislative Partisan Composition (February 1st, 2019)",,https://documents.ncsl.org/wwwncsl/Elections/Legis_Control_2019_February%201st.pdf
ND,2020,Republican,Republican,True,Republican,Republican,True,Republican,Republican,True,"2020 State & Legislative Partisan Composition (April 1st, 2020)",,https://documents.ncsl.org/wwwncsl/Elections/Legis_Control_2020_April%201.pdf
ND,2021,Republican,Republican,True,Republican,Republican,True,Republican,Republican,True,"2021 State & Legislative Partisan Composition FINAL (Feb. 1, 2021)",,https://documents.ncsl.org/wwwncsl/Elections/Legis_Control_2-2021.pdf
ND,2025,Republican,Republican,True,Republican,Republican,True,Republican,Republican,True,2025 State & Legislative Partisan Composition 29-Aug-25,,https://documents.ncsl.org/wwwncsl/Elections/Legis_Control_2025_8.29.25.pdf
NE,2015,Republican,Republican,True,Nonpartisan,Nonpartisan,True,Nonpartisan legislature,Nonpartisan legislature,True,"2015 State and Legislative Partisan Composition (As of Jan. 25, 2015-11 a.m. MT)",,https://documents.ncsl.org/wwwncsl/Elections/Legis_Control_2015.pdf
NE,2016,Republican,Republican,True,Nonpartisan,Nonpartisan,True,Nonpartisan legislature,Nonpartisan legislature,True,"2016 State and Legislative Partisan Composition (Jan. 29, 2016)",,https://documents.ncsl.org/wwwncsl/Elections/Legis_Control_2016.pdf
NE,2017,Republican,Republican,True,Nonpartisan,Nonpartisan,True,Nonpartisan legislature,Nonpartisan legislature,True,"2017 State & Legislative Partisan Composition (March 1, 2017, 9 am)",,https://documents.ncsl.org/wwwncsl/Elections/Legis_Control_2017_March_1_9%20am.pdf
NE,2018,Republican,Republican,True,Nonpartisan,Nonpartisan,True,Nonpartisan legislature,Nonpartisan legislature,True,"2018 State & Legislative Partisan Composition (January 10th, 2018)",,https://documents.ncsl.org/wwwncsl/Elections/Legis_Control_011018_26973.pdf
NE,2019,Republican,Republican,True,Nonpartisan,Nonpartisan,True,Nonpartisan legislature,Nonpartisan legislature,True,"2019 State & Legislative Partisan Composition (February 1st, 2019)",,https://documents.ncsl.org/wwwncsl/Elections/Legis_Control_2019_February%201st.pdf
NE,2020,Republican,Republican,True,Nonpartisan,Nonpartisan,True,Nonpartisan legislature,Nonpartisan legislature,True,"2020 State & Legislative Partisan Composition (April 1st, 2020)",,https://documents.ncsl.org/wwwncsl/Elections/Legis_Control_2020_April%201.pdf
NE,2021,Republican,Republican,True,Nonpartisan,Nonpartisan,True,Nonpartisan legislature,Nonpartisan legislature,True,"2021 State & Legislative Partisan Composition FINAL (Feb. 1, 2021)",,https://documents.ncsl.org/wwwncsl/Elections/Legis_Control_2-2021.pdf
NE,2025,Republican,Republican,True,Nonpartisan,Nonpartisan,True,Nonpartisan legislature,Nonpartisan legislature,True,2025 State & Legislative Partisan Composition 29-Aug-25,,https://documents.ncsl.org/wwwncsl/Elections/Legis_Control_2025_8.29.25.pdf
NH,2015,Democratic,Democratic,True,Republican,Republican,True,Divided,Divided,True,"2015 State and Legislative Partisan Composition (As of Jan. 25, 2015-11 a.m. MT)",,https://documents.ncsl.org/wwwncsl/Elections/Legis_Control_2015.pdf
NH,2016,Democratic,Democratic,True,Republican,Republican,True,Divided,Divided,True,"2016 State and Legislative Partisan Composition (Jan. 29, 2016)",,https://documents.ncsl.org/wwwncsl/Elections/Legis_Control_2016.pdf
NH,2017,Republican,Republican,True,Republican,Republican,True,Republican,Republican,True,"2017 State & Legislative Partisan Composition (March 1, 2017, 9 am)",,https://documents.ncsl.org/wwwncsl/Elections/Legis_Control_2017_March_1_9%20am.pdf
NH,2018,Republican,Republican,True,Republican,Republican,True,Republican,Republican,True,"2018 State & Legislative Partisan Composition (January 10th, 2018)",,https://documents.ncsl.org/wwwncsl/Elections/Legis_Control_011018_26973.pdf
NH,2019,Republican,Republican,True,Democratic,Democratic,True,Divided,Divided,True,"2019 State & Legislative Partisan Composition (February 1st, 2019)",,https://documents.ncsl.org/wwwncsl/Elections/Legis_Control_2019_February%201st.pdf
NH,2020,Republican,Republican,True,Democratic,Democratic,True,Divided,Divided,True,"2020 State & Legislative Partisan Composition (April 1st, 2020)",,https://documents.ncsl.org/wwwncsl/Elections/Legis_Control_2020_April%201.pdf
NH,2021,Republican,Republican,True,Republican,Republican,True,Republican,Republican,True,"2021 State & Legislative Partisan Composition FINAL (Feb. 1, 2021)",,https://documents.ncsl.org/wwwncsl/Elections/Legis_Control_2-2021.pdf
NH,2025,Republican,Republican,True,Republican,Republican,True,Republican,Republican,True,2025 State & Legislative Partisan Composition 29-Aug-25,,https://documents.ncsl.org/wwwncsl/Elections/Legis_Control_2025_8.29.25.pdf
NJ,2015,Republican,Republican,True,Democratic,Democratic,True,Divided,Divided,True,"2015 State and Legislative Partisan Composition (As of Jan. 25, 2015-11 a.m. MT)",,https://documents.ncsl.org/wwwncsl/Elections/Legis_Control_2015.pdf
NJ,2016,Republican,Republican,True,Democratic,Democratic,True,Divided,Divided,True,"2016 State and Legislative Partisan Composition (Jan. 29, 2016)",,https://documents.ncsl.org/wwwncsl/Elections/Legis_Control_2016.pdf
NJ,2017,Republican,Republican,True,Democratic,Democratic,True,Divided,Divided,True,"2017 State & Legislative Partisan Composition (March 1, 2017, 9 am)",,https://documents.ncsl.org/wwwncsl/Elections/Legis_Control_2017_March_1_9%20am.pdf
NJ,2018,Democratic,Democratic,True,Democratic,Democratic,True,Democratic,Democratic,True,"2018 State & Legislative Partisan Composition (January 10th, 2018)",,https://documents.ncsl.org/wwwncsl/Elections/Legis_Control_011018_26973.pdf
NJ,2019,Democratic,Democratic,True,Democratic,Democratic,True,Democratic,Democratic,True,"2019 State & Legislative Partisan Composition (February 1st, 2019)",,https://documents.ncsl.org/wwwncsl/Elections/Legis_Control_2019_February%201st.pdf
NJ,2020,Democratic,Democratic,True,Democratic,Democratic,True,Democratic,Democratic,True,"2020 State & Legislative Partisan Composition (April 1st, 2020)",,https://documents.ncsl.org/wwwncsl/Elections/Legis_Control_2020_April%201.pdf
NJ,2021,Democratic,Democratic,True,Democratic,Democratic,True,Democratic,Democratic,True,"2021 State & Legislative Partisan Composition FINAL (Feb. 1, 2021)",,https://documents.ncsl.org/wwwncsl/Elections/Legis_Control_2-2021.pdf
NJ,2025,Democratic,Democratic,True,Democratic,Democratic,True,Democratic,Democratic,True,2025 State & Legislative Partisan Composition 29-Aug-25,,https://documents.ncsl.org/wwwncsl/Elections/Legis_Control_2025_8.29.25.pdf
NM,2015,Republican,Republican,True,Split,Split,True,Divided,Divided,True,"2015 State and Legislative Partisan Composition (As of Jan. 25, 2015-11 a.m. MT)",,https://documents.ncsl.org/wwwncsl/Elections/Legis_Control_2015.pdf
NM,2016,Republican,Republican,True,Split,Split,True,Divided,Divided,True,"2016 State and Legislative Partisan Composition (Jan. 29, 2016)",,https://documents.ncsl.org/wwwncsl/Elections/Legis_Control_2016.pdf
NM,2017,Republican,Republican,True,Democratic,Democratic,True,Divided,Divided,True,"2017 State & Legislative Partisan Composition (March 1, 2017, 9 am)",,https://documents.ncsl.org/wwwncsl/Elections/Legis_Control_2017_March_1_9%20am.pdf
NM,2018,Republican,Republican,True,Democratic,Democratic,True,Divided,Divided,True,"2018 State & Legislative Partisan Composition (January 10th, 2018)",,https://documents.ncsl.org/wwwncsl/Elections/Legis_Control_011018_26973.pdf
NM,2019,Democratic,Democratic,True,Democratic,Democratic,True,Democratic,Democratic,True,"2019 State & Legislative Partisan Composition (February 1st, 2019)",,https://documents.ncsl.org/wwwncsl/Elections/Legis_Control_2019_February%201st.pdf
NM,2020,Democratic,Democratic,True,Democratic,Democratic,True,Democratic,Democratic,True,"2020 State & Legislative Partisan Composition (April 1st, 2020)",,https://documents.ncsl.org/wwwncsl/Elections/Legis_Control_2020_April%201.pdf
NM,2021,Democratic,Democratic,True,Democratic,Democratic,True,Democratic,Democratic,True,"2021 State & Legislative Partisan Composition FINAL (Feb. 1, 2021)",,https://documents.ncsl.org/wwwncsl/Elections/Legis_Control_2-2021.pdf
NM,2025,Democratic,Democratic,True,Democratic,Democratic,True,Democratic,Democratic,True,2025 State & Legislative Partisan Composition 29-Aug-25,,https://documents.ncsl.org/wwwncsl/Elections/Legis_Control_2025_8.29.25.pdf
NV,2015,Republican,Republican,True,Republican,Republican,True,Republican,Republican,True,"2015 State and Legislative Partisan Composition (As of Jan. 25, 2015-11 a.m. MT)",,https://documents.ncsl.org/wwwncsl/Elections/Legis_Control_2015.pdf
NV,2016,Republican,Republican,True,Republican,Republican,True,Republican,Republican,True,"2016 State and Legislative Partisan Composition (Jan. 29, 2016)",,https://documents.ncsl.org/wwwncsl/Elections/Legis_Control_2016.pdf
NV,2017,Republican,Republican,True,Democratic,Democratic,True,Divided,Divided,True,"2017 State & Legislative Partisan Composition (March 1, 2017, 9 am)",,https://documents.ncsl.org/wwwncsl/Elections/Legis_Control_2017_March_1_9%20am.pdf
NV,2018,Republican,Republican,True,Democratic,Democratic,True,Divided,Divided,True,"2018 State & Legislative Partisan Composition (January 10th, 2018)",,https://documents.ncsl.org/wwwncsl/Elections/Legis_Control_011018_26973.pdf
NV,2019,Democratic,Democratic,True,Democratic,Democratic,True,Democratic,Democratic,True,"2019 State & Legislative Partisan Composition (February 1st, 2019)",,https://documents.ncsl.org/wwwncsl/Elections/Legis_Control_2019_February%201st.pdf
NV,2020,Democratic,Democratic,True,Democratic,Democratic,True,Democratic,Democratic,True,"2020 State & Legislative Partisan Composition (April 1st, 2020)",,https://documents.ncsl.org/wwwncsl/Elections/Legis_Control_2020_April%201.pdf
NV,2021,Democratic,Democratic,True,Democratic,Democratic,True,Democratic,Democratic,True,"2021 State & Legislative Partisan Composition FINAL (Feb. 1, 2021)",,https://documents.ncsl.org/wwwncsl/Elections/Legis_Control_2-2021.pdf
NV,2025,Republican,Republican,True,Democratic,Democratic,True,Divided,Divided,True,2025 State & Legislative Partisan Composition 29-Aug-25,,https://documents.ncsl.org/wwwncsl/Elections/Legis_Control_2025_8.29.25.pdf
NY,2015,Democratic,Democratic,True,Split,Split,True,Divided,Divided,True,"2015 State and Legislative Partisan Composition (As of Jan. 25, 2015-11 a.m. MT)",,https://documents.ncsl.org/wwwncsl/Elections/Legis_Control_2015.pdf
NY,2016,Democratic,Democratic,True,Split,Split,True,Divided,Divided,True,"2016 State and Legislative Partisan Composition (Jan. 29, 2016)",,https://documents.ncsl.org/wwwncsl/Elections/Legis_Control_2016.pdf
NY,2017,Democratic,Democratic,True,Split,Democratic,False,Divided,Democratic,False,"2017 State & Legislative Partisan Composition (March 1, 2017, 9 am)","*Notes: AK H--controlled by coalition w/Ds functional control; CT S -- LG Wyman (D) casts tie-breaking votes; NY S--controlled by coalition w/Rs functional control; WA S-- controlled by coalition w/Rs functional control; VT's ""other"" are 6 Independents & 7 Progressives",https://documents.ncsl.org/wwwncsl/Elections/Legis_Control_2017_March_1_9%20am.pdf
NY,2018,Democratic,Democratic,True,Split,Split,True,Divided,Divided,True,"2018 State & Legislative Partisan Composition (January 10th, 2018)",,https://documents.ncsl.org/wwwncsl/Elections/Legis_Control_011018_26973.pdf
NY,2019,Democratic,Democratic,True,Democratic,Democratic,True,Democratic,Democratic,True,"2019 State & Legislative Partisan Composition (February 1st, 2019)",,https://documents.ncsl.org/wwwncsl/Elections/Legis_Control_2019_February%201st.pdf
NY,2020,Democratic,Democratic,True,Democratic,Democratic,True,Democratic,Democratic,True,"2020 State & Legislative Partisan Composition (April 1st, 2020)",,https://documents.ncsl.org/wwwncsl/Elections/Legis_Control_2020_April%201.pdf
NY,2021,Democratic,Democratic,True,Democratic,Democratic,True,Democratic,Democratic,True,"2021 State & Legislative Partisan Composition FINAL (Feb. 1, 2021)",,https://documents.ncsl.org/wwwncsl/Elections/Legis_Control_2-2021.pdf
NY,2025,Democratic,Democratic,True,Democratic,Democratic,True,Democratic,Democratic,True,2025 State & Legislative Partisan Composition 29-Aug-25,,https://documents.ncsl.org/wwwncsl/Elections/Legis_Control_2025_8.29.25.pdf
OH,2015,Republican,Republican,True,Republican,Republican,True,Republican,Republican,True,"2015 State and Legislative Partisan Composition (As of Jan. 25, 2015-11 a.m. MT)",,https://documents.ncsl.org/wwwncsl/Elections/Legis_Control_2015.pdf
OH,2016,Republican,Republican,True,Republican,Republican,True,Republican,Republican,True,"2016 State and Legislative Partisan Composition (Jan. 29, 2016)",,https://documents.ncsl.org/wwwncsl/Elections/Legis_Control_2016.pdf
OH,2017,Republican,Republican,True,Republican,Republican,True,Republican,Republican,True,"2017 State & Legislative Partisan Composition (March 1, 2017, 9 am)",,https://documents.ncsl.org/wwwncsl/Elections/Legis_Control_2017_March_1_9%20am.pdf
OH,2018,Republican,Republican,True,Republican,Republican,True,Republican,Republican,True,"2018 State & Legislative Partisan Composition (January 10th, 2018)",,https://documents.ncsl.org/wwwncsl/Elections/Legis_Control_011018_26973.pdf
OH,2019,Republican,Republican,True,Republican,Republican,True,Republican,Republican,True,"2019 State & Legislative Partisan Composition (February 1st, 2019)",,https://documents.ncsl.org/wwwncsl/Elections/Legis_Control_2019_February%201st.pdf
OH,2020,Republican,Republican,True,Republican,Republican,True,Republican,Republican,True,"2020 State & Legislative Partisan Composition (April 1st, 2020)",,https://documents.ncsl.org/wwwncsl/Elections/Legis_Control_2020_April%201.pdf
OH,2021,Republican,Republican,True,Republican,Republican,True,Republican,Republican,True,"2021 State & Legislative Partisan Composition FINAL (Feb. 1, 2021)",,https://documents.ncsl.org/wwwncsl/Elections/Legis_Control_2-2021.pdf
OH,2025,Republican,Republican,True,Republican,Republican,True,Republican,Republican,True,2025 State & Legislative Partisan Composition 29-Aug-25,,https://documents.ncsl.org/wwwncsl/Elections/Legis_Control_2025_8.29.25.pdf
OK,2015,Republican,Republican,True,Republican,Republican,True,Republican,Republican,True,"2015 State and Legislative Partisan Composition (As of Jan. 25, 2015-11 a.m. MT)",,https://documents.ncsl.org/wwwncsl/Elections/Legis_Control_2015.pdf
OK,2016,Republican,Republican,True,Republican,Republican,True,Republican,Republican,True,"2016 State and Legislative Partisan Composition (Jan. 29, 2016)",,https://documents.ncsl.org/wwwncsl/Elections/Legis_Control_2016.pdf
OK,2017,Republican,Republican,True,Republican,Republican,True,Republican,Republican,True,"2017 State & Legislative Partisan Composition (March 1, 2017, 9 am)",,https://documents.ncsl.org/wwwncsl/Elections/Legis_Control_2017_March_1_9%20am.pdf
OK,2018,Republican,Republican,True,Republican,Republican,True,Republican,Republican,True,"2018 State & Legislative Partisan Composition (January 10th, 2018)",,https://documents.ncsl.org/wwwncsl/Elections/Legis_Control_011018_26973.pdf
OK,2019,Republican,Republican,True,Republican,Republican,True,Republican,Republican,True,"2019 State & Legislative Partisan Composition (February 1st, 2019)",,https://documents.ncsl.org/wwwncsl/Elections/Legis_Control_2019_February%201st.pdf
OK,2020,Republican,Republican,True,Republican,Republican,True,Republican,Republican,True,"2020 State & Legislative Partisan Composition (April 1st, 2020)",,https://documents.ncsl.org/wwwncsl/Elections/Legis_Control_2020_April%201.pdf
OK,2021,Republican,Republican,True,Republican,Republican,True,Republican,Republican,True,"2021 State & Legislative Partisan Composition FINAL (Feb. 1, 2021)",,https://documents.ncsl.org/wwwncsl/Elections/Legis_Control_2-2021.pdf
OK,2025,Republican,Republican,True,Republican,Republican,True,Republican,Republican,True,2025 State & Legislative Partisan Composition 29-Aug-25,,https://documents.ncsl.org/wwwncsl/Elections/Legis_Control_2025_8.29.25.pdf
OR,2015,Democratic,Democratic,True,Democratic,Democratic,True,Democratic,Democratic,True,"2015 State and Legislative Partisan Composition (As of Jan. 25, 2015-11 a.m. MT)",,https://documents.ncsl.org/wwwncsl/Elections/Legis_Control_2015.pdf
OR,2016,Democratic,Democratic,True,Democratic,Democratic,True,Democratic,Democratic,True,"2016 State and Legislative Partisan Composition (Jan. 29, 2016)",,https://documents.ncsl.org/wwwncsl/Elections/Legis_Control_2016.pdf
OR,2017,Democratic,Democratic,True,Democratic,Democratic,True,Democratic,Democratic,True,"2017 State & Legislative Partisan Composition (March 1, 2017, 9 am)",,https://documents.ncsl.org/wwwncsl/Elections/Legis_Control_2017_March_1_9%20am.pdf
OR,2018,Democratic,Democratic,True,Democratic,Democratic,True,Democratic,Democratic,True,"2018 State & Legislative Partisan Composition (January 10th, 2018)",,https://documents.ncsl.org/wwwncsl/Elections/Legis_Control_011018_26973.pdf
OR,2019,Democratic,Democratic,True,Democratic,Democratic,True,Democratic,Democratic,True,"2019 State & Legislative Partisan Composition (February 1st, 2019)",,https://documents.ncsl.org/wwwncsl/Elections/Legis_Control_2019_February%201st.pdf
OR,2020,Democratic,Democratic,True,Democratic,Democratic,True,Democratic,Democratic,True,"2020 State & Legislative Partisan Composition (April 1st, 2020)",,https://documents.ncsl.org/wwwncsl/Elections/Legis_Control_2020_April%201.pdf
OR,2021,Democratic,Democratic,True,Democratic,Democratic,True,Democratic,Democratic,True,"2021 State & Legislative Partisan Composition FINAL (Feb. 1, 2021)",,https://documents.ncsl.org/wwwncsl/Elections/Legis_Control_2-2021.pdf
OR,2025,Democratic,Democratic,True,Democratic,Democratic,True,Democratic,Democratic,True,2025 State & Legislative Partisan Composition 29-Aug-25,,https://documents.ncsl.org/wwwncsl/Elections/Legis_Control_2025_8.29.25.pdf
PA,2015,Democratic,Democratic,True,Republican,Republican,True,Divided,Divided,True,"2015 State and Legislative Partisan Composition (As of Jan. 25, 2015-11 a.m. MT)",,https://documents.ncsl.org/wwwncsl/Elections/Legis_Control_2015.pdf
PA,2016,Democratic,Democratic,True,Republican,Republican,True,Divided,Divided,True,"2016 State and Legislative Partisan Composition (Jan. 29, 2016)",,https://documents.ncsl.org/wwwncsl/Elections/Legis_Control_2016.pdf
PA,2017,Democratic,Democratic,True,Republican,Republican,True,Divided,Divided,True,"2017 State & Legislative Partisan Composition (March 1, 2017, 9 am)",,https://documents.ncsl.org/wwwncsl/Elections/Legis_Control_2017_March_1_9%20am.pdf
PA,2018,Democratic,Democratic,True,Republican,Republican,True,Divided,Divided,True,"2018 State & Legislative Partisan Composition (January 10th, 2018)",,https://documents.ncsl.org/wwwncsl/Elections/Legis_Control_011018_26973.pdf
PA,2019,Democratic,Democratic,True,Republican,Republican,True,Divided,Divided,True,"2019 State & Legislative Partisan Composition (February 1st, 2019)",,https://documents.ncsl.org/wwwncsl/Elections/Legis_Control_2019_February%201st.pdf
PA,2020,Democratic,Democratic,True,Republican,Republican,True,Divided,Divided,True,"2020 State & Legislative Partisan Composition (April 1st, 2020)",,https://documents.ncsl.org/wwwncsl/Elections/Legis_Control_2020_April%201.pdf
PA,2021,Democratic,Democratic,True,Republican,Republican,True,Divided,Divided,True,"2021 State & Legislative Partisan Composition FINAL (Feb. 1, 2021)",,https://documents.ncsl.org/wwwncsl/Elections/Legis_Control_2-2021.pdf
PA,2025,Democratic,Democratic,True,Split,Split,True,Divided,Divided,True,2025 State & Legislative Partisan Composition 29-Aug-25,,https://documents.ncsl.org/wwwncsl/Elections/Legis_Control_2025_8.29.25.pdf
RI,2015,Democratic,Democratic,True,Democratic,Democratic,True,Democratic,Democratic,True,"2015 State and Legislative Partisan Composition (As of Jan. 25, 2015-11 a.m. MT)",,https://documents.ncsl.org/wwwncsl/Elections/Legis_Control_2015.pdf
RI,2016,Democratic,Democratic,True,Democratic,Democratic,True,Democratic,Democratic,True,"2016 State and Legislative Partisan Composition (Jan. 29, 2016)",,https://documents.ncsl.org/wwwncsl/Elections/Legis_Control_2016.pdf
RI,2017,Democratic,Democratic,True,Democratic,Democratic,True,Democratic,Democratic,True,"2017 State & Legislative Partisan Composition (March 1, 2017, 9 am)",,https://documents.ncsl.org/wwwncsl/Elections/Legis_Control_2017_March_1_9%20am.pdf
RI,2018,Democratic,Democratic,True,Democratic,Democratic,True,Democratic,Democratic,True,"2018 State & Legislative Partisan Composition (January 10th, 2018)",,https://documents.ncsl.org/wwwncsl/Elections/Legis_Control_011018_26973.pdf
RI,2019,Democratic,Democratic,True,Democratic,Democratic,True,Democratic,Democratic,True,"2019 State & Legislative Partisan Composition (February 1st, 2019)",,https://documents.ncsl.org/wwwncsl/Elections/Legis_Control_2019_February%201st.pdf
RI,2020,Democratic,Democratic,True,Democratic,Democratic,True,Democratic,Democratic,True,"2020 State & Legislative Partisan Composition (April 1st, 2020)",,https://documents.ncsl.org/wwwncsl/Elections/Legis_Control_2020_April%201.pdf
RI,2021,Democratic,Democratic,True,Democratic,Democratic,True,Democratic,Democratic,True,"2021 State & Legislative Partisan Composition FINAL (Feb. 1, 2021)",,https://documents.ncsl.org/wwwncsl/Elections/Legis_Control_2-2021.pdf
RI,2025,Democratic,Democratic,True,Democratic,Democratic,True,Democratic,Democratic,True,2025 State & Legislative Partisan Composition 29-Aug-25,,https://documents.ncsl.org/wwwncsl/Elections/Legis_Control_2025_8.29.25.pdf
SC,2015,Republican,Republican,True,Republican,Republican,True,Republican,Republican,True,"2015 State and Legislative Partisan Composition (As of Jan. 25, 2015-11 a.m. MT)",,https://documents.ncsl.org/wwwncsl/Elections/Legis_Control_2015.pdf
SC,2016,Republican,Republican,True,Republican,Republican,True,Republican,Republican,True,"2016 State and Legislative Partisan Composition (Jan. 29, 2016)",,https://documents.ncsl.org/wwwncsl/Elections/Legis_Control_2016.pdf
SC,2017,Republican,Republican,True,Republican,Republican,True,Republican,Republican,True,"2017 State & Legislative Partisan Composition (March 1, 2017, 9 am)",,https://documents.ncsl.org/wwwncsl/Elections/Legis_Control_2017_March_1_9%20am.pdf
SC,2018,Republican,Republican,True,Republican,Republican,True,Republican,Republican,True,"2018 State & Legislative Partisan Composition (January 10th, 2018)",,https://documents.ncsl.org/wwwncsl/Elections/Legis_Control_011018_26973.pdf
SC,2019,Republican,Republican,True,Republican,Republican,True,Republican,Republican,True,"2019 State & Legislative Partisan Composition (February 1st, 2019)",,https://documents.ncsl.org/wwwncsl/Elections/Legis_Control_2019_February%201st.pdf
SC,2020,Republican,Republican,True,Republican,Republican,True,Republican,Republican,True,"2020 State & Legislative Partisan Composition (April 1st, 2020)",,https://documents.ncsl.org/wwwncsl/Elections/Legis_Control_2020_April%201.pdf
SC,2021,Republican,Republican,True,Republican,Republican,True,Republican,Republican,True,"2021 State & Legislative Partisan Composition FINAL (Feb. 1, 2021)",,https://documents.ncsl.org/wwwncsl/Elections/Legis_Control_2-2021.pdf
SC,2025,Republican,Republican,True,Republican,Republican,True,Republican,Republican,True,2025 State & Legislative Partisan Composition 29-Aug-25,,https://documents.ncsl.org/wwwncsl/Elections/Legis_Control_2025_8.29.25.pdf
SD,2015,Republican,Republican,True,Republican,Republican,True,Republican,Republican,True,"2015 State and Legislative Partisan Composition (As of Jan. 25, 2015-11 a.m. MT)",,https://documents.ncsl.org/wwwncsl/Elections/Legis_Control_2015.pdf
SD,2016,Republican,Republican,True,Republican,Republican,True,Republican,Republican,True,"2016 State and Legislative Partisan Composition (Jan. 29, 2016)",,https://documents.ncsl.org/wwwncsl/Elections/Legis_Control_2016.pdf
SD,2017,Republican,Republican,True,Republican,Republican,True,Republican,Republican,True,"2017 State & Legislative Partisan Composition (March 1, 2017, 9 am)",,https://documents.ncsl.org/wwwncsl/Elections/Legis_Control_2017_March_1_9%20am.pdf
SD,2018,Republican,Republican,True,Republican,Republican,True,Republican,Republican,True,"2018 State & Legislative Partisan Composition (January 10th, 2018)",,https://documents.ncsl.org/wwwncsl/Elections/Legis_Control_011018_26973.pdf
SD,2019,Republican,Republican,True,Republican,Republican,True,Republican,Republican,True,"2019 State & Legislative Partisan Composition (February 1st, 2019)",,https://documents.ncsl.org/wwwncsl/Elections/Legis_Control_2019_February%201st.pdf
SD,2020,Republican,Republican,True,Republican,Republican,True,Republican,Republican,True,"2020 State & Legislative Partisan Composition (April 1st, 2020)",,https://documents.ncsl.org/wwwncsl/Elections/Legis_Control_2020_April%201.pdf
SD,2021,Republican,Republican,True,Republican,Republican,True,Republican,Republican,True,"2021 State & Legislative Partisan Composition FINAL (Feb. 1, 2021)",,https://documents.ncsl.org/wwwncsl/Elections/Legis_Control_2-2021.pdf
SD,2025,Republican,Republican,True,Republican,Republican,True,Republican,Republican,True,2025 State & Legislative Partisan Composition 29-Aug-25,,https://documents.ncsl.org/wwwncsl/Elections/Legis_Control_2025_8.29.25.pdf
TN,2015,Republican,Republican,True,Republican,Republican,True,Republican,Republican,True,"2015 State and Legislative Partisan Composition (As of Jan. 25, 2015-11 a.m. MT)",,https://documents.ncsl.org/wwwncsl/Elections/Legis_Control_2015.pdf
TN,2016,Republican,Republican,True,Republican,Republican,True,Republican,Republican,True,"2016 State and Legislative Partisan Composition (Jan. 29, 2016)",,https://documents.ncsl.org/wwwncsl/Elections/Legis_Control_2016.pdf
TN,2017,Republican,Republican,True,Republican,Republican,True,Republican,Republican,True,"2017 State & Legislative Partisan Composition (March 1, 2017, 9 am)",,https://documents.ncsl.org/wwwncsl/Elections/Legis_Control_2017_March_1_9%20am.pdf
TN,2018,Republican,Republican,True,Republican,Republican,True,Republican,Republican,True,"2018 State & Legislative Partisan Composition (January 10th, 2018)",,https://documents.ncsl.org/wwwncsl/Elections/Legis_Control_011018_26973.pdf
TN,2019,Republican,Republican,True,Republican,Republican,True,Republican,Republican,True,"2019 State & Legislative Partisan Composition (February 1st, 2019)",,https://documents.ncsl.org/wwwncsl/Elections/Legis_Control_2019_February%201st.pdf
TN,2020,Republican,Republican,True,Republican,Republican,True,Republican,Republican,True,"2020 State & Legislative Partisan Composition (April 1st, 2020)",,https://documents.ncsl.org/wwwncsl/Elections/Legis_Control_2020_April%201.pdf
TN,2021,Republican,Republican,True,Republican,Republican,True,Republican,Republican,True,"2021 State & Legislative Partisan Composition FINAL (Feb. 1, 2021)",,https://documents.ncsl.org/wwwncsl/Elections/Legis_Control_2-2021.pdf
TN,2025,Republican,Republican,True,Republican,Republican,True,Republican,Republican,True,2025 State & Legislative Partisan Composition 29-Aug-25,,https://documents.ncsl.org/wwwncsl/Elections/Legis_Control_2025_8.29.25.pdf
TX,2015,Republican,Republican,True,Republican,Republican,True,Republican,Republican,True,"2015 State and Legislative Partisan Composition (As of Jan. 25, 2015-11 a.m. MT)",,https://documents.ncsl.org/wwwncsl/Elections/Legis_Control_2015.pdf
TX,2016,Republican,Republican,True,Republican,Republican,True,Republican,Republican,True,"2016 State and Legislative Partisan Composition (Jan. 29, 2016)",,https://documents.ncsl.org/wwwncsl/Elections/Legis_Control_2016.pdf
TX,2017,Republican,Republican,True,Republican,Republican,True,Republican,Republican,True,"2017 State & Legislative Partisan Composition (March 1, 2017, 9 am)",,https://documents.ncsl.org/wwwncsl/Elections/Legis_Control_2017_March_1_9%20am.pdf
TX,2018,Republican,Republican,True,Republican,Republican,True,Republican,Republican,True,"2018 State & Legislative Partisan Composition (January 10th, 2018)",,https://documents.ncsl.org/wwwncsl/Elections/Legis_Control_011018_26973.pdf
TX,2019,Republican,Republican,True,Republican,Republican,True,Republican,Republican,True,"2019 State & Legislative Partisan Composition (February 1st, 2019)",,https://documents.ncsl.org/wwwncsl/Elections/Legis_Control_2019_February%201st.pdf
TX,2020,Republican,Republican,True,Republican,Republican,True,Republican,Republican,True,"2020 State & Legislative Partisan Composition (April 1st, 2020)",,https://documents.ncsl.org/wwwncsl/Elections/Legis_Control_2020_April%201.pdf
TX,2021,Republican,Republican,True,Republican,Republican,True,Republican,Republican,True,"2021 State & Legislative Partisan Composition FINAL (Feb. 1, 2021)",,https://documents.ncsl.org/wwwncsl/Elections/Legis_Control_2-2021.pdf
TX,2025,Republican,Republican,True,Republican,Republican,True,Republican,Republican,True,2025 State & Legislative Partisan Composition 29-Aug-25,,https://documents.ncsl.org/wwwncsl/Elections/Legis_Control_2025_8.29.25.pdf
UT,2015,Republican,Republican,True,Republican,Republican,True,Republican,Republican,True,"2015 State and Legislative Partisan Composition (As of Jan. 25, 2015-11 a.m. MT)",,https://documents.ncsl.org/wwwncsl/Elections/Legis_Control_2015.pdf
UT,2016,Republican,Republican,True,Republican,Republican,True,Republican,Republican,True,"2016 State and Legislative Partisan Composition (Jan. 29, 2016)",,https://documents.ncsl.org/wwwncsl/Elections/Legis_Control_2016.pdf
UT,2017,Republican,Republican,True,Republican,Republican,True,Republican,Republican,True,"2017 State & Legislative Partisan Composition (March 1, 2017, 9 am)",,https://documents.ncsl.org/wwwncsl/Elections/Legis_Control_2017_March_1_9%20am.pdf
UT,2018,Republican,Republican,True,Republican,Republican,True,Republican,Republican,True,"2018 State & Legislative Partisan Composition (January 10th, 2018)",,https://documents.ncsl.org/wwwncsl/Elections/Legis_Control_011018_26973.pdf
UT,2019,Republican,Republican,True,Republican,Republican,True,Republican,Republican,True,"2019 State & Legislative Partisan Composition (February 1st, 2019)",,https://documents.ncsl.org/wwwncsl/Elections/Legis_Control_2019_February%201st.pdf
UT,2020,Republican,Republican,True,Republican,Republican,True,Republican,Republican,True,"2020 State & Legislative Partisan Composition (April 1st, 2020)",,https://documents.ncsl.org/wwwncsl/Elections/Legis_Control_2020_April%201.pdf
UT,2021,Republican,Republican,True,Republican,Republican,True,Republican,Republican,True,"2021 State & Legislative Partisan Composition FINAL (Feb. 1, 2021)",,https://documents.ncsl.org/wwwncsl/Elections/Legis_Control_2-2021.pdf
UT,2025,Republican,Republican,True,Republican,Republican,True,Republican,Republican,True,2025 State & Legislative Partisan Composition 29-Aug-25,,https://documents.ncsl.org/wwwncsl/Elections/Legis_Control_2025_8.29.25.pdf
VA,2015,Democratic,Democratic,True,Republican,Republican,True,Divided,Divided,True,"2015 State and Legislative Partisan Composition (As of Jan. 25, 2015-11 a.m. MT)",,https://documents.ncsl.org/wwwncsl/Elections/Legis_Control_2015.pdf
VA,2016,Democratic,Democratic,True,Republican,Republican,True,Divided,Divided,True,"2016 State and Legislative Partisan Composition (Jan. 29, 2016)",,https://documents.ncsl.org/wwwncsl/Elections/Legis_Control_2016.pdf
VA,2017,Democratic,Democratic,True,Republican,Republican,True,Divided,Divided,True,"2017 State & Legislative Partisan Composition (March 1, 2017, 9 am)",,https://documents.ncsl.org/wwwncsl/Elections/Legis_Control_2017_March_1_9%20am.pdf
VA,2018,Democratic,Democratic,True,Republican,Republican,True,Divided,Divided,True,"2018 State & Legislative Partisan Composition (January 10th, 2018)",,https://documents.ncsl.org/wwwncsl/Elections/Legis_Control_011018_26973.pdf
VA,2019,Democratic,Democratic,True,Republican,Republican,True,Divided,Divided,True,"2019 State & Legislative Partisan Composition (February 1st, 2019)",,https://documents.ncsl.org/wwwncsl/Elections/Legis_Control_2019_February%201st.pdf
VA,2020,Democratic,Democratic,True,Democratic,Democratic,True,Democratic,Democratic,True,"2020 State & Legislative Partisan Composition (April 1st, 2020)",,https://documents.ncsl.org/wwwncsl/Elections/Legis_Control_2020_April%201.pdf
VA,2021,Democratic,Democratic,True,Democratic,Democratic,True,Democratic,Democratic,True,"2021 State & Legislative Partisan Composition FINAL (Feb. 1, 2021)",,https://documents.ncsl.org/wwwncsl/Elections/Legis_Control_2-2021.pdf
VA,2025,Republican,Republican,True,Democratic,Democratic,True,Divided,Divided,True,2025 State & Legislative Partisan Composition 29-Aug-25,,https://documents.ncsl.org/wwwncsl/Elections/Legis_Control_2025_8.29.25.pdf
VT,2015,Democratic,Democratic,True,Democratic,Democratic,True,Democratic,Democratic,True,"2015 State and Legislative Partisan Composition (As of Jan. 25, 2015-11 a.m. MT)",,https://documents.ncsl.org/wwwncsl/Elections/Legis_Control_2015.pdf
VT,2016,Democratic,Democratic,True,Democratic,Democratic,True,Democratic,Democratic,True,"2016 State and Legislative Partisan Composition (Jan. 29, 2016)",,https://documents.ncsl.org/wwwncsl/Elections/Legis_Control_2016.pdf
VT,2017,Republican,Republican,True,Democratic,Democratic,True,Divided,Divided,True,"2017 State & Legislative Partisan Composition (March 1, 2017, 9 am)","*Notes: AK H--controlled by coalition w/Ds functional control; CT S -- LG Wyman (D) casts tie-breaking votes; NY S--controlled by coalition w/Rs functional control; WA S-- controlled by coalition w/Rs functional control; VT's ""other"" are 6 Independents & 7 Progressives",https://documents.ncsl.org/wwwncsl/Elections/Legis_Control_2017_March_1_9%20am.pdf
VT,2018,Republican,Republican,True,Democratic,Democratic,True,Divided,Divided,True,"2018 State & Legislative Partisan Composition (January 10th, 2018)","*Notes: AK H--controlled by coalition w/Ds functional control; CT S -- LG Wyman (D) casts tie-breaking votes; VT's ""other"" are 7 Independents & 7 Progressives",https://documents.ncsl.org/wwwncsl/Elections/Legis_Control_011018_26973.pdf
VT,2019,Republican,Republican,True,Democratic,Democratic,True,Divided,Divided,True,"2019 State & Legislative Partisan Composition (February 1st, 2019)",,https://documents.ncsl.org/wwwncsl/Elections/Legis_Control_2019_February%201st.pdf
VT,2020,Republican,Republican,True,Democratic,Democratic,True,Divided,Divided,True,"2020 State & Legislative Partisan Composition (April 1st, 2020)",,https://documents.ncsl.org/wwwncsl/Elections/Legis_Control_2020_April%201.pdf
VT,2021,Republican,Republican,True,Democratic,Democratic,True,Divided,Divided,True,"2021 State & Legislative Partisan Composition FINAL (Feb. 1, 2021)",,https://documents.ncsl.org/wwwncsl/Elections/Legis_Control_2-2021.pdf
VT,2025,Republican,Republican,True,Democratic,Democratic,True,Divided,Divided,True,2025 State & Legislative Partisan Composition 29-Aug-25,,https://documents.ncsl.org/wwwncsl/Elections/Legis_Control_2025_8.29.25.pdf
WA,2015,Democratic,Democratic,True,Split,Split,True,Divided,Divided,True,"2015 State and Legislative Partisan Composition (As of Jan. 25, 2015-11 a.m. MT)",,https://documents.ncsl.org/wwwncsl/Elections/Legis_Control_2015.pdf
WA,2016,Democratic,Democratic,True,Split,Split,True,Divided,Divided,True,"2016 State and Legislative Partisan Composition (Jan. 29, 2016)",,https://documents.ncsl.org/wwwncsl/Elections/Legis_Control_2016.pdf
WA,2017,Democratic,Democratic,True,Split,Democratic,False,Divided,Democratic,False,"2017 State & Legislative Partisan Composition (March 1, 2017, 9 am)","*Notes: AK H--controlled by coalition w/Ds functional control; CT S -- LG Wyman (D) casts tie-breaking votes; NY S--controlled by coalition w/Rs functional control; WA S-- controlled by coalition w/Rs functional control; VT's ""other"" are 6 Independents & 7 Progressives",https://documents.ncsl.org/wwwncsl/Elections/Legis_Control_2017_March_1_9%20am.pdf
WA,2018,Democratic,Democratic,True,Democratic,Democratic,True,Democratic,Democratic,True,"2018 State & Legislative Partisan Composition (January 10th, 2018)",,https://documents.ncsl.org/wwwncsl/Elections/Legis_Control_011018_26973.pdf
WA,2019,Democratic,Democratic,True,Democratic,Democratic,True,Democratic,Democratic,True,"2019 State & Legislative Partisan Composition (February 1st, 2019)",,https://documents.ncsl.org/wwwncsl/Elections/Legis_Control_2019_February%201st.pdf
WA,2020,Democratic,Democratic,True,Democratic,Democratic,True,Democratic,Democratic,True,"2020 State & Legislative Partisan Composition (April 1st, 2020)",,https://documents.ncsl.org/wwwncsl/Elections/Legis_Control_2020_April%201.pdf
WA,2021,Democratic,Democratic,True,Democratic,Democratic,True,Democratic,Democratic,True,"2021 State & Legislative Partisan Composition FINAL (Feb. 1, 2021)",,https://documents.ncsl.org/wwwncsl/Elections/Legis_Control_2-2021.pdf
WA,2025,Democratic,Democratic,True,Democratic,Democratic,True,Democratic,Democratic,True,2025 State & Legislative Partisan Composition 29-Aug-25,,https://documents.ncsl.org/wwwncsl/Elections/Legis_Control_2025_8.29.25.pdf
WI,2015,Republican,Republican,True,Republican,Republican,True,Republican,Republican,True,"2015 State and Legislative Partisan Composition (As of Jan. 25, 2015-11 a.m. MT)",,https://documents.ncsl.org/wwwncsl/Elections/Legis_Control_2015.pdf
WI,2016,Republican,Republican,True,Republican,Republican,True,Republican,Republican,True,"2016 State and Legislative Partisan Composition (Jan. 29, 2016)",,https://documents.ncsl.org/wwwncsl/Elections/Legis_Control_2016.pdf
WI,2017,Republican,Republican,True,Republican,Republican,True,Republican,Republican,True,"2017 State & Legislative Partisan Composition (March 1, 2017, 9 am)",,https://documents.ncsl.org/wwwncsl/Elections/Legis_Control_2017_March_1_9%20am.pdf
WI,2018,Republican,Republican,True,Republican,Republican,True,Republican,Republican,True,"2018 State & Legislative Partisan Composition (January 10th, 2018)",,https://documents.ncsl.org/wwwncsl/Elections/Legis_Control_011018_26973.pdf
WI,2019,Democratic,Democratic,True,Republican,Republican,True,Divided,Divided,True,"2019 State & Legislative Partisan Composition (February 1st, 2019)",,https://documents.ncsl.org/wwwncsl/Elections/Legis_Control_2019_February%201st.pdf
WI,2020,Democratic,Democratic,True,Republican,Republican,True,Divided,Divided,True,"2020 State & Legislative Partisan Composition (April 1st, 2020)",,https://documents.ncsl.org/wwwncsl/Elections/Legis_Control_2020_April%201.pdf
WI,2021,Democratic,Democratic,True,Republican,Republican,True,Divided,Divided,True,"2021 State & Legislative Partisan Composition FINAL (Feb. 1, 2021)",,https://documents.ncsl.org/wwwncsl/Elections/Legis_Control_2-2021.pdf
WI,2025,Democratic,Democratic,True,Republican,Republican,True,Divided,Divided,True,2025 State & Legislative Partisan Composition 29-Aug-25,,https://documents.ncsl.org/wwwncsl/Elections/Legis_Control_2025_8.29.25.pdf
WV,2015,Democratic,Democratic,True,Republican,Republican,True,Divided,Divided,True,"2015 State and Legislative Partisan Composition (As of Jan. 25, 2015-11 a.m. MT)",,https://documents.ncsl.org/wwwncsl/Elections/Legis_Control_2015.pdf
WV,2016,Democratic,Democratic,True,Republican,Republican,True,Divided,Divided,True,"2016 State and Legislative Partisan Composition (Jan. 29, 2016)",,https://documents.ncsl.org/wwwncsl/Elections/Legis_Control_2016.pdf
WV,2017,Democratic,Democratic,True,Republican,Republican,True,Divided,Divided,True,"2017 State & Legislative Partisan Composition (March 1, 2017, 9 am)",,https://documents.ncsl.org/wwwncsl/Elections/Legis_Control_2017_March_1_9%20am.pdf
WV,2018,Republican,Republican,True,Republican,Republican,True,Republican,Republican,True,"2018 State & Legislative Partisan Composition (January 10th, 2018)",,https://documents.ncsl.org/wwwncsl/Elections/Legis_Control_011018_26973.pdf
WV,2019,Republican,Republican,True,Republican,Republican,True,Republican,Republican,True,"2019 State & Legislative Partisan Composition (February 1st, 2019)",,https://documents.ncsl.org/wwwncsl/Elections/Legis_Control_2019_February%201st.pdf
WV,2020,Republican,Republican,True,Republican,Republican,True,Republican,Republican,True,"2020 State & Legislative Partisan Composition (April 1st, 2020)",,https://documents.ncsl.org/wwwncsl/Elections/Legis_Control_2020_April%201.pdf
WV,2021,Republican,Republican,True,Republican,Republican,True,Republican,Republican,True,"2021 State & Legislative Partisan Composition FINAL (Feb. 1, 2021)",,https://documents.ncsl.org/wwwncsl/Elections/Legis_Control_2-2021.pdf
WV,2025,Republican,Republican,True,Republican,Republican,True,Republican,Republican,True,2025 State & Legislative Partisan Composition 29-Aug-25,,https://documents.ncsl.org/wwwncsl/Elections/Legis_Control_2025_8.29.25.pdf
WY,2015,Republican,Republican,True,Republican,Republican,True,Republican,Republican,True,"2015 State and Legislative Partisan Composition (As of Jan. 25, 2015-11 a.m. MT)",,https://documents.ncsl.org/wwwncsl/Elections/Legis_Control_2015.pdf
WY,2016,Republican,Republican,True,Republican,Republican,True,Republican,Republican,True,"2016 State and Legislative Partisan Composition (Jan. 29, 2016)",,https://documents.ncsl.org/wwwncsl/Elections/Legis_Control_2016.pdf
WY,2017,Republican,Republican,True,Republican,Republican,True,Republican,Republican,True,"2017 State & Legislative Partisan Composition (March 1, 2017, 9 am)",,https://documents.ncsl.org/wwwncsl/Elections/Legis_Control_2017_March_1_9%20am.pdf
WY,2018,Republican,Republican,True,Republican,Republican,True,Republican,Republican,True,"2018 State & Legislative Partisan Composition (January 10th, 2018)",,https://documents.ncsl.org/wwwncsl/Elections/Legis_Control_011018_26973.pdf
WY,2019,Republican,Republican,True,Republican,Republican,True,Republican,Republican,True,"2019 State & Legislative Partisan Composition (February 1st, 2019)",,https://documents.ncsl.org/wwwncsl/Elections/Legis_Control_2019_February%201st.pdf
WY,2020,Republican,Republican,True,Republican,Republican,True,Republican,Republican,True,"2020 State & Legislative Partisan Composition (April 1st, 2020)",,https://documents.ncsl.org/wwwncsl/Elections/Legis_Control_2020_April%201.pdf
WY,2021,Republican,Republican,True,Republican,Republican,True,Republican,Republican,True,"2021 State & Legislative Partisan Composition FINAL (Feb. 1, 2021)",,https://documents.ncsl.org/wwwncsl/Elections/Legis_Control_2-2021.pdf
WY,2025,Republican,Republican,True,Republican,Republican,True,Republican,Republican,True,2025 State & Legislative Partisan Composition 29-Aug-25,,https://documents.ncsl.org/wwwncsl/Elections/Legis_Control_2025_8.29.25.pdf
