year,source_file,mark,definition_as_printed
1984,stacks_35267_DS1.pdf,-,No reported cases (p.10)
1984,stacks_35267_DS1.pdf,NA,Data not available (p.10)
1984,stacks_35267_DS1.pdf,NN,(not notifiable) (p.10)
1985,stacks_35429_DS1.pdf,-,"No reported cases (p.6; legend line is present, the symbol after the dotted leader is not legible in the OCR layer)"
1985,stacks_35429_DS1.pdf,NA,Data not available (p.6)
1988,stacks_35958_DS1.pdf,-,"No reported cases (p.7; legend line is present, the symbol after the dotted leader is not legible in the OCR layer)"
1990,stacks_35905_DS1.pdf,-,No reported cases (p.7)
1990,stacks_35905_DS1.pdf,NA,Data not available (p.7)
1990,stacks_35905_DS1.pdf,NN,(not notifiable) (p.7)
1991,stacks_36010_DS1.pdf,-,No reported cases (p.7)
1991,stacks_36010_DS1.pdf,NA,Data not available (p.7)
1991,stacks_36010_DS1.pdf,NN,(not notifiable) (p.7)
1992,stacks_36063_DS1.pdf,-,No reported cases (p.9)
1992,stacks_36063_DS1.pdf,NA,Data not available (p.9)
1992,stacks_36063_DS1.pdf,NN,(not notifiable) (p.9)
1993,mm4253.pdf,-,No reported cases (p.8)
1993,mm4253.pdf,NA,Data not available (p.8)
1993,mm4253.pdf,NN,(not notifiable) (p.8)
1994,mm4353.pdf,-,No reported cases (p.9)
1994,mm4353.pdf,NA,Data not available (p.9)
1994,mm4353.pdf,NN,(not notifiable) (p.9)
1995,mm4453.pdf,-,No reported cases (p.13)
1995,mm4453.pdf,NA,Data not available (p.13)
1995,mm4453.pdf,NN,(not notifiable) (p.13)
1996,mm4553.pdf,-,No reported cases (p.14)
1996,mm4553.pdf,NA,Data not available (p.14)
1996,mm4553.pdf,NN,(not notifiable) (p.14)
1997,mm4654.pdf,-,No reported cases (p.18)
1997,mm4654.pdf,NA,Data not available (p.18)
1997,mm4654.pdf,NN,(not notifiable) (p.18)
1998,mm4753.pdf,-,No reported cases (p.21)
1998,mm4753.pdf,NA,Data not available (p.21)
1998,mm4753.pdf,NN,(not notifiable) (p.21)
1999,mm4853.pdf,-,No reported cases (p.19)
1999,mm4853.pdf,NA,Data not available (p.19)
1999,mm4853.pdf,NN,Report of disease is not required in that jurisdiction (not notifiable) (p.19)
2000,mm4953.pdf,-,No reported cases (p.25)
2000,mm4953.pdf,NA,Data not available (p.25)
2000,mm4953.pdf,NN,Report of disease is not required in that jurisdiction (not notifiable) (p.25)
2001,mm5053.pdf,-,No reported cases (p.27)
2001,mm5053.pdf,NA,Data not available (p.27)
2001,mm5053.pdf,NN,Report of disease is not required in that jurisdiction (not notifiable) (p.27)
2002,mm5153.pdf,-,No reported cases (p.17)
2002,mm5153.pdf,N,Not notifiable (p.20)
2002,mm5153.pdf,NA,Data not available (p.17)
2002,mm5153.pdf,U,Unavailable (p.20)
2003,mm5254.pdf,-,No reported cases. (p.17)
2003,mm5254.pdf,N,"Not notifiable (i.e., report of disease is not required in that jurisdiction. — (p.17)"
2003,mm5254.pdf,NA,Data not available. (p.71)
2003,mm5254.pdf,U,Data not available. (p.17)
2004,mm5353.pdf,-,No reported cases. (p.19)
2004,mm5353.pdf,N,"Not notifiable (i.e., report of disease is not required in that jurisdiction). (p.19)"
2004,mm5353.pdf,U,Data not available. (p.19)
2005,mm5453.pdf,-,No reported cases. (p.19)
2005,mm5453.pdf,N,"Not notifiable (i.e., report of disease is not required in that jurisdiction). (p.19)"
2005,mm5453.pdf,NA,Data not available. (p.75)
2005,mm5453.pdf,U,Data not available. (p.19)
2006,mm5553.pdf,-,No reported cases. (p.21)
2006,mm5553.pdf,N,"Not notifiable (i.e., report of disease is not required in that jurisdiction). (p.21)"
2006,mm5553.pdf,NA,Data not available. (p.75)
2006,mm5553.pdf,U,Data not available. (p.21)
2007,mm5653.pdf,-,No reported cases. (p.23)
2007,mm5653.pdf,N,"Not notifiable (i.e., report of disease is not required in that jurisdiction). (p.23)"
2007,mm5653.pdf,NA,Data not available. (p.79)
2007,mm5653.pdf,U,Data not available. (p.23)
2008,mm5754.pdf,-,No reported cases. (p.20)
2008,mm5754.pdf,N,"Not reportable (i.e., report of disease is not required in that jurisdiction). (p.20)"
2008,mm5754.pdf,NA,Data not available. (p.78)
2008,mm5754.pdf,U,Data not available. (p.20)
2009,mm5853.pdf,-,No reported cases. (p.21)
2009,mm5853.pdf,N,"Not reportable (i.e., report of disease is not required in that jurisdiction). (p.21)"
2009,mm5853.pdf,NA,Data not available. (p.83)
2009,mm5853.pdf,U,Data not available. (p.21)
2010,mm5953.pdf,-,No reported cases. (p.25)
2010,mm5953.pdf,N,"Not reportable (i.e., report of disease is not required in that jurisdiction). (p.25)"
2010,mm5953.pdf,NA,Data not available. (p.93)
2010,mm5953.pdf,U,Data not available. (p.25)
2011,mm6053.pdf,-,No reported cases. (p.27)
2011,mm6053.pdf,N,"Not reportable (i.e., report of disease is not required in that jurisdiction). (p.27)"
2011,mm6053.pdf,NA,Data not available. (p.97)
2011,mm6053.pdf,U,Data not available. (p.27)
2012,mm6153.pdf,-,No reported cases. (p.26)
2012,mm6153.pdf,N,"Not reportable (i.e., report of disease is not required in that jurisdiction). (p.26)"
2012,mm6153.pdf,NA,Data not available. (p.102)
2012,mm6153.pdf,U,Data not available. (p.26)
2013,mm6253.pdf,-,No reported cases. (p.31)
2013,mm6253.pdf,N,"Not reportable (i.e., report of disease is not required in that jurisdiction). (p.31)"
2013,mm6253.pdf,NA,Data not available. (p.107)
2013,mm6253.pdf,U,Data not available. (p.31)
2014,mm6354.pdf,-,No reported cases. (p.31)
2014,mm6354.pdf,N,"Not reportable (i.e., report of disease is not required in that jurisdiction). (p.31)"
2014,mm6354.pdf,U,Data not available. (p.31)
2015,mm6453.pdf,-,No reported cases. (p.32)
2015,mm6453.pdf,N,"Not reportable (i.e., report of disease is not required in that jurisdiction). (p.32)"
2015,mm6453.pdf,U,Data not available. (p.32)
2016,stacks_49381_DS2.txt,-,No reported cases
2016,stacks_49381_DS2.txt,N,Not Reportable
2016,stacks_49381_DS2.txt,U,Unavailable
2016,stacks_49383_DS2.txt,-,No reported cases
2016,stacks_49383_DS2.txt,N,Not Reportable
2016,stacks_49383_DS2.txt,U,Unavailable
2016,stacks_49385_DS2.txt,-,No reported cases
2016,stacks_49385_DS2.txt,N,Not Reportable
2016,stacks_49385_DS2.txt,U,Unavailable
2016,stacks_49386_DS2.txt,-,No reported cases
2016,stacks_49386_DS2.txt,N,Not Reportable
2016,stacks_49386_DS2.txt,U,Unavailable
2016,stacks_49387_DS2.txt,-,No reported cases
2016,stacks_49387_DS2.txt,N,Not Reportable
2016,stacks_49387_DS2.txt,U,Unavailable
2016,stacks_49388_DS2.txt,-,No reported cases
2016,stacks_49388_DS2.txt,N,Not Reportable
2016,stacks_49388_DS2.txt,U,Unavailable
2017,wonder_2017-table2e_wayback_20250109233529.txt,-,No reported cases - The reporting jurisdiction did not submit any cases to CDC.
2017,wonder_2017-table2e_wayback_20250109233529.txt,N,"Not reportable - The disease or condition was not reportable by law, statute, or regulation in the reporting jurisdiction."
2017,wonder_2017-table2e_wayback_20250109233529.txt,U,Unavailable - The data are unavailable.
2017,wonder_2017-table2g_wayback_20241231182110.txt,-,No reported cases - The reporting jurisdiction did not submit any cases to CDC.
2017,wonder_2017-table2g_wayback_20241231182110.txt,N,"Not reportable - The disease or condition was not reportable by law, statute, or regulation in the reporting jurisdiction."
2017,wonder_2017-table2g_wayback_20241231182110.txt,U,Unavailable - The data are unavailable.
2017,wonder_2017-table2i_wayback_20250110024805.txt,-,No reported cases - The reporting jurisdiction did not submit any cases to CDC.
2017,wonder_2017-table2i_wayback_20250110024805.txt,N,"Not reportable - The disease or condition was not reportable by law, statute, or regulation in the reporting jurisdiction."
2017,wonder_2017-table2i_wayback_20250110024805.txt,U,Unavailable - The data are unavailable.
2017,wonder_2017-table2j_wayback_20250108105159.txt,-,No reported cases - The reporting jurisdiction did not submit any cases to CDC.
2017,wonder_2017-table2j_wayback_20250108105159.txt,N,"Not reportable - The disease or condition was not reportable by law, statute, or regulation in the reporting jurisdiction."
2017,wonder_2017-table2j_wayback_20250108105159.txt,U,Unavailable - The data are unavailable.
2017,wonder_2017-table2k_wayback_20250104211127.txt,-,No reported cases - The reporting jurisdiction did not submit any cases to CDC.
2017,wonder_2017-table2k_wayback_20250104211127.txt,N,"Not reportable - The disease or condition was not reportable by law, statute, or regulation in the reporting jurisdiction."
2017,wonder_2017-table2k_wayback_20250104211127.txt,U,Unavailable - The data are unavailable.
2017,wonder_2017-table2l_wayback_20250103192204.txt,-,No reported cases - The reporting jurisdiction did not submit any cases to CDC.
2017,wonder_2017-table2l_wayback_20250103192204.txt,N,"Not reportable - The disease or condition was not reportable by law, statute, or regulation in the reporting jurisdiction."
2017,wonder_2017-table2l_wayback_20250103192204.txt,U,Unavailable - The data are unavailable.
2018,stacks_82388_DS2.txt,-,No reported cases - The reporting jurisdiction did not submit any cases to CDC.
2018,stacks_82388_DS2.txt,N,"Not reportable - The disease or condition was not reportable by law, statute, or regulation in the reporting jurisdiction."
2018,stacks_82388_DS2.txt,U,Unavailable - The data are unavailable.
2018,stacks_82390_DS3.txt,-,No reported cases - The reporting jurisdiction did not submit any cases to CDC.
2018,stacks_82390_DS3.txt,N,"Not reportable - The disease or condition was not reportable by law, statute, or regulation in the reporting jurisdiction."
2018,stacks_82390_DS3.txt,U,Unavailable - The data are unavailable.
2018,stacks_82392_DS3.txt,-,No reported cases - The reporting jurisdiction did not submit any cases to CDC.
2018,stacks_82392_DS3.txt,N,"Not reportable - The disease or condition was not reportable by law, statute, or regulation in the reporting jurisdiction."
2018,stacks_82392_DS3.txt,U,Unavailable - The data are unavailable.
2018,stacks_82393_DS3.txt,-,No reported cases - The reporting jurisdiction did not submit any cases to CDC.
2018,stacks_82393_DS3.txt,N,"Not reportable - The disease or condition was not reportable by law, statute, or regulation in the reporting jurisdiction."
2018,stacks_82393_DS3.txt,U,Unavailable - The data are unavailable.
2018,stacks_82394_DS3.txt,-,No reported cases - The reporting jurisdiction did not submit any cases to CDC.
2018,stacks_82394_DS3.txt,N,"Not reportable - The disease or condition was not reportable by law, statute, or regulation in the reporting jurisdiction."
2018,stacks_82394_DS3.txt,U,Unavailable - The data are unavailable.
2018,stacks_82395_DS3.txt,-,No reported cases - The reporting jurisdiction did not submit any cases to CDC.
2018,stacks_82395_DS3.txt,N,"Not reportable - The disease or condition was not reportable by law, statute, or regulation in the reporting jurisdiction."
2018,stacks_82395_DS3.txt,U,Unavailable - The data are unavailable.
2019,stacks_106480_DS2.txt,-,No reported cases - The reporting jurisdiction did not submit any cases to CDC.
2019,stacks_106480_DS2.txt,N,"Not reportable - The disease or condition was not reportable by law, statute, or regulation in the reporting jurisdiction."
2019,stacks_106480_DS2.txt,U,Unavailable - The data are unavailable.
2019,stacks_106482_DS2.txt,-,No reported cases - The reporting jurisdiction did not submit any cases to CDC.
2019,stacks_106482_DS2.txt,N,"Not reportable - The disease or condition was not reportable by law, statute, or regulation in the reporting jurisdiction."
2019,stacks_106482_DS2.txt,U,Unavailable - The data are unavailable.
2019,stacks_106485_DS2.txt,-,No reported cases - The reporting jurisdiction did not submit any cases to CDC.
2019,stacks_106485_DS2.txt,N,"Not reportable - The disease or condition was not reportable by law, statute, or regulation in the reporting jurisdiction."
2019,stacks_106485_DS2.txt,U,Unavailable - The data are unavailable.
2019,stacks_106486_DS2.txt,-,No reported cases - The reporting jurisdiction did not submit any cases to CDC.
2019,stacks_106486_DS2.txt,N,"Not reportable - The disease or condition was not reportable by law, statute, or regulation in the reporting jurisdiction."
2019,stacks_106486_DS2.txt,U,Unavailable - The data are unavailable.
2019,stacks_106487_DS2.txt,-,No reported cases - The reporting jurisdiction did not submit any cases to CDC.
2019,stacks_106487_DS2.txt,N,"Not reportable - The disease or condition was not reportable by law, statute, or regulation in the reporting jurisdiction."
2019,stacks_106487_DS2.txt,U,Unavailable - The data are unavailable.
2019,stacks_106488_DS2.txt,-,No reported cases - The reporting jurisdiction did not submit any cases to CDC.
2019,stacks_106488_DS2.txt,N,"Not reportable - The disease or condition was not reportable by law, statute, or regulation in the reporting jurisdiction."
2019,stacks_106488_DS2.txt,U,Unavailable - The data are unavailable.
2020,stacks_175634_DS2.txt,-,No reported cases - The reporting jurisdiction did not submit any cases to CDC.
2020,stacks_175634_DS2.txt,N,"Not reportable - The disease or condition was not reportable by law, statute, or regulation in the reporting jurisdiction."
2020,stacks_175634_DS2.txt,U,Unavailable - The data are unavailable.
2020,stacks_175636_DS2.txt,-,No reported cases - The reporting jurisdiction did not submit any cases to CDC.
2020,stacks_175636_DS2.txt,N,"Not reportable - The disease or condition was not reportable by law, statute, or regulation in the reporting jurisdiction."
2020,stacks_175636_DS2.txt,U,Unavailable - The data are unavailable.
2020,stacks_175639_DS2.txt,-,No reported cases - The reporting jurisdiction did not submit any cases to CDC.
2020,stacks_175639_DS2.txt,N,"Not reportable - The disease or condition was not reportable by law, statute, or regulation in the reporting jurisdiction."
2020,stacks_175639_DS2.txt,U,Unavailable - The data are unavailable.
2020,stacks_175640_DS2.txt,-,No reported cases - The reporting jurisdiction did not submit any cases to CDC.
2020,stacks_175640_DS2.txt,N,"Not reportable - The disease or condition was not reportable by law, statute, or regulation in the reporting jurisdiction."
2020,stacks_175640_DS2.txt,U,Unavailable - The data are unavailable.
2020,stacks_175641_DS2.txt,-,No reported cases - The reporting jurisdiction did not submit any cases to CDC.
2020,stacks_175641_DS2.txt,N,"Not reportable - The disease or condition was not reportable by law, statute, or regulation in the reporting jurisdiction."
2020,stacks_175641_DS2.txt,U,Unavailable - The data are unavailable.
2020,stacks_175642_DS2.txt,-,No reported cases - The reporting jurisdiction did not submit any cases to CDC.
2020,stacks_175642_DS2.txt,N,"Not reportable - The disease or condition was not reportable by law, statute, or regulation in the reporting jurisdiction."
2020,stacks_175642_DS2.txt,U,Unavailable - The data are unavailable.
2021,stacks_175661_DS2.txt,-,No reported cases - The reporting jurisdiction did not submit any cases to CDC.
2021,stacks_175661_DS2.txt,N,"Not reportable - The disease or condition was not reportable by law, statute, or regulation in the reporting jurisdiction."
2021,stacks_175661_DS2.txt,U,Unavailable - The data are unavailable.
2021,stacks_175663_DS2.txt,-,No reported cases - The reporting jurisdiction did not submit any cases to CDC.
2021,stacks_175663_DS2.txt,N,"Not reportable - The disease or condition was not reportable by law, statute, or regulation in the reporting jurisdiction."
2021,stacks_175663_DS2.txt,U,Unavailable - The data are unavailable.
2021,stacks_175666_DS2.txt,-,No reported cases - The reporting jurisdiction did not submit any cases to CDC.
2021,stacks_175666_DS2.txt,N,"Not reportable - The disease or condition was not reportable by law, statute, or regulation in the reporting jurisdiction."
2021,stacks_175666_DS2.txt,U,Unavailable - The data are unavailable.
2021,stacks_175667_DS2.txt,-,No reported cases - The reporting jurisdiction did not submit any cases to CDC.
2021,stacks_175667_DS2.txt,N,"Not reportable - The disease or condition was not reportable by law, statute, or regulation in the reporting jurisdiction."
2021,stacks_175667_DS2.txt,U,Unavailable - The data are unavailable.
2021,stacks_175668_DS2.txt,-,No reported cases - The reporting jurisdiction did not submit any cases to CDC.
2021,stacks_175668_DS2.txt,N,"Not reportable - The disease or condition was not reportable by law, statute, or regulation in the reporting jurisdiction."
2021,stacks_175668_DS2.txt,U,Unavailable - The data are unavailable.
2021,stacks_175669_DS2.txt,-,No reported cases - The reporting jurisdiction did not submit any cases to CDC.
2021,stacks_175669_DS2.txt,N,"Not reportable - The disease or condition was not reportable by law, statute, or regulation in the reporting jurisdiction."
2021,stacks_175669_DS2.txt,U,Unavailable - The data are unavailable.
2022,stacks_175688_DS2.txt,-,No reported cases - The reporting jurisdiction did not submit any cases to CDC.
2022,stacks_175688_DS2.txt,N,"Not reportable - The disease or condition was not reportable by law, statute, or regulation in the reporting jurisdiction."
2022,stacks_175688_DS2.txt,U,Unavailable - The data are unavailable.
2022,stacks_175690_DS2.txt,-,No reported cases - The reporting jurisdiction did not submit any cases to CDC.
2022,stacks_175690_DS2.txt,N,"Not reportable - The disease or condition was not reportable by law, statute, or regulation in the reporting jurisdiction."
2022,stacks_175690_DS2.txt,U,Unavailable - The data are unavailable.
2022,stacks_175693_DS2.txt,-,No reported cases - The reporting jurisdiction did not submit any cases to CDC.
2022,stacks_175693_DS2.txt,N,"Not reportable - The disease or condition was not reportable by law, statute, or regulation in the reporting jurisdiction."
2022,stacks_175693_DS2.txt,U,Unavailable - The data are unavailable.
2022,stacks_175694_DS2.txt,-,No reported cases - The reporting jurisdiction did not submit any cases to CDC.
2022,stacks_175694_DS2.txt,N,"Not reportable - The disease or condition was not reportable by law, statute, or regulation in the reporting jurisdiction."
2022,stacks_175694_DS2.txt,U,Unavailable - The data are unavailable.
2022,stacks_175695_DS2.txt,-,No reported cases - The reporting jurisdiction did not submit any cases to CDC.
2022,stacks_175695_DS2.txt,N,"Not reportable - The disease or condition was not reportable by law, statute, or regulation in the reporting jurisdiction."
2022,stacks_175695_DS2.txt,U,Unavailable - The data are unavailable.
2022,stacks_175696_DS2.txt,-,No reported cases - The reporting jurisdiction did not submit any cases to CDC.
2022,stacks_175696_DS2.txt,N,"Not reportable - The disease or condition was not reportable by law, statute, or regulation in the reporting jurisdiction."
2022,stacks_175696_DS2.txt,U,Unavailable - The data are unavailable.
2023,stacks_251104_DS1.pdf,-,No reported cases (p.2)
2023,stacks_251104_DS1.pdf,N,Not reportable (p.2)
2023,stacks_251104_DS1.pdf,U,Unavailable (p.2)
2023,stacks_251106_DS1.pdf,-,No reported cases (p.2)
2023,stacks_251106_DS1.pdf,N,Not reportable (p.2)
2023,stacks_251106_DS1.pdf,U,Unavailable (p.2)
2023,stacks_251109_DS1.pdf,-,No reported cases (p.2)
2023,stacks_251109_DS1.pdf,N,Not reportable (p.2)
2023,stacks_251109_DS1.pdf,U,Unavailable (p.2)
2023,stacks_251110_DS1.pdf,-,No reported cases (p.2)
2023,stacks_251110_DS1.pdf,N,Not reportable (p.2)
2023,stacks_251110_DS1.pdf,U,Unavailable (p.2)
2023,stacks_251111_DS1.pdf,-,No reported cases (p.2)
2023,stacks_251111_DS1.pdf,N,Not reportable (p.2)
2023,stacks_251111_DS1.pdf,U,Unavailable (p.2)
2023,stacks_251112_DS1.pdf,-,No reported cases (p.2)
2023,stacks_251112_DS1.pdf,N,Not reportable (p.2)
2023,stacks_251112_DS1.pdf,U,Unavailable (p.2)
