year,state,this_file,owid,result,owid_source
1962,New Mexico,1451,1451,same,https://stacks.cdc.gov/view/cdc/380
1964,New York,28559,28559,same,https://stacks.cdc.gov/view/cdc/698
1965,New York,8607,8607,same,https://stacks.cdc.gov/view/cdc/740
1966,New York,11101,11101,same,https://stacks.cdc.gov/view/cdc/615
1968,New York,3811,3811,same,https://stacks.cdc.gov/view/cdc/1717
1969,New York,5681,5681,same,https://stacks.cdc.gov/view/cdc/838
1970,New York,1581,1581,same,https://stacks.cdc.gov/view/cdc/951
1971,New York,4563,4563,same,https://stacks.cdc.gov/view/cdc/1829
1972,New York,673,673,same,https://stacks.cdc.gov/view/cdc/1895
1973,New York,1791,1791,same,https://stacks.cdc.gov/view/cdc/1849
1974,New York,1654,1654,same,https://stacks.cdc.gov/view/cdc/1743
1975,New York,1245,1245,same,https://stacks.cdc.gov/view/cdc/1041
1976,Alabama,0,0,same,https://stacks.cdc.gov/view/cdc/1130
1976,New York,3495,3495,same,https://stacks.cdc.gov/view/cdc/1130
1977,New York,4763,4763,same,https://stacks.cdc.gov/view/cdc/51062
1978,Nebraska,5,5,same,https://stacks.cdc.gov/view/cdc/51063
1978,New Mexico,0,0,same,https://stacks.cdc.gov/view/cdc/51063
1978,New York,1844,1844,same,https://stacks.cdc.gov/view/cdc/51063
1978,South Dakota,0,0,same,https://stacks.cdc.gov/view/cdc/51063
1978,Wyoming,0,0,same,https://stacks.cdc.gov/view/cdc/51063
1979,New York,1538,1538,same,https://stacks.cdc.gov/view/cdc/1577
1979,Wyoming,36,36,same,https://stacks.cdc.gov/view/cdc/1577
1980,Idaho,0,0,same,https://stacks.cdc.gov/view/cdc/1484
1980,New York,1945,1945,same,https://stacks.cdc.gov/view/cdc/1484
1980,North Dakota,0,0,same,https://stacks.cdc.gov/view/cdc/1484
1980,South Dakota,0,0,same,https://stacks.cdc.gov/view/cdc/1484
1980,Wyoming,0,0,same,https://stacks.cdc.gov/view/cdc/1484
1981,Alabama,2,2,same,https://stacks.cdc.gov/view/cdc/1307
1981,Delaware,0,0,same,https://stacks.cdc.gov/view/cdc/1307
1981,Mississippi,0,0,same,https://stacks.cdc.gov/view/cdc/1307
1981,Montana,0,0,same,https://stacks.cdc.gov/view/cdc/1307
1981,New York,336,336,same,https://stacks.cdc.gov/view/cdc/1307
1981,North Dakota,0,0,same,https://stacks.cdc.gov/view/cdc/1307
1981,Rhode Island,0,0,same,https://stacks.cdc.gov/view/cdc/1307
1981,South Carolina,2,2,same,https://stacks.cdc.gov/view/cdc/1307
1981,South Dakota,0,0,same,https://stacks.cdc.gov/view/cdc/1307
1981,Utah,0,0,same,https://stacks.cdc.gov/view/cdc/1307
1982,Arkansas,0,0,same,https://stacks.cdc.gov/view/cdc/35066
1982,Delaware,0,0,same,https://stacks.cdc.gov/view/cdc/35066
1982,Georgia,0,0,same,https://stacks.cdc.gov/view/cdc/35066
1982,Idaho,0,0,same,https://stacks.cdc.gov/view/cdc/35066
1982,Iowa,0,0,same,https://stacks.cdc.gov/view/cdc/35066
1982,Maine,0,0,same,https://stacks.cdc.gov/view/cdc/35066
1982,Minnesota,0,0,same,https://stacks.cdc.gov/view/cdc/35066
1982,Montana,0,0,same,https://stacks.cdc.gov/view/cdc/35066
1982,Nevada,0,0,same,https://stacks.cdc.gov/view/cdc/35066
1982,New Mexico,0,0,same,https://stacks.cdc.gov/view/cdc/35066
1982,New York,161,161,same,https://stacks.cdc.gov/view/cdc/35066
1982,North Dakota,0,0,same,https://stacks.cdc.gov/view/cdc/35066
1982,Rhode Island,0,0,same,https://stacks.cdc.gov/view/cdc/35066
1982,South Carolina,0,0,same,https://stacks.cdc.gov/view/cdc/35066
1982,South Dakota,0,0,same,https://stacks.cdc.gov/view/cdc/35066
1982,Wyoming,1,1,same,https://stacks.cdc.gov/view/cdc/35066
1983,Delaware,0,0,same,https://stacks.cdc.gov/view/cdc/35188
1983,Iowa,0,0,same,https://stacks.cdc.gov/view/cdc/35188
1983,Maine,0,0,same,https://stacks.cdc.gov/view/cdc/35188
1983,Minnesota,1,1,same,https://stacks.cdc.gov/view/cdc/35188
1983,Nebraska,0,0,same,https://stacks.cdc.gov/view/cdc/35188
1983,New Mexico,0,0,same,https://stacks.cdc.gov/view/cdc/35188
1983,New York,90,90,same,https://stacks.cdc.gov/view/cdc/35188
1983,North Dakota,0,0,same,https://stacks.cdc.gov/view/cdc/35188
1983,Pennsylvania,3,3,same,https://stacks.cdc.gov/view/cdc/35188
1983,Rhode Island,0,0,same,https://stacks.cdc.gov/view/cdc/35188
1983,South Dakota,0,0,same,https://stacks.cdc.gov/view/cdc/35188
1983,Vermont,0,0,same,https://stacks.cdc.gov/view/cdc/35188
1983,Wisconsin,1,1,same,https://stacks.cdc.gov/view/cdc/35188
1983,Wyoming,1,1,same,https://stacks.cdc.gov/view/cdc/35188
1984,Alabama,3,3,same,https://stacks.cdc.gov/view/cdc/35267
1984,Delaware,0,0,same,https://stacks.cdc.gov/view/cdc/35267
1984,Idaho,23,23,same,https://stacks.cdc.gov/view/cdc/35267
1984,Iowa,0,0,same,https://stacks.cdc.gov/view/cdc/35267
1984,Kansas,5,5,same,https://stacks.cdc.gov/view/cdc/35267
1984,Maine,0,0,same,https://stacks.cdc.gov/view/cdc/35267
1984,Mississippi,0,0,same,https://stacks.cdc.gov/view/cdc/35267
1984,Montana,0,0,same,https://stacks.cdc.gov/view/cdc/35267
1984,Nebraska,0,0,same,https://stacks.cdc.gov/view/cdc/35267
1984,Nevada,0,0,same,https://stacks.cdc.gov/view/cdc/35267
1984,New York,170,170,same,https://stacks.cdc.gov/view/cdc/35267
1984,North Dakota,0,0,same,https://stacks.cdc.gov/view/cdc/35267
1984,Oregon,0,0,same,https://stacks.cdc.gov/view/cdc/35267
1984,Rhode Island,0,0,same,https://stacks.cdc.gov/view/cdc/35267
1984,South Carolina,1,1,same,https://stacks.cdc.gov/view/cdc/35267
1984,South Dakota,0,0,same,https://stacks.cdc.gov/view/cdc/35267
1984,Tennessee,2,2,same,https://stacks.cdc.gov/view/cdc/35267
1984,West Virginia,0,0,same,https://stacks.cdc.gov/view/cdc/35267
1984,Wyoming,0,0,same,https://stacks.cdc.gov/view/cdc/35267
1985,Alabama,0,0,same,https://stacks.cdc.gov/view/cdc/35429
1985,Arkansas,0,0,same,https://stacks.cdc.gov/view/cdc/35429
1985,Delaware,0,0,same,https://stacks.cdc.gov/view/cdc/35429
1985,Iowa,0,0,same,https://stacks.cdc.gov/view/cdc/35429
1985,Nebraska,0,0,same,https://stacks.cdc.gov/view/cdc/35429
1985,Nevada,0,0,same,https://stacks.cdc.gov/view/cdc/35429
1985,New Hampshire,0,0,same,https://stacks.cdc.gov/view/cdc/35429
1985,New Mexico,6,6,same,https://stacks.cdc.gov/view/cdc/35429
1985,New York,166,166,same,https://stacks.cdc.gov/view/cdc/35429
1985,Rhode Island,0,0,same,https://stacks.cdc.gov/view/cdc/35429
1985,South Dakota,0,0,same,https://stacks.cdc.gov/view/cdc/35429
1985,Tennessee,1,1,same,https://stacks.cdc.gov/view/cdc/35429
1985,Utah,0,0,same,https://stacks.cdc.gov/view/cdc/35429
1985,Vermont,0,0,same,https://stacks.cdc.gov/view/cdc/35429
1985,Wisconsin,59,59,same,https://stacks.cdc.gov/view/cdc/35429
1986,Nebraska,1,1,same,https://stacks.cdc.gov/view/cdc/35496
1986,New York,1049,1049,same,https://stacks.cdc.gov/view/cdc/35496
1986,North Dakota,25,25,same,https://stacks.cdc.gov/view/cdc/35496
1986,South Dakota,0,0,same,https://stacks.cdc.gov/view/cdc/35496
1986,Vermont,0,0,same,https://stacks.cdc.gov/view/cdc/35496
1986,Wisconsin,286,286,same,https://stacks.cdc.gov/view/cdc/35496
1986,Wyoming,0,0,same,https://stacks.cdc.gov/view/cdc/35496
1987,Arkansas,0,0,same,https://stacks.cdc.gov/view/cdc/35629
1987,Idaho,0,0,same,https://stacks.cdc.gov/view/cdc/35629
1987,Indiana,0,0,same,https://stacks.cdc.gov/view/cdc/35629
1987,Iowa,0,0,same,https://stacks.cdc.gov/view/cdc/35629
1987,Kentucky,0,0,same,https://stacks.cdc.gov/view/cdc/35629
1987,Louisiana,0,0,same,https://stacks.cdc.gov/view/cdc/35629
1987,Nebraska,0,0,same,https://stacks.cdc.gov/view/cdc/35629
1987,New York,512,512,same,https://stacks.cdc.gov/view/cdc/35629
1987,North Dakota,2,2,same,https://stacks.cdc.gov/view/cdc/35629
1987,South Dakota,0,0,same,https://stacks.cdc.gov/view/cdc/35629
1987,Tennessee,0,0,same,https://stacks.cdc.gov/view/cdc/35629
1987,West Virginia,0,0,same,https://stacks.cdc.gov/view/cdc/35629
1988,Arkansas,1,1,same,https://stacks.cdc.gov/view/cdc/35958
1988,Delaware,0,0,same,https://stacks.cdc.gov/view/cdc/35958
1988,Georgia,0,0,same,https://stacks.cdc.gov/view/cdc/35958
1988,Louisiana,1,1,same,https://stacks.cdc.gov/view/cdc/35958
1988,Nebraska,0,0,same,https://stacks.cdc.gov/view/cdc/35958
1988,Nevada,0,0,same,https://stacks.cdc.gov/view/cdc/35958
1988,New Mexico,0,0,same,https://stacks.cdc.gov/view/cdc/35958
1988,New York,97,97,same,https://stacks.cdc.gov/view/cdc/35958
1988,North Dakota,0,0,same,https://stacks.cdc.gov/view/cdc/35958
1988,Rhode Island,0,0,same,https://stacks.cdc.gov/view/cdc/35958
1988,South Carolina,0,0,same,https://stacks.cdc.gov/view/cdc/35958
1988,South Dakota,0,0,same,https://stacks.cdc.gov/view/cdc/35958
1988,Vermont,0,0,same,https://stacks.cdc.gov/view/cdc/35958
1988,Wyoming,0,0,same,https://stacks.cdc.gov/view/cdc/35958
1989,Nebraska,158,158,same,https://stacks.cdc.gov/view/cdc/35853
1989,New York,333,333,same,https://stacks.cdc.gov/view/cdc/35853
1989,North Dakota,0,0,same,https://stacks.cdc.gov/view/cdc/35853
1989,South Dakota,0,0,same,https://stacks.cdc.gov/view/cdc/35853
1989,Vermont,3,3,same,https://stacks.cdc.gov/view/cdc/35853
1989,Wisconsin,869,869,same,https://stacks.cdc.gov/view/cdc/35853
1989,Wyoming,0,0,same,https://stacks.cdc.gov/view/cdc/35853
1990,Connecticut,196,196,same,https://stacks.cdc.gov/view/cdc/35905
1990,Louisiana,10,10,same,https://stacks.cdc.gov/view/cdc/35905
1990,Mississippi,28,28,same,https://stacks.cdc.gov/view/cdc/35905
1990,Nebraska,103,103,same,https://stacks.cdc.gov/view/cdc/35905
1990,New York,1689,1689,same,https://stacks.cdc.gov/view/cdc/35905
1990,North Dakota,0,0,same,https://stacks.cdc.gov/view/cdc/35905
1991,Illinois,28,28,same,https://stacks.cdc.gov/view/cdc/36010
1991,Louisiana,0,0,same,https://stacks.cdc.gov/view/cdc/36010
1991,Mississippi,0,0,same,https://stacks.cdc.gov/view/cdc/36010
1991,Missouri,1,1,same,https://stacks.cdc.gov/view/cdc/36010
1991,Montana,0,0,same,https://stacks.cdc.gov/view/cdc/36010
1991,Nebraska,1,1,same,https://stacks.cdc.gov/view/cdc/36010
1991,New Hampshire,0,0,same,https://stacks.cdc.gov/view/cdc/36010
1991,New Jersey,1118,1118,same,https://stacks.cdc.gov/view/cdc/36010
1991,New York,2306,2306,same,https://stacks.cdc.gov/view/cdc/36010
1991,North Dakota,0,0,same,https://stacks.cdc.gov/view/cdc/36010
1991,Oklahoma,0,0,same,https://stacks.cdc.gov/view/cdc/36010
1991,South Dakota,0,0,same,https://stacks.cdc.gov/view/cdc/36010
1991,West Virginia,0,0,same,https://stacks.cdc.gov/view/cdc/36010
1991,Wisconsin,9,9,same,https://stacks.cdc.gov/view/cdc/36010
1992,Alabama,0,0,same,https://stacks.cdc.gov/view/cdc/36063
1992,Arizona,3,3,same,https://stacks.cdc.gov/view/cdc/36063
1992,Arkansas,0,0,same,https://stacks.cdc.gov/view/cdc/36063
1992,Idaho,0,0,same,https://stacks.cdc.gov/view/cdc/36063
1992,Illinois,18,18,same,https://stacks.cdc.gov/view/cdc/36063
1992,Louisiana,3,3,same,https://stacks.cdc.gov/view/cdc/36063
1992,Mississippi,17,17,same,https://stacks.cdc.gov/view/cdc/36063
1992,Montana,0,0,same,https://stacks.cdc.gov/view/cdc/36063
1992,Nebraska,0,0,same,https://stacks.cdc.gov/view/cdc/36063
1992,New York,180,180,same,https://stacks.cdc.gov/view/cdc/36063
1992,North Dakota,0,0,same,https://stacks.cdc.gov/view/cdc/36063
1992,South Dakota,0,0,same,https://stacks.cdc.gov/view/cdc/36063
1992,Utah,0,0,same,https://stacks.cdc.gov/view/cdc/36063
1992,Vermont,0,0,same,https://stacks.cdc.gov/view/cdc/36063
1992,West Virginia,0,0,same,https://stacks.cdc.gov/view/cdc/36063
1992,Wisconsin,4,4,same,https://stacks.cdc.gov/view/cdc/36063
1993,Arkansas,0,0,same,https://stacks.cdc.gov/view/cdc/5650
1993,Colorado,3,3,same,https://stacks.cdc.gov/view/cdc/5650
1993,Idaho,0,0,same,https://stacks.cdc.gov/view/cdc/5650
1993,Illinois,9,9,same,https://stacks.cdc.gov/view/cdc/5650
1993,Iowa,0,0,same,https://stacks.cdc.gov/view/cdc/5650
1993,Kentucky,0,0,same,https://stacks.cdc.gov/view/cdc/5650
1993,Minnesota,0,0,same,https://stacks.cdc.gov/view/cdc/5650
1993,Mississippi,0,0,same,https://stacks.cdc.gov/view/cdc/5650
1993,Missouri,1,1,same,https://stacks.cdc.gov/view/cdc/5650
1993,Montana,0,0,same,https://stacks.cdc.gov/view/cdc/5650
1993,Nebraska,0,0,same,https://stacks.cdc.gov/view/cdc/5650
1993,New Jersey,11,11,same,https://stacks.cdc.gov/view/cdc/5650
1993,New Mexico,0,0,same,https://stacks.cdc.gov/view/cdc/5650
1993,New York,30,30,same,https://stacks.cdc.gov/view/cdc/5650
1993,North Carolina,1,1,same,https://stacks.cdc.gov/view/cdc/5650
1993,North Dakota,0,0,same,https://stacks.cdc.gov/view/cdc/5650
1993,Oklahoma,0,0,same,https://stacks.cdc.gov/view/cdc/5650
1993,Oregon,4,4,same,https://stacks.cdc.gov/view/cdc/5650
1993,Pennsylvania,0,0,same,https://stacks.cdc.gov/view/cdc/5650
1993,South Carolina,0,0,same,https://stacks.cdc.gov/view/cdc/5650
1993,South Dakota,0,0,same,https://stacks.cdc.gov/view/cdc/5650
1993,Tennessee,0,0,same,https://stacks.cdc.gov/view/cdc/5650
1993,Utah,0,0,same,https://stacks.cdc.gov/view/cdc/5650
1993,Washington,0,0,same,https://stacks.cdc.gov/view/cdc/5650
1993,West Virginia,0,0,same,https://stacks.cdc.gov/view/cdc/5650
1993,Wisconsin,6,6,same,https://stacks.cdc.gov/view/cdc/5650
1993,Wyoming,0,0,same,https://stacks.cdc.gov/view/cdc/5650
1994,Alabama,0,0,same,https://stacks.cdc.gov/view/cdc/5648
1994,Delaware,0,0,same,https://stacks.cdc.gov/view/cdc/5648
1994,Kentucky,0,0,same,https://stacks.cdc.gov/view/cdc/5648
1994,Minnesota,0,0,same,https://stacks.cdc.gov/view/cdc/5648
1994,Mississippi,0,0,same,https://stacks.cdc.gov/view/cdc/5648
1994,Montana,0,0,same,https://stacks.cdc.gov/view/cdc/5648
1994,Nebraska,2,2,same,https://stacks.cdc.gov/view/cdc/5648
1994,New Hampshire,1,1,same,https://stacks.cdc.gov/view/cdc/5648
1994,New Mexico,2,2,same,https://stacks.cdc.gov/view/cdc/5648
1994,New York,43,87,DIFFERENT,https://stacks.cdc.gov/view/cdc/5648
1994,North Dakota,0,0,same,https://stacks.cdc.gov/view/cdc/5648
1994,Ohio,17,17,same,https://stacks.cdc.gov/view/cdc/5648
1994,Oklahoma,0,0,same,https://stacks.cdc.gov/view/cdc/5648
1994,Oregon,2,2,same,https://stacks.cdc.gov/view/cdc/5648
1994,South Carolina,0,0,same,https://stacks.cdc.gov/view/cdc/5648
1994,South Dakota,0,0,same,https://stacks.cdc.gov/view/cdc/5648
1994,Vermont,3,3,same,https://stacks.cdc.gov/view/cdc/5648
1994,Washington,4,4,same,https://stacks.cdc.gov/view/cdc/5648
1994,Wisconsin,3,3,same,https://stacks.cdc.gov/view/cdc/5648
1994,Wyoming,0,0,same,https://stacks.cdc.gov/view/cdc/5648
1995,Alabama,0,0,same,https://stacks.cdc.gov/view/cdc/5644
1995,Alaska,0,0,same,https://stacks.cdc.gov/view/cdc/5644
1995,Delaware,0,0,same,https://stacks.cdc.gov/view/cdc/5644
1995,Indiana,0,0,same,https://stacks.cdc.gov/view/cdc/5644
1995,Iowa,0,0,same,https://stacks.cdc.gov/view/cdc/5644
1995,Kentucky,0,0,same,https://stacks.cdc.gov/view/cdc/5644
1995,Maine,0,0,same,https://stacks.cdc.gov/view/cdc/5644
1995,Michigan,5,5,same,https://stacks.cdc.gov/view/cdc/5644
1995,Minnesota,9,9,same,https://stacks.cdc.gov/view/cdc/5644
1995,Mississippi,0,0,same,https://stacks.cdc.gov/view/cdc/5644
1995,Missouri,2,2,same,https://stacks.cdc.gov/view/cdc/5644
1995,Montana,0,0,same,https://stacks.cdc.gov/view/cdc/5644
1995,Nebraska,0,0,same,https://stacks.cdc.gov/view/cdc/5644
1995,New Hampshire,0,0,same,https://stacks.cdc.gov/view/cdc/5644
1995,New Jersey,8,8,same,https://stacks.cdc.gov/view/cdc/5644
1995,New York,6,6,same,https://stacks.cdc.gov/view/cdc/5644
1995,North Carolina,0,0,same,https://stacks.cdc.gov/view/cdc/5644
1995,North Dakota,0,0,same,https://stacks.cdc.gov/view/cdc/5644
1995,Oklahoma,0,0,same,https://stacks.cdc.gov/view/cdc/5644
1995,South Carolina,0,0,same,https://stacks.cdc.gov/view/cdc/5644
1995,South Dakota,0,0,same,https://stacks.cdc.gov/view/cdc/5644
1995,Tennessee,0,0,same,https://stacks.cdc.gov/view/cdc/5644
1995,Vermont,0,0,same,https://stacks.cdc.gov/view/cdc/5644
1995,Virginia,0,0,same,https://stacks.cdc.gov/view/cdc/5644
1995,West Virginia,0,0,same,https://stacks.cdc.gov/view/cdc/5644
1995,Wisconsin,6,6,same,https://stacks.cdc.gov/view/cdc/5644
1995,Wyoming,0,0,same,https://stacks.cdc.gov/view/cdc/5644
1996,Alabama,0,0,same,https://stacks.cdc.gov/view/cdc/5642
1996,Arkansas,0,0,same,https://stacks.cdc.gov/view/cdc/5642
1996,Florida,1,1,same,https://stacks.cdc.gov/view/cdc/5642
1996,Indiana,0,0,same,https://stacks.cdc.gov/view/cdc/5642
1996,Iowa,1,1,same,https://stacks.cdc.gov/view/cdc/5642
1996,Kentucky,0,0,same,https://stacks.cdc.gov/view/cdc/5642
1996,Louisiana,1,1,same,https://stacks.cdc.gov/view/cdc/5642
1996,Maine,0,0,same,https://stacks.cdc.gov/view/cdc/5642
1996,Mississippi,0,0,same,https://stacks.cdc.gov/view/cdc/5642
1996,Montana,0,0,same,https://stacks.cdc.gov/view/cdc/5642
1996,Nebraska,0,0,same,https://stacks.cdc.gov/view/cdc/5642
1996,New Hampshire,0,0,same,https://stacks.cdc.gov/view/cdc/5642
1996,New Jersey,3,3,same,https://stacks.cdc.gov/view/cdc/5642
1996,New York,23,23,same,https://stacks.cdc.gov/view/cdc/5642
1996,North Dakota,0,0,same,https://stacks.cdc.gov/view/cdc/5642
1996,Oklahoma,0,0,same,https://stacks.cdc.gov/view/cdc/5642
1996,Rhode Island,1,1,same,https://stacks.cdc.gov/view/cdc/5642
1996,South Carolina,0,0,same,https://stacks.cdc.gov/view/cdc/5642
1996,South Dakota,0,0,same,https://stacks.cdc.gov/view/cdc/5642
1996,Virginia,3,3,same,https://stacks.cdc.gov/view/cdc/5642
1996,West Virginia,0,0,same,https://stacks.cdc.gov/view/cdc/5642
1996,Wisconsin,9,9,same,https://stacks.cdc.gov/view/cdc/5642
1997,Alabama,1,1,same,"https://www.cdc.gov/mmwr/preview/mmwrhtml/00056071.htm#:~:text=As%20of%20January%201%2C%201997,and%20control%20of%20the%20disease."
1997,Alaska,0,0,same,"https://www.cdc.gov/mmwr/preview/mmwrhtml/00056071.htm#:~:text=As%20of%20January%201%2C%201997,and%20control%20of%20the%20disease."
1997,Arkansas,0,0,same,"https://www.cdc.gov/mmwr/preview/mmwrhtml/00056071.htm#:~:text=As%20of%20January%201%2C%201997,and%20control%20of%20the%20disease."
1997,Colorado,0,0,same,"https://www.cdc.gov/mmwr/preview/mmwrhtml/00056071.htm#:~:text=As%20of%20January%201%2C%201997,and%20control%20of%20the%20disease."
1997,Connecticut,1,1,same,"https://www.cdc.gov/mmwr/preview/mmwrhtml/00056071.htm#:~:text=As%20of%20January%201%2C%201997,and%20control%20of%20the%20disease."
1997,Delaware,0,0,same,"https://www.cdc.gov/mmwr/preview/mmwrhtml/00056071.htm#:~:text=As%20of%20January%201%2C%201997,and%20control%20of%20the%20disease."
1997,Idaho,0,0,same,"https://www.cdc.gov/mmwr/preview/mmwrhtml/00056071.htm#:~:text=As%20of%20January%201%2C%201997,and%20control%20of%20the%20disease."
1997,Indiana,0,0,same,"https://www.cdc.gov/mmwr/preview/mmwrhtml/00056071.htm#:~:text=As%20of%20January%201%2C%201997,and%20control%20of%20the%20disease."
1997,Iowa,0,0,same,"https://www.cdc.gov/mmwr/preview/mmwrhtml/00056071.htm#:~:text=As%20of%20January%201%2C%201997,and%20control%20of%20the%20disease."
1997,Kansas,0,0,same,"https://www.cdc.gov/mmwr/preview/mmwrhtml/00056071.htm#:~:text=As%20of%20January%201%2C%201997,and%20control%20of%20the%20disease."
1997,Kentucky,0,0,same,"https://www.cdc.gov/mmwr/preview/mmwrhtml/00056071.htm#:~:text=As%20of%20January%201%2C%201997,and%20control%20of%20the%20disease."
1997,Louisiana,0,0,same,"https://www.cdc.gov/mmwr/preview/mmwrhtml/00056071.htm#:~:text=As%20of%20January%201%2C%201997,and%20control%20of%20the%20disease."
1997,Maine,1,1,same,"https://www.cdc.gov/mmwr/preview/mmwrhtml/00056071.htm#:~:text=As%20of%20January%201%2C%201997,and%20control%20of%20the%20disease."
1997,Massachusetts,16,16,same,"https://www.cdc.gov/mmwr/preview/mmwrhtml/00056071.htm#:~:text=As%20of%20January%201%2C%201997,and%20control%20of%20the%20disease."
1997,Michigan,2,2,same,"https://www.cdc.gov/mmwr/preview/mmwrhtml/00056071.htm#:~:text=As%20of%20January%201%2C%201997,and%20control%20of%20the%20disease."
1997,Mississippi,0,0,same,"https://www.cdc.gov/mmwr/preview/mmwrhtml/00056071.htm#:~:text=As%20of%20January%201%2C%201997,and%20control%20of%20the%20disease."
1997,Montana,0,0,same,"https://www.cdc.gov/mmwr/preview/mmwrhtml/00056071.htm#:~:text=As%20of%20January%201%2C%201997,and%20control%20of%20the%20disease."
1997,Nebraska,0,0,same,"https://www.cdc.gov/mmwr/preview/mmwrhtml/00056071.htm#:~:text=As%20of%20January%201%2C%201997,and%20control%20of%20the%20disease."
1997,New Hampshire,1,1,same,"https://www.cdc.gov/mmwr/preview/mmwrhtml/00056071.htm#:~:text=As%20of%20January%201%2C%201997,and%20control%20of%20the%20disease."
1997,New Jersey,3,3,same,"https://www.cdc.gov/mmwr/preview/mmwrhtml/00056071.htm#:~:text=As%20of%20January%201%2C%201997,and%20control%20of%20the%20disease."
1997,New York,16,32,DIFFERENT,"https://www.cdc.gov/mmwr/preview/mmwrhtml/00056071.htm#:~:text=As%20of%20January%201%2C%201997,and%20control%20of%20the%20disease."
1997,North Dakota,0,0,same,"https://www.cdc.gov/mmwr/preview/mmwrhtml/00056071.htm#:~:text=As%20of%20January%201%2C%201997,and%20control%20of%20the%20disease."
1997,Ohio,0,0,same,"https://www.cdc.gov/mmwr/preview/mmwrhtml/00056071.htm#:~:text=As%20of%20January%201%2C%201997,and%20control%20of%20the%20disease."
1997,Oregon,0,0,same,"https://www.cdc.gov/mmwr/preview/mmwrhtml/00056071.htm#:~:text=As%20of%20January%201%2C%201997,and%20control%20of%20the%20disease."
1997,Rhode Island,0,0,same,"https://www.cdc.gov/mmwr/preview/mmwrhtml/00056071.htm#:~:text=As%20of%20January%201%2C%201997,and%20control%20of%20the%20disease."
1997,Tennessee,0,0,same,"https://www.cdc.gov/mmwr/preview/mmwrhtml/00056071.htm#:~:text=As%20of%20January%201%2C%201997,and%20control%20of%20the%20disease."
1997,Vermont,0,0,same,"https://www.cdc.gov/mmwr/preview/mmwrhtml/00056071.htm#:~:text=As%20of%20January%201%2C%201997,and%20control%20of%20the%20disease."
1997,West Virginia,1,1,same,"https://www.cdc.gov/mmwr/preview/mmwrhtml/00056071.htm#:~:text=As%20of%20January%201%2C%201997,and%20control%20of%20the%20disease."
1997,Wisconsin,1,1,same,"https://www.cdc.gov/mmwr/preview/mmwrhtml/00056071.htm#:~:text=As%20of%20January%201%2C%201997,and%20control%20of%20the%20disease."
1997,Wyoming,0,0,same,"https://www.cdc.gov/mmwr/preview/mmwrhtml/00056071.htm#:~:text=As%20of%20January%201%2C%201997,and%20control%20of%20the%20disease."
1998,Alabama,1,1,same,https://stacks.cdc.gov/view/cdc/5637
1998,Arkansas,0,0,same,https://stacks.cdc.gov/view/cdc/5637
1998,Colorado,0,0,same,https://stacks.cdc.gov/view/cdc/5637
1998,Connecticut,0,0,same,https://stacks.cdc.gov/view/cdc/5637
1998,Delaware,1,1,same,https://stacks.cdc.gov/view/cdc/5637
1998,Hawaii,0,0,same,https://stacks.cdc.gov/view/cdc/5637
1998,Kansas,0,0,same,https://stacks.cdc.gov/view/cdc/5637
1998,Kentucky,0,0,same,https://stacks.cdc.gov/view/cdc/5637
1998,Maine,0,0,same,https://stacks.cdc.gov/view/cdc/5637
1998,Massachusetts,2,2,same,https://stacks.cdc.gov/view/cdc/5637
1998,Minnesota,0,0,same,https://stacks.cdc.gov/view/cdc/5637
1998,Mississippi,0,0,same,https://stacks.cdc.gov/view/cdc/5637
1998,Missouri,0,0,same,https://stacks.cdc.gov/view/cdc/5637
1998,Montana,0,0,same,https://stacks.cdc.gov/view/cdc/5637
1998,Nebraska,0,0,same,https://stacks.cdc.gov/view/cdc/5637
1998,Nevada,0,0,same,https://stacks.cdc.gov/view/cdc/5637
1998,New Hampshire,0,0,same,https://stacks.cdc.gov/view/cdc/5637
1998,New Jersey,8,8,same,https://stacks.cdc.gov/view/cdc/5637
1998,New Mexico,0,0,same,https://stacks.cdc.gov/view/cdc/5637
1998,New York,4,4,same,https://stacks.cdc.gov/view/cdc/5637
1998,North Carolina,1,1,same,https://stacks.cdc.gov/view/cdc/5637
1998,North Dakota,0,0,same,https://stacks.cdc.gov/view/cdc/5637
1998,Oklahoma,0,0,same,https://stacks.cdc.gov/view/cdc/5637
1998,Oregon,0,0,same,https://stacks.cdc.gov/view/cdc/5637
1998,Rhode Island,0,0,same,https://stacks.cdc.gov/view/cdc/5637
1998,South Carolina,0,0,same,https://stacks.cdc.gov/view/cdc/5637
1998,South Dakota,0,0,same,https://stacks.cdc.gov/view/cdc/5637
1998,Tennessee,1,1,same,https://stacks.cdc.gov/view/cdc/5637
1998,Texas,0,0,same,https://stacks.cdc.gov/view/cdc/5637
1998,Utah,0,0,same,https://stacks.cdc.gov/view/cdc/5637
1998,Washington,1,1,same,https://stacks.cdc.gov/view/cdc/5637
1998,West Virginia,0,0,same,https://stacks.cdc.gov/view/cdc/5637
1998,Wisconsin,1,1,same,https://stacks.cdc.gov/view/cdc/5637
1998,Wyoming,0,0,same,https://stacks.cdc.gov/view/cdc/5637
1999,Alabama,0,0,same,https://www.cdc.gov/mmwr/preview/mmwrhtml/mm4853a1.htm
1999,Alaska,0,0,same,https://www.cdc.gov/mmwr/preview/mmwrhtml/mm4853a1.htm
1999,Colorado,0,0,same,https://www.cdc.gov/mmwr/preview/mmwrhtml/mm4853a1.htm
1999,Connecticut,2,2,same,https://www.cdc.gov/mmwr/preview/mmwrhtml/mm4853a1.htm
1999,Delaware,0,0,same,https://www.cdc.gov/mmwr/preview/mmwrhtml/mm4853a1.htm
1999,Georgia,0,0,same,https://www.cdc.gov/mmwr/preview/mmwrhtml/mm4853a1.htm
1999,Idaho,0,0,same,https://www.cdc.gov/mmwr/preview/mmwrhtml/mm4853a1.htm
1999,Illinois,2,2,same,https://www.cdc.gov/mmwr/preview/mmwrhtml/mm4853a1.htm
1999,Iowa,0,0,same,https://www.cdc.gov/mmwr/preview/mmwrhtml/mm4853a1.htm
1999,Kansas,0,0,same,https://www.cdc.gov/mmwr/preview/mmwrhtml/mm4853a1.htm
1999,Kentucky,2,2,same,https://www.cdc.gov/mmwr/preview/mmwrhtml/mm4853a1.htm
1999,Louisiana,0,0,same,https://www.cdc.gov/mmwr/preview/mmwrhtml/mm4853a1.htm
1999,Maine,0,0,same,https://www.cdc.gov/mmwr/preview/mmwrhtml/mm4853a1.htm
1999,Maryland,0,0,same,https://www.cdc.gov/mmwr/preview/mmwrhtml/mm4853a1.htm
1999,Massachusetts,8,8,same,https://www.cdc.gov/mmwr/preview/mmwrhtml/mm4853a1.htm
1999,Michigan,6,6,same,https://www.cdc.gov/mmwr/preview/mmwrhtml/mm4853a1.htm
1999,Minnesota,1,1,same,https://www.cdc.gov/mmwr/preview/mmwrhtml/mm4853a1.htm
1999,Mississippi,0,0,same,https://www.cdc.gov/mmwr/preview/mmwrhtml/mm4853a1.htm
1999,Montana,0,0,same,https://www.cdc.gov/mmwr/preview/mmwrhtml/mm4853a1.htm
1999,Nebraska,0,0,same,https://www.cdc.gov/mmwr/preview/mmwrhtml/mm4853a1.htm
1999,Nevada,1,1,same,https://www.cdc.gov/mmwr/preview/mmwrhtml/mm4853a1.htm
1999,New Hampshire,1,1,same,https://www.cdc.gov/mmwr/preview/mmwrhtml/mm4853a1.htm
1999,New Jersey,0,0,same,https://www.cdc.gov/mmwr/preview/mmwrhtml/mm4853a1.htm
1999,New Mexico,0,0,same,https://www.cdc.gov/mmwr/preview/mmwrhtml/mm4853a1.htm
1999,New York,5,5,same,https://www.cdc.gov/mmwr/preview/mmwrhtml/mm4853a1.htm
1999,North Dakota,0,0,same,https://www.cdc.gov/mmwr/preview/mmwrhtml/mm4853a1.htm
1999,Ohio,0,0,same,https://www.cdc.gov/mmwr/preview/mmwrhtml/mm4853a1.htm
1999,Oklahoma,0,0,same,https://www.cdc.gov/mmwr/preview/mmwrhtml/mm4853a1.htm
1999,Oregon,12,12,same,https://www.cdc.gov/mmwr/preview/mmwrhtml/mm4853a1.htm
1999,Pennsylvania,0,0,same,https://www.cdc.gov/mmwr/preview/mmwrhtml/mm4853a1.htm
1999,Rhode Island,0,0,same,https://www.cdc.gov/mmwr/preview/mmwrhtml/mm4853a1.htm
1999,South Carolina,0,0,same,https://www.cdc.gov/mmwr/preview/mmwrhtml/mm4853a1.htm
1999,South Dakota,0,0,same,https://www.cdc.gov/mmwr/preview/mmwrhtml/mm4853a1.htm
1999,Tennessee,0,0,same,https://www.cdc.gov/mmwr/preview/mmwrhtml/mm4853a1.htm
1999,Vermont,0,0,same,https://www.cdc.gov/mmwr/preview/mmwrhtml/mm4853a1.htm
1999,Washington,5,5,same,https://www.cdc.gov/mmwr/preview/mmwrhtml/mm4853a1.htm
1999,West Virginia,0,0,same,https://www.cdc.gov/mmwr/preview/mmwrhtml/mm4853a1.htm
1999,Wisconsin,0,0,same,https://www.cdc.gov/mmwr/preview/mmwrhtml/mm4853a1.htm
1999,Wyoming,0,0,same,https://www.cdc.gov/mmwr/preview/mmwrhtml/mm4853a1.htm
2000,Alabama,0,0,same,https://www.cdc.gov/mmwr/preview/mmwrhtml/mm4953a1.htm
2000,Arizona,0,0,same,https://www.cdc.gov/mmwr/preview/mmwrhtml/mm4953a1.htm
2000,Connecticut,0,0,same,https://www.cdc.gov/mmwr/preview/mmwrhtml/mm4953a1.htm
2000,Delaware,0,0,same,https://www.cdc.gov/mmwr/preview/mmwrhtml/mm4953a1.htm
2000,Georgia,0,0,same,https://www.cdc.gov/mmwr/preview/mmwrhtml/mm4953a1.htm
2000,Idaho,0,0,same,https://www.cdc.gov/mmwr/preview/mmwrhtml/mm4953a1.htm
2000,Indiana,0,0,same,https://www.cdc.gov/mmwr/preview/mmwrhtml/mm4953a1.htm
2000,Kentucky,0,0,same,https://www.cdc.gov/mmwr/preview/mmwrhtml/mm4953a1.htm
2000,Louisiana,0,0,same,https://www.cdc.gov/mmwr/preview/mmwrhtml/mm4953a1.htm
2000,Maine,0,0,same,https://www.cdc.gov/mmwr/preview/mmwrhtml/mm4953a1.htm
2000,Maryland,0,0,same,https://www.cdc.gov/mmwr/preview/mmwrhtml/mm4953a1.htm
2000,Massachusetts,0,0,same,https://www.cdc.gov/mmwr/preview/mmwrhtml/mm4953a1.htm
2000,Mississippi,0,0,same,https://www.cdc.gov/mmwr/preview/mmwrhtml/mm4953a1.htm
2000,Missouri,0,0,same,https://www.cdc.gov/mmwr/preview/mmwrhtml/mm4953a1.htm
2000,Montana,0,0,same,https://www.cdc.gov/mmwr/preview/mmwrhtml/mm4953a1.htm
2000,Nebraska,0,0,same,https://www.cdc.gov/mmwr/preview/mmwrhtml/mm4953a1.htm
2000,New Jersey,0,0,same,https://www.cdc.gov/mmwr/preview/mmwrhtml/mm4953a1.htm
2000,New Mexico,0,0,same,https://www.cdc.gov/mmwr/preview/mmwrhtml/mm4953a1.htm
2000,New York,23,23,same,https://www.cdc.gov/mmwr/preview/mmwrhtml/mm4953a1.htm
2000,North Dakota,0,0,same,https://www.cdc.gov/mmwr/preview/mmwrhtml/mm4953a1.htm
2000,Oklahoma,0,0,same,https://www.cdc.gov/mmwr/preview/mmwrhtml/mm4953a1.htm
2000,Oregon,0,0,same,https://www.cdc.gov/mmwr/preview/mmwrhtml/mm4953a1.htm
2000,Rhode Island,0,0,same,https://www.cdc.gov/mmwr/preview/mmwrhtml/mm4953a1.htm
2000,South Carolina,0,0,same,https://www.cdc.gov/mmwr/preview/mmwrhtml/mm4953a1.htm
2000,South Dakota,0,0,same,https://www.cdc.gov/mmwr/preview/mmwrhtml/mm4953a1.htm
2000,Tennessee,0,0,same,https://www.cdc.gov/mmwr/preview/mmwrhtml/mm4953a1.htm
2000,Texas,0,0,same,https://www.cdc.gov/mmwr/preview/mmwrhtml/mm4953a1.htm
2000,Washington,3,3,same,https://www.cdc.gov/mmwr/preview/mmwrhtml/mm4953a1.htm
2000,West Virginia,0,0,same,https://www.cdc.gov/mmwr/preview/mmwrhtml/mm4953a1.htm
2000,Wisconsin,1,1,same,https://www.cdc.gov/mmwr/preview/mmwrhtml/mm4953a1.htm
2000,Wyoming,0,0,same,https://www.cdc.gov/mmwr/preview/mmwrhtml/mm4953a1.htm
2001,Alabama,0,0,same,https://www.cdc.gov/mmwr/preview/mmwrhtml/mm5053a1.htm
2001,Alaska,0,0,same,https://www.cdc.gov/mmwr/preview/mmwrhtml/mm5053a1.htm
2001,Arkansas,0,0,same,https://www.cdc.gov/mmwr/preview/mmwrhtml/mm5053a1.htm
2001,Colorado,0,0,same,https://www.cdc.gov/mmwr/preview/mmwrhtml/mm5053a1.htm
2001,Delaware,0,0,same,https://www.cdc.gov/mmwr/preview/mmwrhtml/mm5053a1.htm
2001,Florida,0,0,same,https://www.cdc.gov/mmwr/preview/mmwrhtml/mm5053a1.htm
2001,Iowa,0,0,same,https://www.cdc.gov/mmwr/preview/mmwrhtml/mm5053a1.htm
2001,Louisiana,0,0,same,https://www.cdc.gov/mmwr/preview/mmwrhtml/mm5053a1.htm
2001,Maine,0,0,same,https://www.cdc.gov/mmwr/preview/mmwrhtml/mm5053a1.htm
2001,Michigan,0,0,same,https://www.cdc.gov/mmwr/preview/mmwrhtml/mm5053a1.htm
2001,Mississippi,0,0,same,https://www.cdc.gov/mmwr/preview/mmwrhtml/mm5053a1.htm
2001,Montana,0,0,same,https://www.cdc.gov/mmwr/preview/mmwrhtml/mm5053a1.htm
2001,Nebraska,0,0,same,https://www.cdc.gov/mmwr/preview/mmwrhtml/mm5053a1.htm
2001,Nevada,0,0,same,https://www.cdc.gov/mmwr/preview/mmwrhtml/mm5053a1.htm
2001,New Hampshire,0,0,same,https://www.cdc.gov/mmwr/preview/mmwrhtml/mm5053a1.htm
2001,New Mexico,0,0,same,https://www.cdc.gov/mmwr/preview/mmwrhtml/mm5053a1.htm
2001,New York,11,11,same,https://www.cdc.gov/mmwr/preview/mmwrhtml/mm5053a1.htm
2001,North Carolina,0,0,same,https://www.cdc.gov/mmwr/preview/mmwrhtml/mm5053a1.htm
2001,North Dakota,0,0,same,https://www.cdc.gov/mmwr/preview/mmwrhtml/mm5053a1.htm
2001,Oklahoma,0,0,same,https://www.cdc.gov/mmwr/preview/mmwrhtml/mm5053a1.htm
2001,Rhode Island,0,0,same,https://www.cdc.gov/mmwr/preview/mmwrhtml/mm5053a1.htm
2001,South Carolina,0,0,same,https://www.cdc.gov/mmwr/preview/mmwrhtml/mm5053a1.htm
2001,South Dakota,0,0,same,https://www.cdc.gov/mmwr/preview/mmwrhtml/mm5053a1.htm
2001,Tennessee,0,0,same,https://www.cdc.gov/mmwr/preview/mmwrhtml/mm5053a1.htm
2001,Utah,0,0,same,https://www.cdc.gov/mmwr/preview/mmwrhtml/mm5053a1.htm
2001,West Virginia,0,0,same,https://www.cdc.gov/mmwr/preview/mmwrhtml/mm5053a1.htm
2001,Wisconsin,0,0,same,https://www.cdc.gov/mmwr/preview/mmwrhtml/mm5053a1.htm
2001,Wyoming,0,0,same,https://www.cdc.gov/mmwr/preview/mmwrhtml/mm5053a1.htm
2002,Alaska,0,0,same,https://stacks.cdc.gov/view/cdc/5561
2002,Arizona,0,0,same,https://stacks.cdc.gov/view/cdc/5561
2002,Arkansas,0,0,same,https://stacks.cdc.gov/view/cdc/5561
2002,Colorado,0,0,same,https://stacks.cdc.gov/view/cdc/5561
2002,Connecticut,0,0,same,https://stacks.cdc.gov/view/cdc/5561
2002,Delaware,0,0,same,https://stacks.cdc.gov/view/cdc/5561
2002,Idaho,0,0,same,https://stacks.cdc.gov/view/cdc/5561
2002,Iowa,0,0,same,https://stacks.cdc.gov/view/cdc/5561
2002,Kansas,0,0,same,https://stacks.cdc.gov/view/cdc/5561
2002,Kentucky,0,0,same,https://stacks.cdc.gov/view/cdc/5561
2002,Louisiana,0,0,same,https://stacks.cdc.gov/view/cdc/5561
2002,Maine,0,0,same,https://stacks.cdc.gov/view/cdc/5561
2002,Maryland,0,0,same,https://stacks.cdc.gov/view/cdc/5561
2002,Massachusetts,0,0,same,https://stacks.cdc.gov/view/cdc/5561
2002,Michigan,0,0,same,https://stacks.cdc.gov/view/cdc/5561
2002,Mississippi,0,0,same,https://stacks.cdc.gov/view/cdc/5561
2002,Montana,0,0,same,https://stacks.cdc.gov/view/cdc/5561
2002,Nebraska,0,0,same,https://stacks.cdc.gov/view/cdc/5561
2002,New Hampshire,0,0,same,https://stacks.cdc.gov/view/cdc/5561
2002,New Mexico,0,0,same,https://stacks.cdc.gov/view/cdc/5561
2002,North Carolina,0,0,same,https://stacks.cdc.gov/view/cdc/5561
2002,North Dakota,0,0,same,https://stacks.cdc.gov/view/cdc/5561
2002,Oklahoma,0,0,same,https://stacks.cdc.gov/view/cdc/5561
2002,Oregon,0,0,same,https://stacks.cdc.gov/view/cdc/5561
2002,Rhode Island,0,0,same,https://stacks.cdc.gov/view/cdc/5561
2002,South Carolina,0,0,same,https://stacks.cdc.gov/view/cdc/5561
2002,South Dakota,0,0,same,https://stacks.cdc.gov/view/cdc/5561
2002,Tennessee,0,0,same,https://stacks.cdc.gov/view/cdc/5561
2002,Utah,0,0,same,https://stacks.cdc.gov/view/cdc/5561
2002,Vermont,0,0,same,https://stacks.cdc.gov/view/cdc/5561
2002,Virginia,0,0,same,https://stacks.cdc.gov/view/cdc/5561
2002,West Virginia,0,0,same,https://stacks.cdc.gov/view/cdc/5561
2002,Wyoming,0,0,same,https://stacks.cdc.gov/view/cdc/5561
2003,Alabama,0,0,same,https://stacks.cdc.gov/view/cdc/5560
2003,Alaska,0,0,same,https://stacks.cdc.gov/view/cdc/5560
2003,Arkansas,0,0,same,https://stacks.cdc.gov/view/cdc/5560
2003,Colorado,0,0,same,https://stacks.cdc.gov/view/cdc/5560
2003,Connecticut,0,0,same,https://stacks.cdc.gov/view/cdc/5560
2003,Delaware,0,0,same,https://stacks.cdc.gov/view/cdc/5560
2003,Florida,0,0,same,https://stacks.cdc.gov/view/cdc/5560
2003,Idaho,0,0,same,https://stacks.cdc.gov/view/cdc/5560
2003,Indiana,0,0,same,https://stacks.cdc.gov/view/cdc/5560
2003,Iowa,0,0,same,https://stacks.cdc.gov/view/cdc/5560
2003,Kansas,0,0,same,https://stacks.cdc.gov/view/cdc/5560
2003,Kentucky,0,0,same,https://stacks.cdc.gov/view/cdc/5560
2003,Louisiana,0,0,same,https://stacks.cdc.gov/view/cdc/5560
2003,Maine,0,0,same,https://stacks.cdc.gov/view/cdc/5560
2003,Massachusetts,0,0,same,https://stacks.cdc.gov/view/cdc/5560
2003,Minnesota,0,0,same,https://stacks.cdc.gov/view/cdc/5560
2003,Mississippi,0,0,same,https://stacks.cdc.gov/view/cdc/5560
2003,Missouri,0,0,same,https://stacks.cdc.gov/view/cdc/5560
2003,Montana,0,0,same,https://stacks.cdc.gov/view/cdc/5560
2003,Nebraska,0,0,same,https://stacks.cdc.gov/view/cdc/5560
2003,Nevada,0,0,same,https://stacks.cdc.gov/view/cdc/5560
2003,New Mexico,0,0,same,https://stacks.cdc.gov/view/cdc/5560
2003,North Dakota,0,0,same,https://stacks.cdc.gov/view/cdc/5560
2003,Oklahoma,0,0,same,https://stacks.cdc.gov/view/cdc/5560
2003,Rhode Island,0,0,same,https://stacks.cdc.gov/view/cdc/5560
2003,South Carolina,0,0,same,https://stacks.cdc.gov/view/cdc/5560
2003,South Dakota,0,0,same,https://stacks.cdc.gov/view/cdc/5560
2003,Tennessee,0,0,same,https://stacks.cdc.gov/view/cdc/5560
2003,Texas,0,0,same,https://stacks.cdc.gov/view/cdc/5560
2003,Utah,0,0,same,https://stacks.cdc.gov/view/cdc/5560
2003,Vermont,0,0,same,https://stacks.cdc.gov/view/cdc/5560
2003,Virginia,0,0,same,https://stacks.cdc.gov/view/cdc/5560
2003,Washington,0,0,same,https://stacks.cdc.gov/view/cdc/5560
2003,West Virginia,0,0,same,https://stacks.cdc.gov/view/cdc/5560
2003,Wyoming,0,0,same,https://stacks.cdc.gov/view/cdc/5560
2004,Alabama,0,0,same,https://stacks.cdc.gov/view/cdc/5557
2004,Alaska,0,0,same,https://stacks.cdc.gov/view/cdc/5557
2004,Arizona,0,0,same,https://stacks.cdc.gov/view/cdc/5557
2004,Arkansas,0,0,same,https://stacks.cdc.gov/view/cdc/5557
2004,Connecticut,0,0,same,https://stacks.cdc.gov/view/cdc/5557
2004,Delaware,0,0,same,https://stacks.cdc.gov/view/cdc/5557
2004,Idaho,0,0,same,https://stacks.cdc.gov/view/cdc/5557
2004,Indiana,0,0,same,https://stacks.cdc.gov/view/cdc/5557
2004,Kansas,0,0,same,https://stacks.cdc.gov/view/cdc/5557
2004,Kentucky,0,0,same,https://stacks.cdc.gov/view/cdc/5557
2004,Louisiana,0,0,same,https://stacks.cdc.gov/view/cdc/5557
2004,Maine,0,0,same,https://stacks.cdc.gov/view/cdc/5557
2004,Michigan,0,0,same,https://stacks.cdc.gov/view/cdc/5557
2004,Minnesota,0,0,same,https://stacks.cdc.gov/view/cdc/5557
2004,Mississippi,0,0,same,https://stacks.cdc.gov/view/cdc/5557
2004,Montana,0,0,same,https://stacks.cdc.gov/view/cdc/5557
2004,Nebraska,0,0,same,https://stacks.cdc.gov/view/cdc/5557
2004,Nevada,0,0,same,https://stacks.cdc.gov/view/cdc/5557
2004,New Hampshire,0,0,same,https://stacks.cdc.gov/view/cdc/5557
2004,New Mexico,0,0,same,https://stacks.cdc.gov/view/cdc/5557
2004,North Dakota,0,0,same,https://stacks.cdc.gov/view/cdc/5557
2004,Ohio,0,0,same,https://stacks.cdc.gov/view/cdc/5557
2004,Oklahoma,0,0,same,https://stacks.cdc.gov/view/cdc/5557
2004,Oregon,0,0,same,https://stacks.cdc.gov/view/cdc/5557
2004,Pennsylvania,0,0,same,https://stacks.cdc.gov/view/cdc/5557
2004,Rhode Island,0,0,same,https://stacks.cdc.gov/view/cdc/5557
2004,South Carolina,0,0,same,https://stacks.cdc.gov/view/cdc/5557
2004,South Dakota,0,0,same,https://stacks.cdc.gov/view/cdc/5557
2004,Tennessee,0,0,same,https://stacks.cdc.gov/view/cdc/5557
2004,Texas,0,0,same,https://stacks.cdc.gov/view/cdc/5557
2004,Utah,0,0,same,https://stacks.cdc.gov/view/cdc/5557
2004,Vermont,0,0,same,https://stacks.cdc.gov/view/cdc/5557
2004,Virginia,0,0,same,https://stacks.cdc.gov/view/cdc/5557
2004,West Virginia,0,0,same,https://stacks.cdc.gov/view/cdc/5557
2004,Wisconsin,0,0,same,https://stacks.cdc.gov/view/cdc/5557
2004,Wyoming,0,0,same,https://stacks.cdc.gov/view/cdc/5557
2005,Alabama,0,0,same,https://stacks.cdc.gov/view/cdc/5551
2005,Alaska,0,0,same,https://stacks.cdc.gov/view/cdc/5551
2005,Arkansas,0,0,same,https://stacks.cdc.gov/view/cdc/5551
2005,Colorado,0,0,same,https://stacks.cdc.gov/view/cdc/5551
2005,Connecticut,0,0,same,https://stacks.cdc.gov/view/cdc/5551
2005,Florida,0,0,same,https://stacks.cdc.gov/view/cdc/5551
2005,Georgia,0,0,same,https://stacks.cdc.gov/view/cdc/5551
2005,Idaho,0,0,same,https://stacks.cdc.gov/view/cdc/5551
2005,Iowa,0,0,same,https://stacks.cdc.gov/view/cdc/5551
2005,Kansas,0,0,same,https://stacks.cdc.gov/view/cdc/5551
2005,Kentucky,0,0,same,https://stacks.cdc.gov/view/cdc/5551
2005,Louisiana,0,0,same,https://stacks.cdc.gov/view/cdc/5551
2005,Maine,0,0,same,https://stacks.cdc.gov/view/cdc/5551
2005,Maryland,0,0,same,https://stacks.cdc.gov/view/cdc/5551
2005,Massachusetts,0,0,same,https://stacks.cdc.gov/view/cdc/5551
2005,Minnesota,0,0,same,https://stacks.cdc.gov/view/cdc/5551
2005,Mississippi,0,0,same,https://stacks.cdc.gov/view/cdc/5551
2005,Missouri,0,0,same,https://stacks.cdc.gov/view/cdc/5551
2005,Montana,0,0,same,https://stacks.cdc.gov/view/cdc/5551
2005,Nebraska,0,0,same,https://stacks.cdc.gov/view/cdc/5551
2005,Nevada,0,0,same,https://stacks.cdc.gov/view/cdc/5551
2005,New Mexico,0,0,same,https://stacks.cdc.gov/view/cdc/5551
2005,North Carolina,0,0,same,https://stacks.cdc.gov/view/cdc/5551
2005,North Dakota,0,0,same,https://stacks.cdc.gov/view/cdc/5551
2005,Oklahoma,0,0,same,https://stacks.cdc.gov/view/cdc/5551
2005,Pennsylvania,0,0,same,https://stacks.cdc.gov/view/cdc/5551
2005,Rhode Island,0,0,same,https://stacks.cdc.gov/view/cdc/5551
2005,South Carolina,0,0,same,https://stacks.cdc.gov/view/cdc/5551
2005,South Dakota,0,0,same,https://stacks.cdc.gov/view/cdc/5551
2005,Utah,0,0,same,https://stacks.cdc.gov/view/cdc/5551
2005,Vermont,0,0,same,https://stacks.cdc.gov/view/cdc/5551
2005,Virginia,0,0,same,https://stacks.cdc.gov/view/cdc/5551
2005,West Virginia,0,0,same,https://stacks.cdc.gov/view/cdc/5551
2005,Wyoming,0,0,same,https://stacks.cdc.gov/view/cdc/5551
2006,Alabama,0,0,same,https://stacks.cdc.gov/view/cdc/5546
2006,Alaska,0,0,same,https://stacks.cdc.gov/view/cdc/5546
2006,Arizona,0,0,same,https://stacks.cdc.gov/view/cdc/5546
2006,Arkansas,0,0,same,https://stacks.cdc.gov/view/cdc/5546
2006,Connecticut,0,0,same,https://stacks.cdc.gov/view/cdc/5546
2006,Delaware,0,0,same,https://stacks.cdc.gov/view/cdc/5546
2006,Georgia,0,0,same,https://stacks.cdc.gov/view/cdc/5546
2006,Hawaii,0,0,same,https://stacks.cdc.gov/view/cdc/5546
2006,Idaho,0,0,same,https://stacks.cdc.gov/view/cdc/5546
2006,Illinois,0,0,same,https://stacks.cdc.gov/view/cdc/5546
2006,Iowa,0,0,same,https://stacks.cdc.gov/view/cdc/5546
2006,Kentucky,0,0,same,https://stacks.cdc.gov/view/cdc/5546
2006,Louisiana,0,0,same,https://stacks.cdc.gov/view/cdc/5546
2006,Maine,0,0,same,https://stacks.cdc.gov/view/cdc/5546
2006,Mississippi,0,0,same,https://stacks.cdc.gov/view/cdc/5546
2006,Montana,0,0,same,https://stacks.cdc.gov/view/cdc/5546
2006,Nebraska,0,0,same,https://stacks.cdc.gov/view/cdc/5546
2006,Nevada,0,0,same,https://stacks.cdc.gov/view/cdc/5546
2006,New Mexico,0,0,same,https://stacks.cdc.gov/view/cdc/5546
2006,North Carolina,0,0,same,https://stacks.cdc.gov/view/cdc/5546
2006,North Dakota,0,0,same,https://stacks.cdc.gov/view/cdc/5546
2006,Ohio,0,0,same,https://stacks.cdc.gov/view/cdc/5546
2006,Oklahoma,0,0,same,https://stacks.cdc.gov/view/cdc/5546
2006,Rhode Island,0,0,same,https://stacks.cdc.gov/view/cdc/5546
2006,South Carolina,0,0,same,https://stacks.cdc.gov/view/cdc/5546
2006,South Dakota,0,0,same,https://stacks.cdc.gov/view/cdc/5546
2006,Tennessee,0,0,same,https://stacks.cdc.gov/view/cdc/5546
2006,Texas,0,0,same,https://stacks.cdc.gov/view/cdc/5546
2006,Utah,0,0,same,https://stacks.cdc.gov/view/cdc/5546
2006,Vermont,0,0,same,https://stacks.cdc.gov/view/cdc/5546
2006,Virginia,0,0,same,https://stacks.cdc.gov/view/cdc/5546
2006,West Virginia,0,0,same,https://stacks.cdc.gov/view/cdc/5546
2006,Wisconsin,0,0,same,https://stacks.cdc.gov/view/cdc/5546
2006,Wyoming,0,0,same,https://stacks.cdc.gov/view/cdc/5546
2007,Alabama,0,0,same,https://stacks.cdc.gov/view/cdc/5547
2007,Alaska,0,0,same,https://stacks.cdc.gov/view/cdc/5547
2007,Arizona,0,0,same,https://stacks.cdc.gov/view/cdc/5547
2007,Arkansas,0,0,same,https://stacks.cdc.gov/view/cdc/5547
2007,Colorado,0,0,same,https://stacks.cdc.gov/view/cdc/5547
2007,Connecticut,0,0,same,https://stacks.cdc.gov/view/cdc/5547
2007,Delaware,0,0,same,https://stacks.cdc.gov/view/cdc/5547
2007,Georgia,0,0,same,https://stacks.cdc.gov/view/cdc/5547
2007,Idaho,0,0,same,https://stacks.cdc.gov/view/cdc/5547
2007,Indiana,0,0,same,https://stacks.cdc.gov/view/cdc/5547
2007,Iowa,0,0,same,https://stacks.cdc.gov/view/cdc/5547
2007,Kansas,0,0,same,https://stacks.cdc.gov/view/cdc/5547
2007,Kentucky,0,0,same,https://stacks.cdc.gov/view/cdc/5547
2007,Louisiana,0,0,same,https://stacks.cdc.gov/view/cdc/5547
2007,Maine,0,0,same,https://stacks.cdc.gov/view/cdc/5547
2007,Maryland,0,0,same,https://stacks.cdc.gov/view/cdc/5547
2007,Mississippi,0,0,same,https://stacks.cdc.gov/view/cdc/5547
2007,Missouri,0,0,same,https://stacks.cdc.gov/view/cdc/5547
2007,Montana,0,0,same,https://stacks.cdc.gov/view/cdc/5547
2007,Nebraska,0,0,same,https://stacks.cdc.gov/view/cdc/5547
2007,Nevada,0,0,same,https://stacks.cdc.gov/view/cdc/5547
2007,New Hampshire,0,0,same,https://stacks.cdc.gov/view/cdc/5547
2007,North Dakota,0,0,same,https://stacks.cdc.gov/view/cdc/5547
2007,Ohio,0,0,same,https://stacks.cdc.gov/view/cdc/5547
2007,Oklahoma,0,0,same,https://stacks.cdc.gov/view/cdc/5547
2007,Rhode Island,0,0,same,https://stacks.cdc.gov/view/cdc/5547
2007,South Carolina,0,0,same,https://stacks.cdc.gov/view/cdc/5547
2007,South Dakota,0,0,same,https://stacks.cdc.gov/view/cdc/5547
2007,Tennessee,0,0,same,https://stacks.cdc.gov/view/cdc/5547
2007,Utah,0,0,same,https://stacks.cdc.gov/view/cdc/5547
2007,Vermont,0,0,same,https://stacks.cdc.gov/view/cdc/5547
2007,Virginia,0,0,same,https://stacks.cdc.gov/view/cdc/5547
2007,West Virginia,0,0,same,https://stacks.cdc.gov/view/cdc/5547
2007,Wisconsin,0,0,same,https://stacks.cdc.gov/view/cdc/5547
2007,Wyoming,0,0,same,https://stacks.cdc.gov/view/cdc/5547
2008,Alabama,0,0,same,https://stacks.cdc.gov/view/cdc/5672
2008,Alaska,0,0,same,https://stacks.cdc.gov/view/cdc/5672
2008,Colorado,0,0,same,https://stacks.cdc.gov/view/cdc/5672
2008,Connecticut,0,0,same,https://stacks.cdc.gov/view/cdc/5672
2008,Delaware,0,0,same,https://stacks.cdc.gov/view/cdc/5672
2008,Idaho,0,0,same,https://stacks.cdc.gov/view/cdc/5672
2008,Indiana,0,0,same,https://stacks.cdc.gov/view/cdc/5672
2008,Iowa,0,0,same,https://stacks.cdc.gov/view/cdc/5672
2008,Kansas,0,0,same,https://stacks.cdc.gov/view/cdc/5672
2008,Kentucky,0,0,same,https://stacks.cdc.gov/view/cdc/5672
2008,Maine,0,0,same,https://stacks.cdc.gov/view/cdc/5672
2008,Maryland,0,0,same,https://stacks.cdc.gov/view/cdc/5672
2008,Minnesota,0,0,same,https://stacks.cdc.gov/view/cdc/5672
2008,Mississippi,0,0,same,https://stacks.cdc.gov/view/cdc/5672
2008,Montana,0,0,same,https://stacks.cdc.gov/view/cdc/5672
2008,Nebraska,0,0,same,https://stacks.cdc.gov/view/cdc/5672
2008,Nevada,0,0,same,https://stacks.cdc.gov/view/cdc/5672
2008,New Hampshire,0,0,same,https://stacks.cdc.gov/view/cdc/5672
2008,North Carolina,0,0,same,https://stacks.cdc.gov/view/cdc/5672
2008,North Dakota,0,0,same,https://stacks.cdc.gov/view/cdc/5672
2008,Ohio,0,0,same,https://stacks.cdc.gov/view/cdc/5672
2008,Oklahoma,0,0,same,https://stacks.cdc.gov/view/cdc/5672
2008,Rhode Island,0,0,same,https://stacks.cdc.gov/view/cdc/5672
2008,South Carolina,0,0,same,https://stacks.cdc.gov/view/cdc/5672
2008,South Dakota,0,0,same,https://stacks.cdc.gov/view/cdc/5672
2008,Tennessee,0,0,same,https://stacks.cdc.gov/view/cdc/5672
2008,Texas,0,0,same,https://stacks.cdc.gov/view/cdc/5672
2008,Utah,0,0,same,https://stacks.cdc.gov/view/cdc/5672
2008,Vermont,0,0,same,https://stacks.cdc.gov/view/cdc/5672
2008,West Virginia,0,0,same,https://stacks.cdc.gov/view/cdc/5672
2008,Wyoming,0,0,same,https://stacks.cdc.gov/view/cdc/5672
2009,Alabama,0,0,same,https://stacks.cdc.gov/view/cdc/6125
2009,Alaska,0,0,same,https://stacks.cdc.gov/view/cdc/6125
2009,Arizona,0,0,same,https://stacks.cdc.gov/view/cdc/6125
2009,Arkansas,0,0,same,https://stacks.cdc.gov/view/cdc/6125
2009,Colorado,0,0,same,https://stacks.cdc.gov/view/cdc/6125
2009,Connecticut,0,0,same,https://stacks.cdc.gov/view/cdc/6125
2009,Delaware,0,0,same,https://stacks.cdc.gov/view/cdc/6125
2009,Hawaii,0,0,same,https://stacks.cdc.gov/view/cdc/6125
2009,Idaho,0,0,same,https://stacks.cdc.gov/view/cdc/6125
2009,Illinois,0,0,same,https://stacks.cdc.gov/view/cdc/6125
2009,Indiana,0,0,same,https://stacks.cdc.gov/view/cdc/6125
2009,Kansas,0,0,same,https://stacks.cdc.gov/view/cdc/6125
2009,Kentucky,0,0,same,https://stacks.cdc.gov/view/cdc/6125
2009,Louisiana,0,0,same,https://stacks.cdc.gov/view/cdc/6125
2009,Maine,0,0,same,https://stacks.cdc.gov/view/cdc/6125
2009,Michigan,0,0,same,https://stacks.cdc.gov/view/cdc/6125
2009,Mississippi,0,0,same,https://stacks.cdc.gov/view/cdc/6125
2009,Montana,0,0,same,https://stacks.cdc.gov/view/cdc/6125
2009,Nebraska,0,0,same,https://stacks.cdc.gov/view/cdc/6125
2009,Nevada,0,0,same,https://stacks.cdc.gov/view/cdc/6125
2009,New Hampshire,0,0,same,https://stacks.cdc.gov/view/cdc/6125
2009,New Mexico,0,0,same,https://stacks.cdc.gov/view/cdc/6125
2009,North Carolina,0,0,same,https://stacks.cdc.gov/view/cdc/6125
2009,North Dakota,0,0,same,https://stacks.cdc.gov/view/cdc/6125
2009,Oklahoma,0,0,same,https://stacks.cdc.gov/view/cdc/6125
2009,Oregon,0,0,same,https://stacks.cdc.gov/view/cdc/6125
2009,Rhode Island,0,0,same,https://stacks.cdc.gov/view/cdc/6125
2009,South Carolina,0,0,same,https://stacks.cdc.gov/view/cdc/6125
2009,South Dakota,0,0,same,https://stacks.cdc.gov/view/cdc/6125
2009,Utah,0,0,same,https://stacks.cdc.gov/view/cdc/6125
2009,Vermont,0,0,same,https://stacks.cdc.gov/view/cdc/6125
2009,Wisconsin,0,0,same,https://stacks.cdc.gov/view/cdc/6125
2009,Wyoming,0,0,same,https://stacks.cdc.gov/view/cdc/6125
2010,Alabama,0,0,same,https://stacks.cdc.gov/view/cdc/21266
2010,Alaska,0,0,same,https://stacks.cdc.gov/view/cdc/21266
2010,Arkansas,0,0,same,https://stacks.cdc.gov/view/cdc/21266
2010,Colorado,0,0,same,https://stacks.cdc.gov/view/cdc/21266
2010,Delaware,0,0,same,https://stacks.cdc.gov/view/cdc/21266
2010,Idaho,0,0,same,https://stacks.cdc.gov/view/cdc/21266
2010,Illinois,0,0,same,https://stacks.cdc.gov/view/cdc/21266
2010,Indiana,0,0,same,https://stacks.cdc.gov/view/cdc/21266
2010,Iowa,0,0,same,https://stacks.cdc.gov/view/cdc/21266
2010,Kansas,0,0,same,https://stacks.cdc.gov/view/cdc/21266
2010,Louisiana,0,0,same,https://stacks.cdc.gov/view/cdc/21266
2010,Maine,0,0,same,https://stacks.cdc.gov/view/cdc/21266
2010,Maryland,0,0,same,https://stacks.cdc.gov/view/cdc/21266
2010,Michigan,0,0,same,https://stacks.cdc.gov/view/cdc/21266
2010,Mississippi,0,0,same,https://stacks.cdc.gov/view/cdc/21266
2010,Montana,0,0,same,https://stacks.cdc.gov/view/cdc/21266
2010,Nebraska,0,0,same,https://stacks.cdc.gov/view/cdc/21266
2010,Nevada,1,0,DIFFERENT,https://stacks.cdc.gov/view/cdc/21266
2010,New Hampshire,0,0,same,https://stacks.cdc.gov/view/cdc/21266
2010,New Jersey,0,0,same,https://stacks.cdc.gov/view/cdc/21266
2010,North Carolina,0,0,same,https://stacks.cdc.gov/view/cdc/21266
2010,North Dakota,0,0,same,https://stacks.cdc.gov/view/cdc/21266
2010,Oklahoma,0,0,same,https://stacks.cdc.gov/view/cdc/21266
2010,Oregon,0,0,same,https://stacks.cdc.gov/view/cdc/21266
2010,Rhode Island,0,0,same,https://stacks.cdc.gov/view/cdc/21266
2010,South Carolina,0,0,same,https://stacks.cdc.gov/view/cdc/21266
2010,South Dakota,0,0,same,https://stacks.cdc.gov/view/cdc/21266
2010,Tennessee,0,0,same,https://stacks.cdc.gov/view/cdc/21266
2010,Texas,0,0,same,https://stacks.cdc.gov/view/cdc/21266
2010,Utah,0,0,same,https://stacks.cdc.gov/view/cdc/21266
2010,Vermont,0,0,same,https://stacks.cdc.gov/view/cdc/21266
2010,West Virginia,0,0,same,https://stacks.cdc.gov/view/cdc/21266
2010,Wisconsin,0,0,same,https://stacks.cdc.gov/view/cdc/21266
2011,Alabama,0,0,same,https://stacks.cdc.gov/view/cdc/21267
2011,Alaska,0,0,same,https://stacks.cdc.gov/view/cdc/21267
2011,Arkansas,0,0,same,https://stacks.cdc.gov/view/cdc/21267
2011,Colorado,0,0,same,https://stacks.cdc.gov/view/cdc/21267
2011,Georgia,0,0,same,https://stacks.cdc.gov/view/cdc/21267
2011,Hawaii,0,0,same,https://stacks.cdc.gov/view/cdc/21267
2011,Idaho,0,0,same,https://stacks.cdc.gov/view/cdc/21267
2011,Louisiana,0,0,same,https://stacks.cdc.gov/view/cdc/21267
2011,Maine,0,0,same,https://stacks.cdc.gov/view/cdc/21267
2011,Mississippi,0,0,same,https://stacks.cdc.gov/view/cdc/21267
2011,Missouri,0,0,same,https://stacks.cdc.gov/view/cdc/21267
2011,Montana,0,0,same,https://stacks.cdc.gov/view/cdc/21267
2011,Nebraska,0,0,same,https://stacks.cdc.gov/view/cdc/21267
2011,Nevada,1,1,same,https://stacks.cdc.gov/view/cdc/21267
2011,Ohio,0,0,same,https://stacks.cdc.gov/view/cdc/21267
2011,Oklahoma,0,0,same,https://stacks.cdc.gov/view/cdc/21267
2011,South Carolina,0,0,same,https://stacks.cdc.gov/view/cdc/21267
2011,South Dakota,0,0,same,https://stacks.cdc.gov/view/cdc/21267
2011,West Virginia,0,0,same,https://stacks.cdc.gov/view/cdc/21267
2012,Alabama,0,0,same,https://stacks.cdc.gov/view/cdc/25289
2012,Alaska,0,0,same,https://stacks.cdc.gov/view/cdc/25289
2012,Colorado,0,0,same,https://stacks.cdc.gov/view/cdc/25289
2012,Florida,0,0,same,https://stacks.cdc.gov/view/cdc/25289
2012,Hawaii,0,0,same,https://stacks.cdc.gov/view/cdc/25289
2012,Idaho,0,0,same,https://stacks.cdc.gov/view/cdc/25289
2012,Illinois,0,0,same,https://stacks.cdc.gov/view/cdc/25289
2012,Iowa,0,0,same,https://stacks.cdc.gov/view/cdc/25289
2012,Kentucky,0,0,same,https://stacks.cdc.gov/view/cdc/25289
2012,Louisiana,0,0,same,https://stacks.cdc.gov/view/cdc/25289
2012,Maine,0,0,same,https://stacks.cdc.gov/view/cdc/25289
2012,Maryland,0,0,same,https://stacks.cdc.gov/view/cdc/25289
2012,Massachusetts,0,0,same,https://stacks.cdc.gov/view/cdc/25289
2012,Minnesota,0,0,same,https://stacks.cdc.gov/view/cdc/25289
2012,Mississippi,0,0,same,https://stacks.cdc.gov/view/cdc/25289
2012,Missouri,0,0,same,https://stacks.cdc.gov/view/cdc/25289
2012,Montana,0,0,same,https://stacks.cdc.gov/view/cdc/25289
2012,Nebraska,0,0,same,https://stacks.cdc.gov/view/cdc/25289
2012,Nevada,0,0,same,https://stacks.cdc.gov/view/cdc/25289
2012,New Hampshire,0,0,same,https://stacks.cdc.gov/view/cdc/25289
2012,North Carolina,0,0,same,https://stacks.cdc.gov/view/cdc/25289
2012,North Dakota,0,0,same,https://stacks.cdc.gov/view/cdc/25289
2012,Oklahoma,0,0,same,https://stacks.cdc.gov/view/cdc/25289
2012,Rhode Island,0,0,same,https://stacks.cdc.gov/view/cdc/25289
2012,South Carolina,0,0,same,https://stacks.cdc.gov/view/cdc/25289
2012,South Dakota,0,0,same,https://stacks.cdc.gov/view/cdc/25289
2012,Tennessee,0,0,same,https://stacks.cdc.gov/view/cdc/25289
2012,Texas,0,0,same,https://stacks.cdc.gov/view/cdc/25289
2012,Vermont,0,0,same,https://stacks.cdc.gov/view/cdc/25289
2012,Virginia,0,0,same,https://stacks.cdc.gov/view/cdc/25289
2012,Washington,0,0,same,https://stacks.cdc.gov/view/cdc/25289
2012,West Virginia,0,0,same,https://stacks.cdc.gov/view/cdc/25289
2012,Wisconsin,0,0,same,https://stacks.cdc.gov/view/cdc/25289
2012,Wyoming,0,0,same,https://stacks.cdc.gov/view/cdc/25289
2013,Alabama,0,0,same,https://stacks.cdc.gov/view/cdc/35110
2013,Alaska,0,0,same,https://stacks.cdc.gov/view/cdc/35110
2013,Arkansas,0,0,same,https://stacks.cdc.gov/view/cdc/35110
2013,Connecticut,0,0,same,https://stacks.cdc.gov/view/cdc/35110
2013,Delaware,0,0,same,https://stacks.cdc.gov/view/cdc/35110
2013,Georgia,0,0,same,https://stacks.cdc.gov/view/cdc/35110
2013,Hawaii,0,0,same,https://stacks.cdc.gov/view/cdc/35110
2013,Idaho,0,0,same,https://stacks.cdc.gov/view/cdc/35110
2013,Iowa,0,0,same,https://stacks.cdc.gov/view/cdc/35110
2013,Kansas,0,0,same,https://stacks.cdc.gov/view/cdc/35110
2013,Kentucky,0,0,same,https://stacks.cdc.gov/view/cdc/35110
2013,Louisiana,0,0,same,https://stacks.cdc.gov/view/cdc/35110
2013,Maine,0,0,same,https://stacks.cdc.gov/view/cdc/35110
2013,Mississippi,0,0,same,https://stacks.cdc.gov/view/cdc/35110
2013,Montana,0,0,same,https://stacks.cdc.gov/view/cdc/35110
2013,Nebraska,0,0,same,https://stacks.cdc.gov/view/cdc/35110
2013,Nevada,0,0,same,https://stacks.cdc.gov/view/cdc/35110
2013,New Hampshire,0,0,same,https://stacks.cdc.gov/view/cdc/35110
2013,New Mexico,0,0,same,https://stacks.cdc.gov/view/cdc/35110
2013,North Dakota,0,0,same,https://stacks.cdc.gov/view/cdc/35110
2013,Ohio,0,0,same,https://stacks.cdc.gov/view/cdc/35110
2013,Oklahoma,0,0,same,https://stacks.cdc.gov/view/cdc/35110
2013,Pennsylvania,0,0,same,https://stacks.cdc.gov/view/cdc/35110
2013,South Carolina,0,0,same,https://stacks.cdc.gov/view/cdc/35110
2013,South Dakota,0,0,same,https://stacks.cdc.gov/view/cdc/35110
2013,Tennessee,0,0,same,https://stacks.cdc.gov/view/cdc/35110
2013,Utah,0,0,same,https://stacks.cdc.gov/view/cdc/35110
2013,Vermont,0,0,same,https://stacks.cdc.gov/view/cdc/35110
2013,Virginia,0,0,same,https://stacks.cdc.gov/view/cdc/35110
2013,West Virginia,0,0,same,https://stacks.cdc.gov/view/cdc/35110
2013,Wisconsin,0,0,same,https://stacks.cdc.gov/view/cdc/35110
2013,Wyoming,0,0,same,https://stacks.cdc.gov/view/cdc/35110
2014,Alaska,0,0,same,https://stacks.cdc.gov/view/cdc/41689
2014,Arkansas,0,0,same,https://stacks.cdc.gov/view/cdc/21266
2014,Delaware,0,0,same,https://stacks.cdc.gov/view/cdc/41689
2014,Florida,0,0,same,https://stacks.cdc.gov/view/cdc/41689
2014,Georgia,0,0,same,https://stacks.cdc.gov/view/cdc/41689
2014,Idaho,0,0,same,https://stacks.cdc.gov/view/cdc/41689
2014,Iowa,0,0,same,https://stacks.cdc.gov/view/cdc/41689
2014,Kentucky,0,0,same,https://stacks.cdc.gov/view/cdc/41689
2014,Louisiana,0,0,same,https://stacks.cdc.gov/view/cdc/41689
2014,Maine,0,0,same,https://stacks.cdc.gov/view/cdc/41689
2014,Maryland,0,0,same,https://stacks.cdc.gov/view/cdc/41689
2014,Mississippi,0,0,same,https://stacks.cdc.gov/view/cdc/41689
2014,Montana,0,0,same,https://stacks.cdc.gov/view/cdc/41689
2014,Nevada,0,0,same,https://stacks.cdc.gov/view/cdc/41689
2014,New Hampshire,0,0,same,https://stacks.cdc.gov/view/cdc/41689
2014,North Dakota,0,0,same,https://stacks.cdc.gov/view/cdc/41689
2014,Oklahoma,0,0,same,https://stacks.cdc.gov/view/cdc/41689
2014,Rhode Island,0,0,same,https://stacks.cdc.gov/view/cdc/41689
2014,South Carolina,0,0,same,https://stacks.cdc.gov/view/cdc/41689
2014,Vermont,0,0,same,https://stacks.cdc.gov/view/cdc/41689
2014,West Virginia,0,0,same,https://stacks.cdc.gov/view/cdc/41689
2014,Wyoming,0,0,same,https://stacks.cdc.gov/view/cdc/41689
2015,Alabama,0,0,same,https://stacks.cdc.gov/view/cdc/47455
2015,Alaska,0,0,same,https://stacks.cdc.gov/view/cdc/47455
2015,Arkansas,0,0,same,https://stacks.cdc.gov/view/cdc/47455
2015,Connecticut,0,0,same,https://stacks.cdc.gov/view/cdc/47455
2015,Hawaii,0,0,same,https://stacks.cdc.gov/view/cdc/47455
2015,Idaho,0,0,same,https://stacks.cdc.gov/view/cdc/47455
2015,Indiana,0,0,same,https://stacks.cdc.gov/view/cdc/47455
2015,Iowa,0,0,same,https://stacks.cdc.gov/view/cdc/47455
2015,Kansas,0,0,same,https://stacks.cdc.gov/view/cdc/47455
2015,Kentucky,0,0,same,https://stacks.cdc.gov/view/cdc/47455
2015,Louisiana,0,0,same,https://stacks.cdc.gov/view/cdc/47455
2015,Maine,0,0,same,https://stacks.cdc.gov/view/cdc/47455
2015,Maryland,0,0,same,https://stacks.cdc.gov/view/cdc/47455
2015,Massachusetts,0,0,same,https://stacks.cdc.gov/view/cdc/47455
2015,Mississippi,0,0,same,https://stacks.cdc.gov/view/cdc/47455
2015,Montana,0,0,same,https://stacks.cdc.gov/view/cdc/47455
2015,New Hampshire,0,0,same,https://stacks.cdc.gov/view/cdc/47455
2015,New Mexico,0,0,same,https://stacks.cdc.gov/view/cdc/47455
2015,North Carolina,0,0,same,https://stacks.cdc.gov/view/cdc/47455
2015,North Dakota,0,0,same,https://stacks.cdc.gov/view/cdc/47455
2015,Oregon,0,0,same,https://stacks.cdc.gov/view/cdc/47455
2015,Rhode Island,0,0,same,https://stacks.cdc.gov/view/cdc/47455
2015,South Carolina,0,0,same,https://stacks.cdc.gov/view/cdc/47455
2015,Tennessee,0,0,same,https://stacks.cdc.gov/view/cdc/47455
2015,Vermont,0,0,same,https://stacks.cdc.gov/view/cdc/47455
2015,West Virginia,0,0,same,https://stacks.cdc.gov/view/cdc/47455
2015,Wisconsin,0,0,same,https://stacks.cdc.gov/view/cdc/47455
2015,Wyoming,0,0,same,https://stacks.cdc.gov/view/cdc/47455
