year,source_file,statement_as_printed
1956,stacks_10893_DS1.pdf,
1957,stacks_1035_DS1.pdf,
1958,stacks_1162_DS1.pdf,
1959,stacks_1302_DS1.pdf,
1960,stacks_1360_DS1.pdf,
1961,stacks_1427_DS1.pdf,
1962,stacks_380_DS1.pdf,
1963,stacks_491_DS1.pdf,
1964,stacks_698_DS1.pdf,
1965,stacks_740_DS1.pdf,
1966,stacks_615_DS1.pdf,
1967,stacks_1555_DS1.pdf,
1968,stacks_1717_DS1.pdf,
1969,stacks_838_DS1.pdf,
1970,stacks_951_DS1.pdf,
1971,stacks_1829_DS1.pdf,
1972,stacks_1895_DS1.pdf,
1973,stacks_1849_DS1.pdf,
1974,stacks_1743_DS1.pdf,
1975,stacks_1041_DS1.pdf,
1976,stacks_1130_DS1.pdf,
1977,stacks_10894_DS1.pdf,
1978,stacks_10895_DS1.pdf,SOURCES OF DATA Data on the reported incidence of notifiable diseases are routinely published in the Morbidity and M ortality Weekly Report (MMWR) and compiled in final form in this summary from annual reports supplied by the state and territorial departments of health.
1979,stacks_1577_DS1.pdf,
1980,stacks_1484_DS1.pdf,Data Sources Data on the reported occurrence of notifiable diseases are routinely published in the M orbidity and M ortality Weekly Report (MMWR) and compiled in final form in this summary from annual reports submitted by the state and territorial departments °f health.
1981,stacks_1307_DS1.pdf,ix Data Sources Data on the reported occurrence of notifiable diseases are routinely published in the Morbidi- and Mortality Weekly Report (MMWR) and compiled in final form in this summary from r nual reports submitted by the state and territorial departments of health.
1982,stacks_35066_DS1.pdf,IX Data Sources Data on the reported occurrence of notifiable diseases are routinely published in the MMWR and compiled in final form in the Annual Summary from annual reports submitted by the state and territorial departments of health.
1983,stacks_35188_DS1.pdf,IX Data Sources Data on the reported occurrence of notifiable diseases are routinely published in the MMWR and compiled in final form in the Annual Summary from annual reports submitted by the state and territorial departments of health.
1984,stacks_35267_DS1.pdf,IX Data Sources Data on the reported occurrence of notifiable diseases are routinely published in the MMWR and compiled in final form in the Annual Summary from annual reports submitted by the state and territorial departments of health.
1985,stacks_35429_DS1.pdf,Data Sources Data on the reported occurrence of notifiable diseases are routinely published in the MMWR and compiled in final form in this summary from annual reports submitted by the state and territorial departments of health.
1986,stacks_35496_DS1.pdf,Mi Data Sources Data on the reported occurrence of notifiable diseases are routinely published in the MMWR and compiled in final form in this summary from annual reports submitted by the state and territorial departments of health.
1987,stacks_35629_DS1.pdf,iii Data Sources Data on the reported occurrence of notifiable diseases are routinely published in the MMWR and compiled in final form in this summary from annual reports submitted by the state and territorial departments of health.
1988,stacks_35958_DS1.pdf,iii Data Sources Data on the reported occurrence of notifiable diseases are routinely published in the MMWR and compiled in final form in this summary from annual reports submitted by the state and territorial departments of health.
1989,stacks_35853_DS1.pdf,ill Data Sources Data on the reported occurrence of notifiable diseases are routinely published in the MMWR and compiled in final form in this summary from annual reports submitted by the state and territorial departments of health.
1990,stacks_35905_DS1.pdf,iii Data Sources Data on the reported occurrence of notifiable diseases are routinely published in the MMWR and compiled in final form in this summary from electronic data transmitted by the state and territorial departments of health through the National Electronic Telecommunications System for Surveillance (NETSS).
1991,stacks_36010_DS1.pdf,iii Data Sources Data on the reported occurrence of notifiable diseases are routinely published in the MMW R and compiled in final form in this summary from electronic data transmitted by the state and territorial departments of health through the National Electronic Telecommunications System for Surveillance (NETSS).
1992,stacks_36063_DS1.pdf,iii Data Sources Data on the reported occurrence of notifiable diseases are published routinely in the MMWR and compiled in final form in this summary from electronic data transm itted by the state and territorial departments of health through the National Electronic Telecommunications System for Surveillance (NETSS).
1993,mm4253.pdf,iii Data Sources Provisional data on the reported occurrence of notifiable diseases are published routinely in MMWR; these data are compiled in final form in this summary.
1994,mm4353.pdf,"The data are final totals as of July 7, 1995, unless otherwise noted."
1995,mm4453.pdf,"The data are final totals as of July 26, 1996, unless otherwise noted."
1996,mm4553.pdf,"The data are final totals as of July 25, 1997, unless otherwise noted."
1997,mm4654.pdf,"The data are final totals as of July 25, 1998, unless otherwise noted."
1998,mm4753.pdf,"The data are final totals as of August 13, 1999, unless otherwise noted."
1999,mm4853.pdf,"The data are final totals as of August 15, 2000, unless otherwise noted."
2000,mm4953.pdf,"Data are final totals as of August 24, 2001, unless otherwise noted."
2001,mm5053.pdf,"The data are final totals reported as of June 21, 2002, unless otherwise noted."
2002,mm5153.pdf,"The data are final totals for 2002 reported as of June 30, 2003, unless otherwise noted."
2003,mm5254.pdf,"Unless otherwise noted, the data are final totals for 2003 reported as of June 30, 2004."
2004,mm5353.pdf,"Unless otherwise noted, the data are final totals for 2004 reported as of December 2, 2005."
2005,mm5453.pdf,"Unless otherwise noted, the data are final totals for 2005 reported as of June 30, 2006."
2006,mm5553.pdf,"Unless otherwise noted, the data are final totals for 2006 reported as of June 30, 2007."
2007,mm5653.pdf,"Unless otherwise noted, the data are final totals for 2007 reported as of June 30, 2008."
2008,mm5754.pdf,"Unless otherwise noted, the data are final totals for 2008 reported as of June 30, 2009."
2009,mm5853.pdf,"Unless otherwise noted, the data are final totals for 2009 reported as of June 30, 2010."
2010,mm5953.pdf,"Unless otherwise noted, the data are final totals for 2010, reported as of June 30, 2011."
2011,mm6053.pdf,"Unless otherwise noted, the data are final totals for 2011 reported as of June 30, 2012."
2012,mm6153.pdf,"Unless otherwise noted, the data are final totals for 2012 reported as of June 30, 2013."
2013,mm6253.pdf,"Unless otherwise noted, data are final totals for 2013 reported as of June 30, 2014."
2014,mm6354.pdf,"Unless otherwise noted, data are final totals for 2014 reported as of June 30, 2015."
2015,mm6453.pdf,"Unless otherwise noted, data are final totals for 2015 reported as of June 30, 2016."
2016,stacks_49381_DS2.txt,"2016 data are reported through June 30, 2017 // NNDSS data displayed in the annual tables are accurate as of October 17, 2017 // Publication criteria for the finalized 2016 data are available at https://wonder // NNDSS data displayed in the annual tables are accurate as of October 17, 2017; source data may be updated as additional information is received"
2017,wonder_2017-table2e_wayback_20250109233529.txt,Publication criteria for the finalized 2017 data are available at https://wonder
2018,stacks_82388_DS2.txt,Publication criteria for the finalized 2018 data are available at https://wonder
2019,stacks_106480_DS2.txt,Publication criteria for the finalized 2019 data are available at https://wonder
2020,stacks_175634_DS2.txt,Publication criteria for the finalized 2020 data are available at https://wonder
2021,stacks_175661_DS2.txt,Publication criteria for the finalized 2021 data are available at https://wonder
2022,stacks_175688_DS2.txt,Publication criteria for the finalized 2022 data are available at https://wonder
2023,stacks_251104_DS1.pdf,Publication criteria for the finalized 2023 data are available at https://www
