year,disease,pdf_cells,html_cells,cells_differing,differences
2007,measles_indigenous,67,67,0,
2007,measles_imported,67,67,0,
2007,pertussis,67,67,0,
2007,mumps,67,67,0,
2007,rubella,67,67,0,
2007,hepatitis_a,67,67,0,
2008,measles,67,67,0,
2008,measles_indigenous,67,67,0,
2008,measles_imported,67,67,0,
2008,pertussis,67,67,0,
2008,mumps,67,67,0,
2008,rubella,67,67,0,
2008,hepatitis_a,67,67,0,
2009,measles,67,67,0,
2009,measles_indigenous,67,67,0,
2009,measles_imported,67,67,0,
2009,pertussis,67,67,0,
2009,mumps,67,67,0,
2009,rubella,67,67,0,
2009,hepatitis_a,67,67,0,
2009,polio_paralytic,67,67,0,
2010,measles,67,67,0,
2010,measles_indigenous,67,67,0,
2010,measles_imported,67,67,0,
2010,pertussis,67,67,0,
2010,mumps,67,67,0,
2010,rubella,67,67,0,
2010,hepatitis_a,67,67,0,
2011,measles,67,67,0,
2011,measles_indigenous,67,67,0,
2011,measles_imported,67,67,0,
2011,pertussis,67,67,0,
2011,mumps,67,67,0,
2011,rubella,67,67,0,
2011,hepatitis_a,67,67,0,
2012,measles,67,68,0,
2012,measles_indigenous,67,68,0,
2012,measles_imported,67,68,0,
2012,pertussis,67,68,0,
2012,mumps,67,68,0,
2012,rubella,67,68,0,
2012,hepatitis_a,67,68,0,
2012,diphtheria,67,68,0,
2013,measles,67,68,0,
2013,measles_indigenous,67,68,0,
2013,measles_imported,67,68,0,
2013,pertussis,67,68,0,
2013,mumps,67,68,0,
2013,rubella,67,68,0,
2013,hepatitis_a,67,68,0,
2013,polio_paralytic,67,68,0,
2014,measles,67,67,0,
2014,measles_indigenous,67,67,0,
2014,measles_imported,67,67,0,
2014,pertussis,67,67,0,
2014,mumps,67,67,0,
2014,rubella,67,67,0,
2014,hepatitis_a,67,67,0,
2014,diphtheria,67,68,0,
2015,measles,67,67,0,
2015,measles_indigenous,67,67,0,
2015,measles_imported,67,67,0,
2015,pertussis,67,67,0,
2015,mumps,67,67,0,
2015,rubella,67,67,0,
2015,hepatitis_a,67,67,0,
