vaccine,year,date_if_stated,source_title,source_url,source_file,what_the_year_means,source_quote
polio_inactivated_salk,1955,,Chapter 18: Poliomyelitis | Pink Book | CDC,https://www.cdc.gov/pinkbook/hcp/table-of-contents/chapter-18-poliomyelitis.html,lic_pinkbook_polio.html,licensed,Inactivated poliovirus (IPV) vaccine was licensed for use in 1955
polio_oral_sabin,1961,,Chapter 18: Poliomyelitis | Pink Book | CDC,https://www.cdc.gov/pinkbook/hcp/table-of-contents/chapter-18-poliomyelitis.html,lic_pinkbook_polio.html,first oral vaccines licensed (monovalent types 1 and 2),"In 1961, type 1 and 2 monovalent oral poliovirus (mOPV) vaccines were licensed, followed by type 3 mOPV vaccine in 1962, and trivalent OPV (tOPV) vaccine in 1963"
polio_oral_sabin_trivalent,1963,,Chapter 18: Poliomyelitis | Pink Book | CDC,https://www.cdc.gov/pinkbook/hcp/table-of-contents/chapter-18-poliomyelitis.html,lic_pinkbook_polio.html,trivalent oral vaccine licensed,"In 1961, type 1 and 2 monovalent oral poliovirus (mOPV) vaccines were licensed, followed by type 3 mOPV vaccine in 1962, and trivalent OPV (tOPV) vaccine in 1963"
measles,1963,,Chapter 13: Measles | Pink Book | CDC,https://www.cdc.gov/pinkbook/hcp/table-of-contents/chapter-13-measles.html,lic_pinkbook_measles.html,licensed,"In 1963, both an inactivated (""killed"") and a live, attenuated (Edmonston B strain) measles vaccine were licensed for use in the United States"
mumps,1967,,Chapter 15: Mumps | Pink Book | CDC,https://www.cdc.gov/pinkbook/hcp/table-of-contents/chapter-15-mumps.html,lic_pinkbook_mumps.html,licensed,"The live, attenuated mumps vaccine (Jeryl Lynn strain) was licensed for use in the United States in 1967"
rubella,1969,,Chapter 20: Rubella | Pink Book | CDC,https://www.cdc.gov/pinkbook/hcp/table-of-contents/chapter-20-rubella.html,lic_pinkbook_rubella.html,licensed,The first rubella vaccines were licensed in 1969
mmr_combined,1971,,Chapter 13: Measles | Pink Book | CDC,https://www.cdc.gov/pinkbook/hcp/table-of-contents/chapter-13-measles.html,lic_pinkbook_measles.html,licensed,"In 1971, a combined measles, mumps, and rubella (MMR) vaccine was licensed for use in the United States"
pertussis_whole_cell,1914,,Chapter 16: Pertussis | Pink Book | CDC,https://www.cdc.gov/pinkbook/hcp/table-of-contents/chapter-16-pertussis.html,lic_pinkbook_pertussis.html,licensed (pertussis vaccine alone),Whole-cell pertussis vaccines were first licensed in the United States in 1914 and were available as a combined vaccine with diphtheria and tetanus toxoids (as DTP) in 1948
dtp_whole_cell,1948,,Chapter 16: Pertussis | Pink Book | CDC,https://www.cdc.gov/pinkbook/hcp/table-of-contents/chapter-16-pertussis.html,lic_pinkbook_pertussis.html,combined DTP became available; the source does not use the word licensed for this year,Whole-cell pertussis vaccines were first licensed in the United States in 1914 and were available as a combined vaccine with diphtheria and tetanus toxoids (as DTP) in 1948
dtap_acellular,1991,"December 17, 1991",Pertussis Vaccination: Acellular Pertussis Vaccine for Reinforcing and Booster Use -- Supplementary ACIP Statement Recommendations of the Immunization Practices Advisory Committee,https://www.cdc.gov/mmwr/preview/mmwrhtml/00041801.htm,lic_mmwr_dtap_1992.htm,licensed for the fourth and fifth doses only,"On December 17, 1991, the FDA licensed one Dtap vaccine for use as the fourth and fifth doses of the recommended DTP series"
dtap_acellular_infants,1996,"July 31, 1996","Notice to Readers Food and Drug Administration Approval of an Acellular Pertussis Vaccine for the Initial Four Doses of the Diphtheria, Tetanus, and Pertussis Vaccination Series",https://www.cdc.gov/mmwr/preview/mmwrhtml/00043252.htm,lic_mmwr_dtap_infants_1996.htm,"first acellular vaccine licensed for the first doses, in infants","On July 31, 1996, the Food and Drug Administration licensed Connaught Laboratories, Inc. * (Swiftwater, Pennsylvania), to distribute a combined diphtheria and tetanus toxoids and acellular pertussis vaccine (DTaP) (Tripedia{Registered} ** ), for the initial four doses of the diphtheria, tetanus, and pertussis vaccination series"
hepatitis_a,1995,February 1995,Notice to Readers Licensure of Inactivated Hepatitis A Vaccine and Recommendations for Use Among International Travelers,https://www.cdc.gov/mmwr/preview/mmwrhtml/00038243.htm,lic_mmwr_hepa_1995.htm,"licensed (month stated, no day)","In February 1995, Havrix(R) * , an inactivated hepatitis A vaccine distributed by SmithKline Beecham Pharmaceuticals (Philadelphia, Pennsylvania) was licensed by the Food and Drug Administration for use in persons aged greater than or equal to 2 years to prevent hepatitis A virus (HAV) infection"
hepatitis_a,1995,,Chapter 9: Hepatitis A | Pink Book | CDC,https://www.cdc.gov/pinkbook/hcp/table-of-contents/chapter-9-hepatitis-a.html,lic_pinkbook_hepatitis_a.html,licensed,Hepatitis A (HepA) vaccines were first licensed for use in the United States in 1995
diphtheria_toxoid,1923,,"Achievements in Public Health, 1900-1999 Impact of Vaccines Universally Recommended for Children -- United States, 1990-1998",https://www.cdc.gov/mmwr/preview/mmwrhtml/00056803.htm,lic_mmwr_achievements_1999.htm,"year the vaccine was developed (first published results of use), per the table legend; the source gives no licensure year for diphtheria toxoid",Diphtheria* 1923+
polio_inactivated_salk,1955,,"Achievements in Public Health, 1900-1999 Impact of Vaccines Universally Recommended for Children -- United States, 1990-1998",https://www.cdc.gov/mmwr/preview/mmwrhtml/00056803.htm,lic_mmwr_achievements_1999.htm,licensed,Polio vaccine was licensed in the United States in 1955
measles,1963,,"Achievements in Public Health, 1900-1999 Impact of Vaccines Universally Recommended for Children -- United States, 1990-1998",https://www.cdc.gov/mmwr/preview/mmwrhtml/00056803.htm,lic_mmwr_achievements_1999.htm,licensed,Measles vaccine was licensed in the United States in 1963
mumps,1967,,"Achievements in Public Health, 1900-1999 Impact of Vaccines Universally Recommended for Children -- United States, 1990-1998",https://www.cdc.gov/mmwr/preview/mmwrhtml/00056803.htm,lic_mmwr_achievements_1999.htm,"licensed, per the table legend",Mumps* 1967&
rubella,1969,,"Achievements in Public Health, 1900-1999 Impact of Vaccines Universally Recommended for Children -- United States, 1990-1998",https://www.cdc.gov/mmwr/preview/mmwrhtml/00056803.htm,lic_mmwr_achievements_1999.htm,"licensed, per the table legend",Rubella* 1969&
hepatitis_a,1995,,"Achievements in Public Health, 1900-1999 Impact of Vaccines Universally Recommended for Children -- United States, 1990-1998",https://www.cdc.gov/mmwr/preview/mmwrhtml/00056803.htm,lic_mmwr_achievements_1999.htm,"licensed, per the table legend",Hepatitis A 1995&
