year,survey,age_group,vaccine,estimate,flag,source_url,source_file,source_table
1962,USIS,1-4 years,dtp_3,67.8,,http://www.jonathans-stories.com/non-fiction/Simpson4SurveysAJPM2001.pdf,simpson2001_ajpm.pdf,"Simpson DM, Ezzati-Rice TM, Zell ER. Forty years and four surveys. Am J Prev Med 2001;20(4S):6-14. Table 1. Vaccination coverage in children aged 1 to 4 years by antigen"
1963,USIS,1-4 years,dtp_3,72.9,,http://www.jonathans-stories.com/non-fiction/Simpson4SurveysAJPM2001.pdf,simpson2001_ajpm.pdf,"Simpson DM, Ezzati-Rice TM, Zell ER. Forty years and four surveys. Am J Prev Med 2001;20(4S):6-14. Table 1. Vaccination coverage in children aged 1 to 4 years by antigen"
1964,USIS,1-4 years,dtp_3,76.0,,http://www.jonathans-stories.com/non-fiction/Simpson4SurveysAJPM2001.pdf,simpson2001_ajpm.pdf,"Simpson DM, Ezzati-Rice TM, Zell ER. Forty years and four surveys. Am J Prev Med 2001;20(4S):6-14. Table 1. Vaccination coverage in children aged 1 to 4 years by antigen"
1965,USIS,1-4 years,dtp_3,73.9,,http://www.jonathans-stories.com/non-fiction/Simpson4SurveysAJPM2001.pdf,simpson2001_ajpm.pdf,"Simpson DM, Ezzati-Rice TM, Zell ER. Forty years and four surveys. Am J Prev Med 2001;20(4S):6-14. Table 1. Vaccination coverage in children aged 1 to 4 years by antigen"
1966,USIS,1-4 years,dtp_3,74.5,,http://www.jonathans-stories.com/non-fiction/Simpson4SurveysAJPM2001.pdf,simpson2001_ajpm.pdf,"Simpson DM, Ezzati-Rice TM, Zell ER. Forty years and four surveys. Am J Prev Med 2001;20(4S):6-14. Table 1. Vaccination coverage in children aged 1 to 4 years by antigen"
1967,USIS,1-4 years,dtp_3,77.9,,http://www.jonathans-stories.com/non-fiction/Simpson4SurveysAJPM2001.pdf,simpson2001_ajpm.pdf,"Simpson DM, Ezzati-Rice TM, Zell ER. Forty years and four surveys. Am J Prev Med 2001;20(4S):6-14. Table 1. Vaccination coverage in children aged 1 to 4 years by antigen"
1968,USIS,1-4 years,dtp_3,76.5,,http://www.jonathans-stories.com/non-fiction/Simpson4SurveysAJPM2001.pdf,simpson2001_ajpm.pdf,"Simpson DM, Ezzati-Rice TM, Zell ER. Forty years and four surveys. Am J Prev Med 2001;20(4S):6-14. Table 1. Vaccination coverage in children aged 1 to 4 years by antigen"
1969,USIS,1-4 years,dtp_3,77.4,,http://www.jonathans-stories.com/non-fiction/Simpson4SurveysAJPM2001.pdf,simpson2001_ajpm.pdf,"Simpson DM, Ezzati-Rice TM, Zell ER. Forty years and four surveys. Am J Prev Med 2001;20(4S):6-14. Table 1. Vaccination coverage in children aged 1 to 4 years by antigen"
1970,USIS,1-4 years,dtp_3,76.1,,http://www.jonathans-stories.com/non-fiction/Simpson4SurveysAJPM2001.pdf,simpson2001_ajpm.pdf,"Simpson DM, Ezzati-Rice TM, Zell ER. Forty years and four surveys. Am J Prev Med 2001;20(4S):6-14. Table 1. Vaccination coverage in children aged 1 to 4 years by antigen"
1971,USIS,1-4 years,dtp_3,78.7,,http://www.jonathans-stories.com/non-fiction/Simpson4SurveysAJPM2001.pdf,simpson2001_ajpm.pdf,"Simpson DM, Ezzati-Rice TM, Zell ER. Forty years and four surveys. Am J Prev Med 2001;20(4S):6-14. Table 1. Vaccination coverage in children aged 1 to 4 years by antigen"
1972,USIS,1-4 years,dtp_3,75.6,,http://www.jonathans-stories.com/non-fiction/Simpson4SurveysAJPM2001.pdf,simpson2001_ajpm.pdf,"Simpson DM, Ezzati-Rice TM, Zell ER. Forty years and four surveys. Am J Prev Med 2001;20(4S):6-14. Table 1. Vaccination coverage in children aged 1 to 4 years by antigen"
1973,USIS,1-4 years,dtp_3,72.6,,http://www.jonathans-stories.com/non-fiction/Simpson4SurveysAJPM2001.pdf,simpson2001_ajpm.pdf,"Simpson DM, Ezzati-Rice TM, Zell ER. Forty years and four surveys. Am J Prev Med 2001;20(4S):6-14. Table 1. Vaccination coverage in children aged 1 to 4 years by antigen"
1974,USIS,1-4 years,dtp_3,73.9,,http://www.jonathans-stories.com/non-fiction/Simpson4SurveysAJPM2001.pdf,simpson2001_ajpm.pdf,"Simpson DM, Ezzati-Rice TM, Zell ER. Forty years and four surveys. Am J Prev Med 2001;20(4S):6-14. Table 1. Vaccination coverage in children aged 1 to 4 years by antigen"
1975,USIS,1-4 years,dtp_3,75.2,,http://www.jonathans-stories.com/non-fiction/Simpson4SurveysAJPM2001.pdf,simpson2001_ajpm.pdf,"Simpson DM, Ezzati-Rice TM, Zell ER. Forty years and four surveys. Am J Prev Med 2001;20(4S):6-14. Table 1. Vaccination coverage in children aged 1 to 4 years by antigen"
1976,USIS,1-4 years,dtp_3,71.4,,http://www.jonathans-stories.com/non-fiction/Simpson4SurveysAJPM2001.pdf,simpson2001_ajpm.pdf,"Simpson DM, Ezzati-Rice TM, Zell ER. Forty years and four surveys. Am J Prev Med 2001;20(4S):6-14. Table 1. Vaccination coverage in children aged 1 to 4 years by antigen"
1977,USIS,1-4 years,dtp_3,69.5,,http://www.jonathans-stories.com/non-fiction/Simpson4SurveysAJPM2001.pdf,simpson2001_ajpm.pdf,"Simpson DM, Ezzati-Rice TM, Zell ER. Forty years and four surveys. Am J Prev Med 2001;20(4S):6-14. Table 1. Vaccination coverage in children aged 1 to 4 years by antigen"
1978,USIS,1-4 years,dtp_3,68.0,,http://www.jonathans-stories.com/non-fiction/Simpson4SurveysAJPM2001.pdf,simpson2001_ajpm.pdf,"Simpson DM, Ezzati-Rice TM, Zell ER. Forty years and four surveys. Am J Prev Med 2001;20(4S):6-14. Table 1. Vaccination coverage in children aged 1 to 4 years by antigen"
1979,USIS,1-4 years,dtp_3,65.4,,http://www.jonathans-stories.com/non-fiction/Simpson4SurveysAJPM2001.pdf,simpson2001_ajpm.pdf,"Simpson DM, Ezzati-Rice TM, Zell ER. Forty years and four surveys. Am J Prev Med 2001;20(4S):6-14. Table 1. Vaccination coverage in children aged 1 to 4 years by antigen"
1980,USIS,1-4 years,dtp_3,66.3,,http://www.jonathans-stories.com/non-fiction/Simpson4SurveysAJPM2001.pdf,simpson2001_ajpm.pdf,"Simpson DM, Ezzati-Rice TM, Zell ER. Forty years and four surveys. Am J Prev Med 2001;20(4S):6-14. Table 1. Vaccination coverage in children aged 1 to 4 years by antigen"
1981,USIS,1-4 years,dtp_3,67.5,,http://www.jonathans-stories.com/non-fiction/Simpson4SurveysAJPM2001.pdf,simpson2001_ajpm.pdf,"Simpson DM, Ezzati-Rice TM, Zell ER. Forty years and four surveys. Am J Prev Med 2001;20(4S):6-14. Table 1. Vaccination coverage in children aged 1 to 4 years by antigen"
1982,USIS,1-4 years,dtp_3,66.3,,http://www.jonathans-stories.com/non-fiction/Simpson4SurveysAJPM2001.pdf,simpson2001_ajpm.pdf,"Simpson DM, Ezzati-Rice TM, Zell ER. Forty years and four surveys. Am J Prev Med 2001;20(4S):6-14. Table 1. Vaccination coverage in children aged 1 to 4 years by antigen"
1983,USIS,1-4 years,dtp_3,65.7,,http://www.jonathans-stories.com/non-fiction/Simpson4SurveysAJPM2001.pdf,simpson2001_ajpm.pdf,"Simpson DM, Ezzati-Rice TM, Zell ER. Forty years and four surveys. Am J Prev Med 2001;20(4S):6-14. Table 1. Vaccination coverage in children aged 1 to 4 years by antigen"
1984,USIS,1-4 years,dtp_3,65.7,,http://www.jonathans-stories.com/non-fiction/Simpson4SurveysAJPM2001.pdf,simpson2001_ajpm.pdf,"Simpson DM, Ezzati-Rice TM, Zell ER. Forty years and four surveys. Am J Prev Med 2001;20(4S):6-14. Table 1. Vaccination coverage in children aged 1 to 4 years by antigen"
1985,USIS,1-4 years,dtp_3,64.9,,http://www.jonathans-stories.com/non-fiction/Simpson4SurveysAJPM2001.pdf,simpson2001_ajpm.pdf,"Simpson DM, Ezzati-Rice TM, Zell ER. Forty years and four surveys. Am J Prev Med 2001;20(4S):6-14. Table 1. Vaccination coverage in children aged 1 to 4 years by antigen"
1964,USIS,1-4 years,measles,24.0,,http://www.jonathans-stories.com/non-fiction/Simpson4SurveysAJPM2001.pdf,simpson2001_ajpm.pdf,"Simpson DM, Ezzati-Rice TM, Zell ER. Forty years and four surveys. Am J Prev Med 2001;20(4S):6-14. Table 1. Vaccination coverage in children aged 1 to 4 years by antigen"
1965,USIS,1-4 years,measles,33.2,,http://www.jonathans-stories.com/non-fiction/Simpson4SurveysAJPM2001.pdf,simpson2001_ajpm.pdf,"Simpson DM, Ezzati-Rice TM, Zell ER. Forty years and four surveys. Am J Prev Med 2001;20(4S):6-14. Table 1. Vaccination coverage in children aged 1 to 4 years by antigen"
1966,USIS,1-4 years,measles,45.4,,http://www.jonathans-stories.com/non-fiction/Simpson4SurveysAJPM2001.pdf,simpson2001_ajpm.pdf,"Simpson DM, Ezzati-Rice TM, Zell ER. Forty years and four surveys. Am J Prev Med 2001;20(4S):6-14. Table 1. Vaccination coverage in children aged 1 to 4 years by antigen"
1967,USIS,1-4 years,measles,56.4,,http://www.jonathans-stories.com/non-fiction/Simpson4SurveysAJPM2001.pdf,simpson2001_ajpm.pdf,"Simpson DM, Ezzati-Rice TM, Zell ER. Forty years and four surveys. Am J Prev Med 2001;20(4S):6-14. Table 1. Vaccination coverage in children aged 1 to 4 years by antigen"
1968,USIS,1-4 years,measles,58.8,,http://www.jonathans-stories.com/non-fiction/Simpson4SurveysAJPM2001.pdf,simpson2001_ajpm.pdf,"Simpson DM, Ezzati-Rice TM, Zell ER. Forty years and four surveys. Am J Prev Med 2001;20(4S):6-14. Table 1. Vaccination coverage in children aged 1 to 4 years by antigen"
1969,USIS,1-4 years,measles,61.4,,http://www.jonathans-stories.com/non-fiction/Simpson4SurveysAJPM2001.pdf,simpson2001_ajpm.pdf,"Simpson DM, Ezzati-Rice TM, Zell ER. Forty years and four surveys. Am J Prev Med 2001;20(4S):6-14. Table 1. Vaccination coverage in children aged 1 to 4 years by antigen"
1970,USIS,1-4 years,measles,57.2,,http://www.jonathans-stories.com/non-fiction/Simpson4SurveysAJPM2001.pdf,simpson2001_ajpm.pdf,"Simpson DM, Ezzati-Rice TM, Zell ER. Forty years and four surveys. Am J Prev Med 2001;20(4S):6-14. Table 1. Vaccination coverage in children aged 1 to 4 years by antigen"
1971,USIS,1-4 years,measles,61.0,,http://www.jonathans-stories.com/non-fiction/Simpson4SurveysAJPM2001.pdf,simpson2001_ajpm.pdf,"Simpson DM, Ezzati-Rice TM, Zell ER. Forty years and four surveys. Am J Prev Med 2001;20(4S):6-14. Table 1. Vaccination coverage in children aged 1 to 4 years by antigen"
1972,USIS,1-4 years,measles,62.2,,http://www.jonathans-stories.com/non-fiction/Simpson4SurveysAJPM2001.pdf,simpson2001_ajpm.pdf,"Simpson DM, Ezzati-Rice TM, Zell ER. Forty years and four surveys. Am J Prev Med 2001;20(4S):6-14. Table 1. Vaccination coverage in children aged 1 to 4 years by antigen"
1973,USIS,1-4 years,measles,61.2,,http://www.jonathans-stories.com/non-fiction/Simpson4SurveysAJPM2001.pdf,simpson2001_ajpm.pdf,"Simpson DM, Ezzati-Rice TM, Zell ER. Forty years and four surveys. Am J Prev Med 2001;20(4S):6-14. Table 1. Vaccination coverage in children aged 1 to 4 years by antigen"
1974,USIS,1-4 years,measles,64.5,,http://www.jonathans-stories.com/non-fiction/Simpson4SurveysAJPM2001.pdf,simpson2001_ajpm.pdf,"Simpson DM, Ezzati-Rice TM, Zell ER. Forty years and four surveys. Am J Prev Med 2001;20(4S):6-14. Table 1. Vaccination coverage in children aged 1 to 4 years by antigen"
1975,USIS,1-4 years,measles,65.5,,http://www.jonathans-stories.com/non-fiction/Simpson4SurveysAJPM2001.pdf,simpson2001_ajpm.pdf,"Simpson DM, Ezzati-Rice TM, Zell ER. Forty years and four surveys. Am J Prev Med 2001;20(4S):6-14. Table 1. Vaccination coverage in children aged 1 to 4 years by antigen"
1976,USIS,1-4 years,measles,65.9,,http://www.jonathans-stories.com/non-fiction/Simpson4SurveysAJPM2001.pdf,simpson2001_ajpm.pdf,"Simpson DM, Ezzati-Rice TM, Zell ER. Forty years and four surveys. Am J Prev Med 2001;20(4S):6-14. Table 1. Vaccination coverage in children aged 1 to 4 years by antigen"
1977,USIS,1-4 years,measles,63.1,,http://www.jonathans-stories.com/non-fiction/Simpson4SurveysAJPM2001.pdf,simpson2001_ajpm.pdf,"Simpson DM, Ezzati-Rice TM, Zell ER. Forty years and four surveys. Am J Prev Med 2001;20(4S):6-14. Table 1. Vaccination coverage in children aged 1 to 4 years by antigen"
1978,USIS,1-4 years,measles,62.8,,http://www.jonathans-stories.com/non-fiction/Simpson4SurveysAJPM2001.pdf,simpson2001_ajpm.pdf,"Simpson DM, Ezzati-Rice TM, Zell ER. Forty years and four surveys. Am J Prev Med 2001;20(4S):6-14. Table 1. Vaccination coverage in children aged 1 to 4 years by antigen"
1979,USIS,1-4 years,measles,62.7,,http://www.jonathans-stories.com/non-fiction/Simpson4SurveysAJPM2001.pdf,simpson2001_ajpm.pdf,"Simpson DM, Ezzati-Rice TM, Zell ER. Forty years and four surveys. Am J Prev Med 2001;20(4S):6-14. Table 1. Vaccination coverage in children aged 1 to 4 years by antigen"
1980,USIS,1-4 years,measles,63.7,,http://www.jonathans-stories.com/non-fiction/Simpson4SurveysAJPM2001.pdf,simpson2001_ajpm.pdf,"Simpson DM, Ezzati-Rice TM, Zell ER. Forty years and four surveys. Am J Prev Med 2001;20(4S):6-14. Table 1. Vaccination coverage in children aged 1 to 4 years by antigen"
1981,USIS,1-4 years,measles,63.8,,http://www.jonathans-stories.com/non-fiction/Simpson4SurveysAJPM2001.pdf,simpson2001_ajpm.pdf,"Simpson DM, Ezzati-Rice TM, Zell ER. Forty years and four surveys. Am J Prev Med 2001;20(4S):6-14. Table 1. Vaccination coverage in children aged 1 to 4 years by antigen"
1982,USIS,1-4 years,measles,64.0,,http://www.jonathans-stories.com/non-fiction/Simpson4SurveysAJPM2001.pdf,simpson2001_ajpm.pdf,"Simpson DM, Ezzati-Rice TM, Zell ER. Forty years and four surveys. Am J Prev Med 2001;20(4S):6-14. Table 1. Vaccination coverage in children aged 1 to 4 years by antigen"
1983,USIS,1-4 years,measles,64.9,,http://www.jonathans-stories.com/non-fiction/Simpson4SurveysAJPM2001.pdf,simpson2001_ajpm.pdf,"Simpson DM, Ezzati-Rice TM, Zell ER. Forty years and four surveys. Am J Prev Med 2001;20(4S):6-14. Table 1. Vaccination coverage in children aged 1 to 4 years by antigen"
1984,USIS,1-4 years,measles,62.8,,http://www.jonathans-stories.com/non-fiction/Simpson4SurveysAJPM2001.pdf,simpson2001_ajpm.pdf,"Simpson DM, Ezzati-Rice TM, Zell ER. Forty years and four surveys. Am J Prev Med 2001;20(4S):6-14. Table 1. Vaccination coverage in children aged 1 to 4 years by antigen"
1985,USIS,1-4 years,measles,60.8,,http://www.jonathans-stories.com/non-fiction/Simpson4SurveysAJPM2001.pdf,simpson2001_ajpm.pdf,"Simpson DM, Ezzati-Rice TM, Zell ER. Forty years and four surveys. Am J Prev Med 2001;20(4S):6-14. Table 1. Vaccination coverage in children aged 1 to 4 years by antigen"
1973,USIS,1-4 years,mumps,34.7,,http://www.jonathans-stories.com/non-fiction/Simpson4SurveysAJPM2001.pdf,simpson2001_ajpm.pdf,"Simpson DM, Ezzati-Rice TM, Zell ER. Forty years and four surveys. Am J Prev Med 2001;20(4S):6-14. Table 1. Vaccination coverage in children aged 1 to 4 years by antigen"
1974,USIS,1-4 years,mumps,39.4,,http://www.jonathans-stories.com/non-fiction/Simpson4SurveysAJPM2001.pdf,simpson2001_ajpm.pdf,"Simpson DM, Ezzati-Rice TM, Zell ER. Forty years and four surveys. Am J Prev Med 2001;20(4S):6-14. Table 1. Vaccination coverage in children aged 1 to 4 years by antigen"
1975,USIS,1-4 years,mumps,44.4,,http://www.jonathans-stories.com/non-fiction/Simpson4SurveysAJPM2001.pdf,simpson2001_ajpm.pdf,"Simpson DM, Ezzati-Rice TM, Zell ER. Forty years and four surveys. Am J Prev Med 2001;20(4S):6-14. Table 1. Vaccination coverage in children aged 1 to 4 years by antigen"
1976,USIS,1-4 years,mumps,48.3,,http://www.jonathans-stories.com/non-fiction/Simpson4SurveysAJPM2001.pdf,simpson2001_ajpm.pdf,"Simpson DM, Ezzati-Rice TM, Zell ER. Forty years and four surveys. Am J Prev Med 2001;20(4S):6-14. Table 1. Vaccination coverage in children aged 1 to 4 years by antigen"
1977,USIS,1-4 years,mumps,48.1,,http://www.jonathans-stories.com/non-fiction/Simpson4SurveysAJPM2001.pdf,simpson2001_ajpm.pdf,"Simpson DM, Ezzati-Rice TM, Zell ER. Forty years and four surveys. Am J Prev Med 2001;20(4S):6-14. Table 1. Vaccination coverage in children aged 1 to 4 years by antigen"
1978,USIS,1-4 years,mumps,51.1,,http://www.jonathans-stories.com/non-fiction/Simpson4SurveysAJPM2001.pdf,simpson2001_ajpm.pdf,"Simpson DM, Ezzati-Rice TM, Zell ER. Forty years and four surveys. Am J Prev Med 2001;20(4S):6-14. Table 1. Vaccination coverage in children aged 1 to 4 years by antigen"
1979,USIS,1-4 years,mumps,55.4,,http://www.jonathans-stories.com/non-fiction/Simpson4SurveysAJPM2001.pdf,simpson2001_ajpm.pdf,"Simpson DM, Ezzati-Rice TM, Zell ER. Forty years and four surveys. Am J Prev Med 2001;20(4S):6-14. Table 1. Vaccination coverage in children aged 1 to 4 years by antigen"
1980,USIS,1-4 years,mumps,56.6,,http://www.jonathans-stories.com/non-fiction/Simpson4SurveysAJPM2001.pdf,simpson2001_ajpm.pdf,"Simpson DM, Ezzati-Rice TM, Zell ER. Forty years and four surveys. Am J Prev Med 2001;20(4S):6-14. Table 1. Vaccination coverage in children aged 1 to 4 years by antigen"
1981,USIS,1-4 years,mumps,58.4,,http://www.jonathans-stories.com/non-fiction/Simpson4SurveysAJPM2001.pdf,simpson2001_ajpm.pdf,"Simpson DM, Ezzati-Rice TM, Zell ER. Forty years and four surveys. Am J Prev Med 2001;20(4S):6-14. Table 1. Vaccination coverage in children aged 1 to 4 years by antigen"
1982,USIS,1-4 years,mumps,58.9,,http://www.jonathans-stories.com/non-fiction/Simpson4SurveysAJPM2001.pdf,simpson2001_ajpm.pdf,"Simpson DM, Ezzati-Rice TM, Zell ER. Forty years and four surveys. Am J Prev Med 2001;20(4S):6-14. Table 1. Vaccination coverage in children aged 1 to 4 years by antigen"
1983,USIS,1-4 years,mumps,59.5,,http://www.jonathans-stories.com/non-fiction/Simpson4SurveysAJPM2001.pdf,simpson2001_ajpm.pdf,"Simpson DM, Ezzati-Rice TM, Zell ER. Forty years and four surveys. Am J Prev Med 2001;20(4S):6-14. Table 1. Vaccination coverage in children aged 1 to 4 years by antigen"
1984,USIS,1-4 years,mumps,58.7,,http://www.jonathans-stories.com/non-fiction/Simpson4SurveysAJPM2001.pdf,simpson2001_ajpm.pdf,"Simpson DM, Ezzati-Rice TM, Zell ER. Forty years and four surveys. Am J Prev Med 2001;20(4S):6-14. Table 1. Vaccination coverage in children aged 1 to 4 years by antigen"
1985,USIS,1-4 years,mumps,58.9,,http://www.jonathans-stories.com/non-fiction/Simpson4SurveysAJPM2001.pdf,simpson2001_ajpm.pdf,"Simpson DM, Ezzati-Rice TM, Zell ER. Forty years and four surveys. Am J Prev Med 2001;20(4S):6-14. Table 1. Vaccination coverage in children aged 1 to 4 years by antigen"
1959,USIS,1-4 years,polio_3,65,printed as a whole number in the source,http://www.jonathans-stories.com/non-fiction/Simpson4SurveysAJPM2001.pdf,simpson2001_ajpm.pdf,"Simpson DM, Ezzati-Rice TM, Zell ER. Forty years and four surveys. Am J Prev Med 2001;20(4S):6-14. Table 1. Vaccination coverage in children aged 1 to 4 years by antigen"
1960,USIS,1-4 years,polio_3,72.2,,http://www.jonathans-stories.com/non-fiction/Simpson4SurveysAJPM2001.pdf,simpson2001_ajpm.pdf,"Simpson DM, Ezzati-Rice TM, Zell ER. Forty years and four surveys. Am J Prev Med 2001;20(4S):6-14. Table 1. Vaccination coverage in children aged 1 to 4 years by antigen"
1961,USIS,1-4 years,polio_3,74.3,,http://www.jonathans-stories.com/non-fiction/Simpson4SurveysAJPM2001.pdf,simpson2001_ajpm.pdf,"Simpson DM, Ezzati-Rice TM, Zell ER. Forty years and four surveys. Am J Prev Med 2001;20(4S):6-14. Table 1. Vaccination coverage in children aged 1 to 4 years by antigen"
1962,USIS,1-4 years,polio_3,78.4,,http://www.jonathans-stories.com/non-fiction/Simpson4SurveysAJPM2001.pdf,simpson2001_ajpm.pdf,"Simpson DM, Ezzati-Rice TM, Zell ER. Forty years and four surveys. Am J Prev Med 2001;20(4S):6-14. Table 1. Vaccination coverage in children aged 1 to 4 years by antigen"
1963,USIS,1-4 years,polio_3,84.1,,http://www.jonathans-stories.com/non-fiction/Simpson4SurveysAJPM2001.pdf,simpson2001_ajpm.pdf,"Simpson DM, Ezzati-Rice TM, Zell ER. Forty years and four surveys. Am J Prev Med 2001;20(4S):6-14. Table 1. Vaccination coverage in children aged 1 to 4 years by antigen"
1964,USIS,1-4 years,polio_3,87.6,,http://www.jonathans-stories.com/non-fiction/Simpson4SurveysAJPM2001.pdf,simpson2001_ajpm.pdf,"Simpson DM, Ezzati-Rice TM, Zell ER. Forty years and four surveys. Am J Prev Med 2001;20(4S):6-14. Table 1. Vaccination coverage in children aged 1 to 4 years by antigen"
1965,USIS,1-4 years,polio_3,73.9,,http://www.jonathans-stories.com/non-fiction/Simpson4SurveysAJPM2001.pdf,simpson2001_ajpm.pdf,"Simpson DM, Ezzati-Rice TM, Zell ER. Forty years and four surveys. Am J Prev Med 2001;20(4S):6-14. Table 1. Vaccination coverage in children aged 1 to 4 years by antigen"
1966,USIS,1-4 years,polio_3,70.2,,http://www.jonathans-stories.com/non-fiction/Simpson4SurveysAJPM2001.pdf,simpson2001_ajpm.pdf,"Simpson DM, Ezzati-Rice TM, Zell ER. Forty years and four surveys. Am J Prev Med 2001;20(4S):6-14. Table 1. Vaccination coverage in children aged 1 to 4 years by antigen"
1967,USIS,1-4 years,polio_3,70.9,,http://www.jonathans-stories.com/non-fiction/Simpson4SurveysAJPM2001.pdf,simpson2001_ajpm.pdf,"Simpson DM, Ezzati-Rice TM, Zell ER. Forty years and four surveys. Am J Prev Med 2001;20(4S):6-14. Table 1. Vaccination coverage in children aged 1 to 4 years by antigen"
1968,USIS,1-4 years,polio_3,68.3,,http://www.jonathans-stories.com/non-fiction/Simpson4SurveysAJPM2001.pdf,simpson2001_ajpm.pdf,"Simpson DM, Ezzati-Rice TM, Zell ER. Forty years and four surveys. Am J Prev Med 2001;20(4S):6-14. Table 1. Vaccination coverage in children aged 1 to 4 years by antigen"
1969,USIS,1-4 years,polio_3,67.7,,http://www.jonathans-stories.com/non-fiction/Simpson4SurveysAJPM2001.pdf,simpson2001_ajpm.pdf,"Simpson DM, Ezzati-Rice TM, Zell ER. Forty years and four surveys. Am J Prev Med 2001;20(4S):6-14. Table 1. Vaccination coverage in children aged 1 to 4 years by antigen"
1970,USIS,1-4 years,polio_3,65.9,"Health, United States 1986, Table 34 prints 77.5 for this cell; Health, United States 1978, Table 36 prints the value used here",http://www.jonathans-stories.com/non-fiction/Simpson4SurveysAJPM2001.pdf,simpson2001_ajpm.pdf,"Simpson DM, Ezzati-Rice TM, Zell ER. Forty years and four surveys. Am J Prev Med 2001;20(4S):6-14. Table 1. Vaccination coverage in children aged 1 to 4 years by antigen"
1971,USIS,1-4 years,polio_3,67.3,,http://www.jonathans-stories.com/non-fiction/Simpson4SurveysAJPM2001.pdf,simpson2001_ajpm.pdf,"Simpson DM, Ezzati-Rice TM, Zell ER. Forty years and four surveys. Am J Prev Med 2001;20(4S):6-14. Table 1. Vaccination coverage in children aged 1 to 4 years by antigen"
1972,USIS,1-4 years,polio_3,62.9,,http://www.jonathans-stories.com/non-fiction/Simpson4SurveysAJPM2001.pdf,simpson2001_ajpm.pdf,"Simpson DM, Ezzati-Rice TM, Zell ER. Forty years and four surveys. Am J Prev Med 2001;20(4S):6-14. Table 1. Vaccination coverage in children aged 1 to 4 years by antigen"
1973,USIS,1-4 years,polio_3,60.4,,http://www.jonathans-stories.com/non-fiction/Simpson4SurveysAJPM2001.pdf,simpson2001_ajpm.pdf,"Simpson DM, Ezzati-Rice TM, Zell ER. Forty years and four surveys. Am J Prev Med 2001;20(4S):6-14. Table 1. Vaccination coverage in children aged 1 to 4 years by antigen"
1974,USIS,1-4 years,polio_3,63.1,,http://www.jonathans-stories.com/non-fiction/Simpson4SurveysAJPM2001.pdf,simpson2001_ajpm.pdf,"Simpson DM, Ezzati-Rice TM, Zell ER. Forty years and four surveys. Am J Prev Med 2001;20(4S):6-14. Table 1. Vaccination coverage in children aged 1 to 4 years by antigen"
1975,USIS,1-4 years,polio_3,64.8,,http://www.jonathans-stories.com/non-fiction/Simpson4SurveysAJPM2001.pdf,simpson2001_ajpm.pdf,"Simpson DM, Ezzati-Rice TM, Zell ER. Forty years and four surveys. Am J Prev Med 2001;20(4S):6-14. Table 1. Vaccination coverage in children aged 1 to 4 years by antigen"
1976,USIS,1-4 years,polio_3,61.6,,http://www.jonathans-stories.com/non-fiction/Simpson4SurveysAJPM2001.pdf,simpson2001_ajpm.pdf,"Simpson DM, Ezzati-Rice TM, Zell ER. Forty years and four surveys. Am J Prev Med 2001;20(4S):6-14. Table 1. Vaccination coverage in children aged 1 to 4 years by antigen"
1977,USIS,1-4 years,polio_3,60.1,,http://www.jonathans-stories.com/non-fiction/Simpson4SurveysAJPM2001.pdf,simpson2001_ajpm.pdf,"Simpson DM, Ezzati-Rice TM, Zell ER. Forty years and four surveys. Am J Prev Med 2001;20(4S):6-14. Table 1. Vaccination coverage in children aged 1 to 4 years by antigen"
1978,USIS,1-4 years,polio_3,61.4,,http://www.jonathans-stories.com/non-fiction/Simpson4SurveysAJPM2001.pdf,simpson2001_ajpm.pdf,"Simpson DM, Ezzati-Rice TM, Zell ER. Forty years and four surveys. Am J Prev Med 2001;20(4S):6-14. Table 1. Vaccination coverage in children aged 1 to 4 years by antigen"
1979,USIS,1-4 years,polio_3,59.1,,http://www.jonathans-stories.com/non-fiction/Simpson4SurveysAJPM2001.pdf,simpson2001_ajpm.pdf,"Simpson DM, Ezzati-Rice TM, Zell ER. Forty years and four surveys. Am J Prev Med 2001;20(4S):6-14. Table 1. Vaccination coverage in children aged 1 to 4 years by antigen"
1980,USIS,1-4 years,polio_3,58.8,,http://www.jonathans-stories.com/non-fiction/Simpson4SurveysAJPM2001.pdf,simpson2001_ajpm.pdf,"Simpson DM, Ezzati-Rice TM, Zell ER. Forty years and four surveys. Am J Prev Med 2001;20(4S):6-14. Table 1. Vaccination coverage in children aged 1 to 4 years by antigen"
1981,USIS,1-4 years,polio_3,60.0,,http://www.jonathans-stories.com/non-fiction/Simpson4SurveysAJPM2001.pdf,simpson2001_ajpm.pdf,"Simpson DM, Ezzati-Rice TM, Zell ER. Forty years and four surveys. Am J Prev Med 2001;20(4S):6-14. Table 1. Vaccination coverage in children aged 1 to 4 years by antigen"
1982,USIS,1-4 years,polio_3,58.0,,http://www.jonathans-stories.com/non-fiction/Simpson4SurveysAJPM2001.pdf,simpson2001_ajpm.pdf,"Simpson DM, Ezzati-Rice TM, Zell ER. Forty years and four surveys. Am J Prev Med 2001;20(4S):6-14. Table 1. Vaccination coverage in children aged 1 to 4 years by antigen"
1983,USIS,1-4 years,polio_3,57.0,,http://www.jonathans-stories.com/non-fiction/Simpson4SurveysAJPM2001.pdf,simpson2001_ajpm.pdf,"Simpson DM, Ezzati-Rice TM, Zell ER. Forty years and four surveys. Am J Prev Med 2001;20(4S):6-14. Table 1. Vaccination coverage in children aged 1 to 4 years by antigen"
1984,USIS,1-4 years,polio_3,54.8,,http://www.jonathans-stories.com/non-fiction/Simpson4SurveysAJPM2001.pdf,simpson2001_ajpm.pdf,"Simpson DM, Ezzati-Rice TM, Zell ER. Forty years and four surveys. Am J Prev Med 2001;20(4S):6-14. Table 1. Vaccination coverage in children aged 1 to 4 years by antigen"
1985,USIS,1-4 years,polio_3,55.3,,http://www.jonathans-stories.com/non-fiction/Simpson4SurveysAJPM2001.pdf,simpson2001_ajpm.pdf,"Simpson DM, Ezzati-Rice TM, Zell ER. Forty years and four surveys. Am J Prev Med 2001;20(4S):6-14. Table 1. Vaccination coverage in children aged 1 to 4 years by antigen"
1970,USIS,1-4 years,rubella,37.2,,http://www.jonathans-stories.com/non-fiction/Simpson4SurveysAJPM2001.pdf,simpson2001_ajpm.pdf,"Simpson DM, Ezzati-Rice TM, Zell ER. Forty years and four surveys. Am J Prev Med 2001;20(4S):6-14. Table 1. Vaccination coverage in children aged 1 to 4 years by antigen"
1971,USIS,1-4 years,rubella,51.2,,http://www.jonathans-stories.com/non-fiction/Simpson4SurveysAJPM2001.pdf,simpson2001_ajpm.pdf,"Simpson DM, Ezzati-Rice TM, Zell ER. Forty years and four surveys. Am J Prev Med 2001;20(4S):6-14. Table 1. Vaccination coverage in children aged 1 to 4 years by antigen"
1972,USIS,1-4 years,rubella,56.9,,http://www.jonathans-stories.com/non-fiction/Simpson4SurveysAJPM2001.pdf,simpson2001_ajpm.pdf,"Simpson DM, Ezzati-Rice TM, Zell ER. Forty years and four surveys. Am J Prev Med 2001;20(4S):6-14. Table 1. Vaccination coverage in children aged 1 to 4 years by antigen"
1973,USIS,1-4 years,rubella,55.6,,http://www.jonathans-stories.com/non-fiction/Simpson4SurveysAJPM2001.pdf,simpson2001_ajpm.pdf,"Simpson DM, Ezzati-Rice TM, Zell ER. Forty years and four surveys. Am J Prev Med 2001;20(4S):6-14. Table 1. Vaccination coverage in children aged 1 to 4 years by antigen"
1974,USIS,1-4 years,rubella,59.8,,http://www.jonathans-stories.com/non-fiction/Simpson4SurveysAJPM2001.pdf,simpson2001_ajpm.pdf,"Simpson DM, Ezzati-Rice TM, Zell ER. Forty years and four surveys. Am J Prev Med 2001;20(4S):6-14. Table 1. Vaccination coverage in children aged 1 to 4 years by antigen"
1975,USIS,1-4 years,rubella,61.9,,http://www.jonathans-stories.com/non-fiction/Simpson4SurveysAJPM2001.pdf,simpson2001_ajpm.pdf,"Simpson DM, Ezzati-Rice TM, Zell ER. Forty years and four surveys. Am J Prev Med 2001;20(4S):6-14. Table 1. Vaccination coverage in children aged 1 to 4 years by antigen"
1976,USIS,1-4 years,rubella,61.7,,http://www.jonathans-stories.com/non-fiction/Simpson4SurveysAJPM2001.pdf,simpson2001_ajpm.pdf,"Simpson DM, Ezzati-Rice TM, Zell ER. Forty years and four surveys. Am J Prev Med 2001;20(4S):6-14. Table 1. Vaccination coverage in children aged 1 to 4 years by antigen"
1977,USIS,1-4 years,rubella,59.4,,http://www.jonathans-stories.com/non-fiction/Simpson4SurveysAJPM2001.pdf,simpson2001_ajpm.pdf,"Simpson DM, Ezzati-Rice TM, Zell ER. Forty years and four surveys. Am J Prev Med 2001;20(4S):6-14. Table 1. Vaccination coverage in children aged 1 to 4 years by antigen"
1978,USIS,1-4 years,rubella,61.7,,http://www.jonathans-stories.com/non-fiction/Simpson4SurveysAJPM2001.pdf,simpson2001_ajpm.pdf,"Simpson DM, Ezzati-Rice TM, Zell ER. Forty years and four surveys. Am J Prev Med 2001;20(4S):6-14. Table 1. Vaccination coverage in children aged 1 to 4 years by antigen"
1979,USIS,1-4 years,rubella,63.5,,http://www.jonathans-stories.com/non-fiction/Simpson4SurveysAJPM2001.pdf,simpson2001_ajpm.pdf,"Simpson DM, Ezzati-Rice TM, Zell ER. Forty years and four surveys. Am J Prev Med 2001;20(4S):6-14. Table 1. Vaccination coverage in children aged 1 to 4 years by antigen"
1980,USIS,1-4 years,rubella,63.5,,http://www.jonathans-stories.com/non-fiction/Simpson4SurveysAJPM2001.pdf,simpson2001_ajpm.pdf,"Simpson DM, Ezzati-Rice TM, Zell ER. Forty years and four surveys. Am J Prev Med 2001;20(4S):6-14. Table 1. Vaccination coverage in children aged 1 to 4 years by antigen"
1981,USIS,1-4 years,rubella,64.5,,http://www.jonathans-stories.com/non-fiction/Simpson4SurveysAJPM2001.pdf,simpson2001_ajpm.pdf,"Simpson DM, Ezzati-Rice TM, Zell ER. Forty years and four surveys. Am J Prev Med 2001;20(4S):6-14. Table 1. Vaccination coverage in children aged 1 to 4 years by antigen"
1982,USIS,1-4 years,rubella,62.8,,http://www.jonathans-stories.com/non-fiction/Simpson4SurveysAJPM2001.pdf,simpson2001_ajpm.pdf,"Simpson DM, Ezzati-Rice TM, Zell ER. Forty years and four surveys. Am J Prev Med 2001;20(4S):6-14. Table 1. Vaccination coverage in children aged 1 to 4 years by antigen"
1983,USIS,1-4 years,rubella,64.0,,http://www.jonathans-stories.com/non-fiction/Simpson4SurveysAJPM2001.pdf,simpson2001_ajpm.pdf,"Simpson DM, Ezzati-Rice TM, Zell ER. Forty years and four surveys. Am J Prev Med 2001;20(4S):6-14. Table 1. Vaccination coverage in children aged 1 to 4 years by antigen"
1984,USIS,1-4 years,rubella,60.9,,http://www.jonathans-stories.com/non-fiction/Simpson4SurveysAJPM2001.pdf,simpson2001_ajpm.pdf,"Simpson DM, Ezzati-Rice TM, Zell ER. Forty years and four surveys. Am J Prev Med 2001;20(4S):6-14. Table 1. Vaccination coverage in children aged 1 to 4 years by antigen"
1985,USIS,1-4 years,rubella,58.9,,http://www.jonathans-stories.com/non-fiction/Simpson4SurveysAJPM2001.pdf,simpson2001_ajpm.pdf,"Simpson DM, Ezzati-Rice TM, Zell ER. Forty years and four surveys. Am J Prev Med 2001;20(4S):6-14. Table 1. Vaccination coverage in children aged 1 to 4 years by antigen"
1979,USIS,24-35 months,dtp_3,64.4,,http://www.jonathans-stories.com/non-fiction/Simpson4SurveysAJPM2001.pdf,simpson2001_ajpm.pdf,"Simpson DM, Ezzati-Rice TM, Zell ER. Forty years and four surveys. Am J Prev Med 2001;20(4S):6-14. Table 2. USIS-reported coverage rates for children aged 24 to 35 months for 1979-1985, NHIS-reported coverage rates for children aged 24 to 35 months for 1991-1993"
1980,USIS,24-35 months,dtp_3,66.0,,http://www.jonathans-stories.com/non-fiction/Simpson4SurveysAJPM2001.pdf,simpson2001_ajpm.pdf,"Simpson DM, Ezzati-Rice TM, Zell ER. Forty years and four surveys. Am J Prev Med 2001;20(4S):6-14. Table 2. USIS-reported coverage rates for children aged 24 to 35 months for 1979-1985, NHIS-reported coverage rates for children aged 24 to 35 months for 1991-1993"
1981,USIS,24-35 months,dtp_3,68.1,,http://www.jonathans-stories.com/non-fiction/Simpson4SurveysAJPM2001.pdf,simpson2001_ajpm.pdf,"Simpson DM, Ezzati-Rice TM, Zell ER. Forty years and four surveys. Am J Prev Med 2001;20(4S):6-14. Table 2. USIS-reported coverage rates for children aged 24 to 35 months for 1979-1985, NHIS-reported coverage rates for children aged 24 to 35 months for 1991-1993"
1982,USIS,24-35 months,dtp_3,67.1,,http://www.jonathans-stories.com/non-fiction/Simpson4SurveysAJPM2001.pdf,simpson2001_ajpm.pdf,"Simpson DM, Ezzati-Rice TM, Zell ER. Forty years and four surveys. Am J Prev Med 2001;20(4S):6-14. Table 2. USIS-reported coverage rates for children aged 24 to 35 months for 1979-1985, NHIS-reported coverage rates for children aged 24 to 35 months for 1991-1993"
1983,USIS,24-35 months,dtp_3,65.4,,http://www.jonathans-stories.com/non-fiction/Simpson4SurveysAJPM2001.pdf,simpson2001_ajpm.pdf,"Simpson DM, Ezzati-Rice TM, Zell ER. Forty years and four surveys. Am J Prev Med 2001;20(4S):6-14. Table 2. USIS-reported coverage rates for children aged 24 to 35 months for 1979-1985, NHIS-reported coverage rates for children aged 24 to 35 months for 1991-1993"
1984,USIS,24-35 months,dtp_3,65.0,,http://www.jonathans-stories.com/non-fiction/Simpson4SurveysAJPM2001.pdf,simpson2001_ajpm.pdf,"Simpson DM, Ezzati-Rice TM, Zell ER. Forty years and four surveys. Am J Prev Med 2001;20(4S):6-14. Table 2. USIS-reported coverage rates for children aged 24 to 35 months for 1979-1985, NHIS-reported coverage rates for children aged 24 to 35 months for 1991-1993"
1985,USIS,24-35 months,dtp_3,63.6,,http://www.jonathans-stories.com/non-fiction/Simpson4SurveysAJPM2001.pdf,simpson2001_ajpm.pdf,"Simpson DM, Ezzati-Rice TM, Zell ER. Forty years and four surveys. Am J Prev Med 2001;20(4S):6-14. Table 2. USIS-reported coverage rates for children aged 24 to 35 months for 1979-1985, NHIS-reported coverage rates for children aged 24 to 35 months for 1991-1993"
1979,USIS,24-35 months,measles,66.5,,http://www.jonathans-stories.com/non-fiction/Simpson4SurveysAJPM2001.pdf,simpson2001_ajpm.pdf,"Simpson DM, Ezzati-Rice TM, Zell ER. Forty years and four surveys. Am J Prev Med 2001;20(4S):6-14. Table 2. USIS-reported coverage rates for children aged 24 to 35 months for 1979-1985, NHIS-reported coverage rates for children aged 24 to 35 months for 1991-1993"
1980,USIS,24-35 months,measles,66.6,,http://www.jonathans-stories.com/non-fiction/Simpson4SurveysAJPM2001.pdf,simpson2001_ajpm.pdf,"Simpson DM, Ezzati-Rice TM, Zell ER. Forty years and four surveys. Am J Prev Med 2001;20(4S):6-14. Table 2. USIS-reported coverage rates for children aged 24 to 35 months for 1979-1985, NHIS-reported coverage rates for children aged 24 to 35 months for 1991-1993"
1981,USIS,24-35 months,measles,66.8,,http://www.jonathans-stories.com/non-fiction/Simpson4SurveysAJPM2001.pdf,simpson2001_ajpm.pdf,"Simpson DM, Ezzati-Rice TM, Zell ER. Forty years and four surveys. Am J Prev Med 2001;20(4S):6-14. Table 2. USIS-reported coverage rates for children aged 24 to 35 months for 1979-1985, NHIS-reported coverage rates for children aged 24 to 35 months for 1991-1993"
1982,USIS,24-35 months,measles,67.6,,http://www.jonathans-stories.com/non-fiction/Simpson4SurveysAJPM2001.pdf,simpson2001_ajpm.pdf,"Simpson DM, Ezzati-Rice TM, Zell ER. Forty years and four surveys. Am J Prev Med 2001;20(4S):6-14. Table 2. USIS-reported coverage rates for children aged 24 to 35 months for 1979-1985, NHIS-reported coverage rates for children aged 24 to 35 months for 1991-1993"
1983,USIS,24-35 months,measles,66.3,,http://www.jonathans-stories.com/non-fiction/Simpson4SurveysAJPM2001.pdf,simpson2001_ajpm.pdf,"Simpson DM, Ezzati-Rice TM, Zell ER. Forty years and four surveys. Am J Prev Med 2001;20(4S):6-14. Table 2. USIS-reported coverage rates for children aged 24 to 35 months for 1979-1985, NHIS-reported coverage rates for children aged 24 to 35 months for 1991-1993"
1984,USIS,24-35 months,measles,65.8,,http://www.jonathans-stories.com/non-fiction/Simpson4SurveysAJPM2001.pdf,simpson2001_ajpm.pdf,"Simpson DM, Ezzati-Rice TM, Zell ER. Forty years and four surveys. Am J Prev Med 2001;20(4S):6-14. Table 2. USIS-reported coverage rates for children aged 24 to 35 months for 1979-1985, NHIS-reported coverage rates for children aged 24 to 35 months for 1991-1993"
1985,USIS,24-35 months,measles,61.2,,http://www.jonathans-stories.com/non-fiction/Simpson4SurveysAJPM2001.pdf,simpson2001_ajpm.pdf,"Simpson DM, Ezzati-Rice TM, Zell ER. Forty years and four surveys. Am J Prev Med 2001;20(4S):6-14. Table 2. USIS-reported coverage rates for children aged 24 to 35 months for 1979-1985, NHIS-reported coverage rates for children aged 24 to 35 months for 1991-1993"
1979,USIS,24-35 months,mumps,55.9,,http://www.jonathans-stories.com/non-fiction/Simpson4SurveysAJPM2001.pdf,simpson2001_ajpm.pdf,"Simpson DM, Ezzati-Rice TM, Zell ER. Forty years and four surveys. Am J Prev Med 2001;20(4S):6-14. Table 2. USIS-reported coverage rates for children aged 24 to 35 months for 1979-1985, NHIS-reported coverage rates for children aged 24 to 35 months for 1991-1993"
1980,USIS,24-35 months,mumps,59.9,,http://www.jonathans-stories.com/non-fiction/Simpson4SurveysAJPM2001.pdf,simpson2001_ajpm.pdf,"Simpson DM, Ezzati-Rice TM, Zell ER. Forty years and four surveys. Am J Prev Med 2001;20(4S):6-14. Table 2. USIS-reported coverage rates for children aged 24 to 35 months for 1979-1985, NHIS-reported coverage rates for children aged 24 to 35 months for 1991-1993"
1981,USIS,24-35 months,mumps,60.4,,http://www.jonathans-stories.com/non-fiction/Simpson4SurveysAJPM2001.pdf,simpson2001_ajpm.pdf,"Simpson DM, Ezzati-Rice TM, Zell ER. Forty years and four surveys. Am J Prev Med 2001;20(4S):6-14. Table 2. USIS-reported coverage rates for children aged 24 to 35 months for 1979-1985, NHIS-reported coverage rates for children aged 24 to 35 months for 1991-1993"
1982,USIS,24-35 months,mumps,61.5,,http://www.jonathans-stories.com/non-fiction/Simpson4SurveysAJPM2001.pdf,simpson2001_ajpm.pdf,"Simpson DM, Ezzati-Rice TM, Zell ER. Forty years and four surveys. Am J Prev Med 2001;20(4S):6-14. Table 2. USIS-reported coverage rates for children aged 24 to 35 months for 1979-1985, NHIS-reported coverage rates for children aged 24 to 35 months for 1991-1993"
1983,USIS,24-35 months,mumps,59.2,,http://www.jonathans-stories.com/non-fiction/Simpson4SurveysAJPM2001.pdf,simpson2001_ajpm.pdf,"Simpson DM, Ezzati-Rice TM, Zell ER. Forty years and four surveys. Am J Prev Med 2001;20(4S):6-14. Table 2. USIS-reported coverage rates for children aged 24 to 35 months for 1979-1985, NHIS-reported coverage rates for children aged 24 to 35 months for 1991-1993"
1984,USIS,24-35 months,mumps,60.0,,http://www.jonathans-stories.com/non-fiction/Simpson4SurveysAJPM2001.pdf,simpson2001_ajpm.pdf,"Simpson DM, Ezzati-Rice TM, Zell ER. Forty years and four surveys. Am J Prev Med 2001;20(4S):6-14. Table 2. USIS-reported coverage rates for children aged 24 to 35 months for 1979-1985, NHIS-reported coverage rates for children aged 24 to 35 months for 1991-1993"
1985,USIS,24-35 months,mumps,58.8,,http://www.jonathans-stories.com/non-fiction/Simpson4SurveysAJPM2001.pdf,simpson2001_ajpm.pdf,"Simpson DM, Ezzati-Rice TM, Zell ER. Forty years and four surveys. Am J Prev Med 2001;20(4S):6-14. Table 2. USIS-reported coverage rates for children aged 24 to 35 months for 1979-1985, NHIS-reported coverage rates for children aged 24 to 35 months for 1991-1993"
1979,USIS,24-35 months,polio_3,59.7,,http://www.jonathans-stories.com/non-fiction/Simpson4SurveysAJPM2001.pdf,simpson2001_ajpm.pdf,"Simpson DM, Ezzati-Rice TM, Zell ER. Forty years and four surveys. Am J Prev Med 2001;20(4S):6-14. Table 2. USIS-reported coverage rates for children aged 24 to 35 months for 1979-1985, NHIS-reported coverage rates for children aged 24 to 35 months for 1991-1993"
1980,USIS,24-35 months,polio_3,58.9,,http://www.jonathans-stories.com/non-fiction/Simpson4SurveysAJPM2001.pdf,simpson2001_ajpm.pdf,"Simpson DM, Ezzati-Rice TM, Zell ER. Forty years and four surveys. Am J Prev Med 2001;20(4S):6-14. Table 2. USIS-reported coverage rates for children aged 24 to 35 months for 1979-1985, NHIS-reported coverage rates for children aged 24 to 35 months for 1991-1993"
1981,USIS,24-35 months,polio_3,59.2,,http://www.jonathans-stories.com/non-fiction/Simpson4SurveysAJPM2001.pdf,simpson2001_ajpm.pdf,"Simpson DM, Ezzati-Rice TM, Zell ER. Forty years and four surveys. Am J Prev Med 2001;20(4S):6-14. Table 2. USIS-reported coverage rates for children aged 24 to 35 months for 1979-1985, NHIS-reported coverage rates for children aged 24 to 35 months for 1991-1993"
1982,USIS,24-35 months,polio_3,57.0,,http://www.jonathans-stories.com/non-fiction/Simpson4SurveysAJPM2001.pdf,simpson2001_ajpm.pdf,"Simpson DM, Ezzati-Rice TM, Zell ER. Forty years and four surveys. Am J Prev Med 2001;20(4S):6-14. Table 2. USIS-reported coverage rates for children aged 24 to 35 months for 1979-1985, NHIS-reported coverage rates for children aged 24 to 35 months for 1991-1993"
1983,USIS,24-35 months,polio_3,56.9,,http://www.jonathans-stories.com/non-fiction/Simpson4SurveysAJPM2001.pdf,simpson2001_ajpm.pdf,"Simpson DM, Ezzati-Rice TM, Zell ER. Forty years and four surveys. Am J Prev Med 2001;20(4S):6-14. Table 2. USIS-reported coverage rates for children aged 24 to 35 months for 1979-1985, NHIS-reported coverage rates for children aged 24 to 35 months for 1991-1993"
1984,USIS,24-35 months,polio_3,53.2,,http://www.jonathans-stories.com/non-fiction/Simpson4SurveysAJPM2001.pdf,simpson2001_ajpm.pdf,"Simpson DM, Ezzati-Rice TM, Zell ER. Forty years and four surveys. Am J Prev Med 2001;20(4S):6-14. Table 2. USIS-reported coverage rates for children aged 24 to 35 months for 1979-1985, NHIS-reported coverage rates for children aged 24 to 35 months for 1991-1993"
1985,USIS,24-35 months,polio_3,53.6,,http://www.jonathans-stories.com/non-fiction/Simpson4SurveysAJPM2001.pdf,simpson2001_ajpm.pdf,"Simpson DM, Ezzati-Rice TM, Zell ER. Forty years and four surveys. Am J Prev Med 2001;20(4S):6-14. Table 2. USIS-reported coverage rates for children aged 24 to 35 months for 1979-1985, NHIS-reported coverage rates for children aged 24 to 35 months for 1991-1993"
1979,USIS,24-35 months,rubella,65.9,,http://www.jonathans-stories.com/non-fiction/Simpson4SurveysAJPM2001.pdf,simpson2001_ajpm.pdf,"Simpson DM, Ezzati-Rice TM, Zell ER. Forty years and four surveys. Am J Prev Med 2001;20(4S):6-14. Table 2. USIS-reported coverage rates for children aged 24 to 35 months for 1979-1985, NHIS-reported coverage rates for children aged 24 to 35 months for 1991-1993"
1980,USIS,24-35 months,rubella,67.5,,http://www.jonathans-stories.com/non-fiction/Simpson4SurveysAJPM2001.pdf,simpson2001_ajpm.pdf,"Simpson DM, Ezzati-Rice TM, Zell ER. Forty years and four surveys. Am J Prev Med 2001;20(4S):6-14. Table 2. USIS-reported coverage rates for children aged 24 to 35 months for 1979-1985, NHIS-reported coverage rates for children aged 24 to 35 months for 1991-1993"
1981,USIS,24-35 months,rubella,68.8,,http://www.jonathans-stories.com/non-fiction/Simpson4SurveysAJPM2001.pdf,simpson2001_ajpm.pdf,"Simpson DM, Ezzati-Rice TM, Zell ER. Forty years and four surveys. Am J Prev Med 2001;20(4S):6-14. Table 2. USIS-reported coverage rates for children aged 24 to 35 months for 1979-1985, NHIS-reported coverage rates for children aged 24 to 35 months for 1991-1993"
1982,USIS,24-35 months,rubella,66.7,,http://www.jonathans-stories.com/non-fiction/Simpson4SurveysAJPM2001.pdf,simpson2001_ajpm.pdf,"Simpson DM, Ezzati-Rice TM, Zell ER. Forty years and four surveys. Am J Prev Med 2001;20(4S):6-14. Table 2. USIS-reported coverage rates for children aged 24 to 35 months for 1979-1985, NHIS-reported coverage rates for children aged 24 to 35 months for 1991-1993"
1983,USIS,24-35 months,rubella,65.9,,http://www.jonathans-stories.com/non-fiction/Simpson4SurveysAJPM2001.pdf,simpson2001_ajpm.pdf,"Simpson DM, Ezzati-Rice TM, Zell ER. Forty years and four surveys. Am J Prev Med 2001;20(4S):6-14. Table 2. USIS-reported coverage rates for children aged 24 to 35 months for 1979-1985, NHIS-reported coverage rates for children aged 24 to 35 months for 1991-1993"
1984,USIS,24-35 months,rubella,62.1,,http://www.jonathans-stories.com/non-fiction/Simpson4SurveysAJPM2001.pdf,simpson2001_ajpm.pdf,"Simpson DM, Ezzati-Rice TM, Zell ER. Forty years and four surveys. Am J Prev Med 2001;20(4S):6-14. Table 2. USIS-reported coverage rates for children aged 24 to 35 months for 1979-1985, NHIS-reported coverage rates for children aged 24 to 35 months for 1991-1993"
1985,USIS,24-35 months,rubella,59.0,,http://www.jonathans-stories.com/non-fiction/Simpson4SurveysAJPM2001.pdf,simpson2001_ajpm.pdf,"Simpson DM, Ezzati-Rice TM, Zell ER. Forty years and four surveys. Am J Prev Med 2001;20(4S):6-14. Table 2. USIS-reported coverage rates for children aged 24 to 35 months for 1979-1985, NHIS-reported coverage rates for children aged 24 to 35 months for 1991-1993"
1992,NHIS,19-35 months,dtp_3,83.0,,https://www.cdc.gov/nchs/data/hus/hus95.pdf,hus95.pdf,"Health, United States, 1995. Table 54. Vaccinations of children 19–35 months of age for selected diseases, according to race, poverty status, and residence in metropolitan statistical area (MSA): United States, 1992–94 (Total column)"
1993,NHIS,19-35 months,dtp_3,88.2,,https://www.cdc.gov/nchs/data/hus/hus95.pdf,hus95.pdf,"Health, United States, 1995. Table 54. Vaccinations of children 19–35 months of age for selected diseases, according to race, poverty status, and residence in metropolitan statistical area (MSA): United States, 1992–94 (Total column)"
1994,NHIS,19-35 months,dtp_3,89.5,,https://www.cdc.gov/nchs/data/hus/hus95.pdf,hus95.pdf,"Health, United States, 1995. Table 54. Vaccinations of children 19–35 months of age for selected diseases, according to race, poverty status, and residence in metropolitan statistical area (MSA): United States, 1992–94 (Total column)"
1992,NHIS,19-35 months,measles_containing,82.5,,https://www.cdc.gov/nchs/data/hus/hus95.pdf,hus95.pdf,"Health, United States, 1995. Table 54. Vaccinations of children 19–35 months of age for selected diseases, according to race, poverty status, and residence in metropolitan statistical area (MSA): United States, 1992–94 (Total column)"
1993,NHIS,19-35 months,measles_containing,84.1,,https://www.cdc.gov/nchs/data/hus/hus95.pdf,hus95.pdf,"Health, United States, 1995. Table 54. Vaccinations of children 19–35 months of age for selected diseases, according to race, poverty status, and residence in metropolitan statistical area (MSA): United States, 1992–94 (Total column)"
1994,NHIS,19-35 months,measles_containing,90.3,,https://www.cdc.gov/nchs/data/hus/hus95.pdf,hus95.pdf,"Health, United States, 1995. Table 54. Vaccinations of children 19–35 months of age for selected diseases, according to race, poverty status, and residence in metropolitan statistical area (MSA): United States, 1992–94 (Total column)"
1992,NHIS,19-35 months,polio_3,72.4,,https://www.cdc.gov/nchs/data/hus/hus95.pdf,hus95.pdf,"Health, United States, 1995. Table 54. Vaccinations of children 19–35 months of age for selected diseases, according to race, poverty status, and residence in metropolitan statistical area (MSA): United States, 1992–94 (Total column)"
1993,NHIS,19-35 months,polio_3,78.9,,https://www.cdc.gov/nchs/data/hus/hus95.pdf,hus95.pdf,"Health, United States, 1995. Table 54. Vaccinations of children 19–35 months of age for selected diseases, according to race, poverty status, and residence in metropolitan statistical area (MSA): United States, 1992–94 (Total column)"
1994,NHIS,19-35 months,polio_3,79.2,,https://www.cdc.gov/nchs/data/hus/hus95.pdf,hus95.pdf,"Health, United States, 1995. Table 54. Vaccinations of children 19–35 months of age for selected diseases, according to race, poverty status, and residence in metropolitan statistical area (MSA): United States, 1992–94 (Total column)"
1991,NHIS,24-35 months,dtp_3,68.8,"age group as labeled by Simpson et al.; Health, United States prints the same 1992 and 1993 figures for children 19-35 months, so the label may be loose",http://www.jonathans-stories.com/non-fiction/Simpson4SurveysAJPM2001.pdf,simpson2001_ajpm.pdf,"Simpson DM, Ezzati-Rice TM, Zell ER. Forty years and four surveys. Am J Prev Med 2001;20(4S):6-14. Table 2. USIS-reported coverage rates for children aged 24 to 35 months for 1979-1985, NHIS-reported coverage rates for children aged 24 to 35 months for 1991-1993"
1991,NHIS,24-35 months,measles,82.0,"age group as labeled by Simpson et al.; Health, United States prints the same 1992 and 1993 figures for children 19-35 months, so the label may be loose",http://www.jonathans-stories.com/non-fiction/Simpson4SurveysAJPM2001.pdf,simpson2001_ajpm.pdf,"Simpson DM, Ezzati-Rice TM, Zell ER. Forty years and four surveys. Am J Prev Med 2001;20(4S):6-14. Table 2. USIS-reported coverage rates for children aged 24 to 35 months for 1979-1985, NHIS-reported coverage rates for children aged 24 to 35 months for 1991-1993"
1991,NHIS,24-35 months,polio_3,53.2,"age group as labeled by Simpson et al.; Health, United States prints the same 1992 and 1993 figures for children 19-35 months, so the label may be loose",http://www.jonathans-stories.com/non-fiction/Simpson4SurveysAJPM2001.pdf,simpson2001_ajpm.pdf,"Simpson DM, Ezzati-Rice TM, Zell ER. Forty years and four surveys. Am J Prev Med 2001;20(4S):6-14. Table 2. USIS-reported coverage rates for children aged 24 to 35 months for 1979-1985, NHIS-reported coverage rates for children aged 24 to 35 months for 1991-1993"
