disease,st,year,cases,flag,basis
hepatitis_a,AK,2021,1,,as of week 52 of 2022
hepatitis_a,AK,2022,2,,as of week 52 of 2023
hepatitis_a,AK,2023,0,,as of week 52 of 2024
hepatitis_a,AK,2024,1,,as of week 53 of 2025
hepatitis_a,AK,2025,0,,"provisional, week 53 of 2025"
hepatitis_a,AL,2021,403,,as of week 52 of 2022
hepatitis_a,AL,2022,51,,as of week 52 of 2023
hepatitis_a,AL,2023,19,,as of week 52 of 2024
hepatitis_a,AL,2024,18,,as of week 53 of 2025
hepatitis_a,AL,2025,6,,"provisional, week 53 of 2025"
hepatitis_a,AR,2021,468,,as of week 52 of 2022
hepatitis_a,AR,2022,21,,as of week 52 of 2023
hepatitis_a,AR,2023,12,,as of week 52 of 2024
hepatitis_a,AR,2024,19,,as of week 53 of 2025
hepatitis_a,AR,2025,3,,"provisional, week 53 of 2025"
hepatitis_a,AZ,2021,29,,as of week 52 of 2022
hepatitis_a,AZ,2022,16,,as of week 52 of 2023
hepatitis_a,AZ,2023,54,,as of week 52 of 2024
hepatitis_a,AZ,2024,34,,as of week 53 of 2025
hepatitis_a,AZ,2025,18,,"provisional, week 53 of 2025"
hepatitis_a,CA,2021,91,,as of week 52 of 2022
hepatitis_a,CA,2022,160,,as of week 52 of 2023
hepatitis_a,CA,2023,222,,as of week 52 of 2024
hepatitis_a,CA,2024,316,,as of week 53 of 2025
hepatitis_a,CA,2025,215,,"provisional, week 53 of 2025"
hepatitis_a,CO,2021,11,,as of week 52 of 2022
hepatitis_a,CO,2022,27,,as of week 52 of 2023
hepatitis_a,CO,2023,23,,as of week 52 of 2024
hepatitis_a,CO,2024,24,,as of week 53 of 2025
hepatitis_a,CO,2025,13,,"provisional, week 53 of 2025"
hepatitis_a,CT,2021,11,,as of week 52 of 2022
hepatitis_a,CT,2022,5,,as of week 52 of 2023
hepatitis_a,CT,2023,2,,as of week 52 of 2024
hepatitis_a,CT,2024,11,,as of week 53 of 2025
hepatitis_a,CT,2025,12,,"provisional, week 53 of 2025"
hepatitis_a,DC,2021,0,,as of week 52 of 2022
hepatitis_a,DC,2022,4,,as of week 52 of 2023
hepatitis_a,DC,2023,9,,as of week 52 of 2024
hepatitis_a,DC,2024,3,,as of week 53 of 2025
hepatitis_a,DC,2025,3,,"provisional, week 53 of 2025"
hepatitis_a,DE,2021,9,,as of week 52 of 2022
hepatitis_a,DE,2022,12,,as of week 52 of 2023
hepatitis_a,DE,2023,13,,as of week 52 of 2024
hepatitis_a,DE,2024,3,,as of week 53 of 2025
hepatitis_a,DE,2025,1,,"provisional, week 53 of 2025"
hepatitis_a,FL,2021,203,,as of week 52 of 2022
hepatitis_a,FL,2022,319,,as of week 52 of 2023
hepatitis_a,FL,2023,100,,as of week 52 of 2024
hepatitis_a,FL,2024,120,,as of week 53 of 2025
hepatitis_a,FL,2025,144,,"provisional, week 53 of 2025"
hepatitis_a,GA,2021,389,,as of week 52 of 2022
hepatitis_a,GA,2022,217,,as of week 52 of 2023
hepatitis_a,GA,2023,34,,as of week 52 of 2024
hepatitis_a,GA,2024,27,,as of week 53 of 2025
hepatitis_a,GA,2025,1,,"provisional, week 53 of 2025"
hepatitis_a,HI,2021,4,,as of week 52 of 2022
hepatitis_a,HI,2022,3,,as of week 52 of 2023
hepatitis_a,HI,2023,2,,as of week 52 of 2024
hepatitis_a,HI,2024,3,,as of week 53 of 2025
hepatitis_a,HI,2025,1,,"provisional, week 53 of 2025"
hepatitis_a,IA,2021,8,,as of week 52 of 2022
hepatitis_a,IA,2022,8,,as of week 52 of 2023
hepatitis_a,IA,2023,13,,as of week 52 of 2024
hepatitis_a,IA,2024,2,,as of week 53 of 2025
hepatitis_a,IA,2025,2,,"provisional, week 53 of 2025"
hepatitis_a,ID,2021,8,,as of week 52 of 2022
hepatitis_a,ID,2022,14,,as of week 52 of 2023
hepatitis_a,ID,2023,5,,as of week 52 of 2024
hepatitis_a,ID,2024,2,,as of week 53 of 2025
hepatitis_a,ID,2025,2,,"provisional, week 53 of 2025"
hepatitis_a,IL,2021,78,,as of week 52 of 2022
hepatitis_a,IL,2022,41,,as of week 52 of 2023
hepatitis_a,IL,2023,75,,as of week 52 of 2024
hepatitis_a,IL,2024,52,,as of week 53 of 2025
hepatitis_a,IL,2025,38,,"provisional, week 53 of 2025"
hepatitis_a,IN,2021,98,,as of week 52 of 2022
hepatitis_a,IN,2022,24,,as of week 52 of 2023
hepatitis_a,IN,2023,13,,as of week 52 of 2024
hepatitis_a,IN,2024,18,,as of week 53 of 2025
hepatitis_a,IN,2025,7,,"provisional, week 53 of 2025"
hepatitis_a,KS,2021,252,,as of week 52 of 2022
hepatitis_a,KS,2022,56,,as of week 52 of 2023
hepatitis_a,KS,2023,82,,as of week 52 of 2024
hepatitis_a,KS,2024,48,,as of week 53 of 2025
hepatitis_a,KS,2025,3,,"provisional, week 53 of 2025"
hepatitis_a,KY,2021,41,,as of week 52 of 2022
hepatitis_a,KY,2022,8,,as of week 52 of 2023
hepatitis_a,KY,2023,15,,as of week 52 of 2024
hepatitis_a,KY,2024,12,,as of week 53 of 2025
hepatitis_a,KY,2025,9,,"provisional, week 53 of 2025"
hepatitis_a,LA,2021,208,,as of week 52 of 2022
hepatitis_a,LA,2022,31,,as of week 52 of 2023
hepatitis_a,LA,2023,12,,as of week 52 of 2024
hepatitis_a,LA,2024,13,,as of week 53 of 2025
hepatitis_a,LA,2025,8,,"provisional, week 53 of 2025"
hepatitis_a,MA,2021,19,,as of week 52 of 2022
hepatitis_a,MA,2022,27,,as of week 52 of 2023
hepatitis_a,MA,2023,41,,as of week 52 of 2024
hepatitis_a,MA,2024,32,,as of week 53 of 2025
hepatitis_a,MA,2025,32,,"provisional, week 53 of 2025"
hepatitis_a,MD,2021,65,,as of week 52 of 2022
hepatitis_a,MD,2022,29,,as of week 52 of 2023
hepatitis_a,MD,2023,17,,as of week 52 of 2024
hepatitis_a,MD,2024,24,,as of week 53 of 2025
hepatitis_a,MD,2025,14,,"provisional, week 53 of 2025"
hepatitis_a,ME,2021,50,,as of week 52 of 2022
hepatitis_a,ME,2022,64,,as of week 52 of 2023
hepatitis_a,ME,2023,60,,as of week 52 of 2024
hepatitis_a,ME,2024,16,,as of week 53 of 2025
hepatitis_a,ME,2025,2,,"provisional, week 53 of 2025"
hepatitis_a,MI,2021,26,,as of week 52 of 2022
hepatitis_a,MI,2022,22,,as of week 52 of 2023
hepatitis_a,MI,2023,21,,as of week 52 of 2024
hepatitis_a,MI,2024,21,,as of week 53 of 2025
hepatitis_a,MI,2025,18,,"provisional, week 53 of 2025"
hepatitis_a,MN,2021,12,,as of week 52 of 2022
hepatitis_a,MN,2022,15,,as of week 52 of 2023
hepatitis_a,MN,2023,19,,as of week 52 of 2024
hepatitis_a,MN,2024,20,,as of week 53 of 2025
hepatitis_a,MN,2025,6,,"provisional, week 53 of 2025"
hepatitis_a,MO,2021,239,,as of week 52 of 2022
hepatitis_a,MO,2022,124,,as of week 52 of 2023
hepatitis_a,MO,2023,17,,as of week 52 of 2024
hepatitis_a,MO,2024,28,,as of week 53 of 2025
hepatitis_a,MO,2025,6,,"provisional, week 53 of 2025"
hepatitis_a,MS,2021,295,,as of week 52 of 2022
hepatitis_a,MS,2022,136,,as of week 52 of 2023
hepatitis_a,MS,2023,41,,as of week 52 of 2024
hepatitis_a,MS,2024,4,,as of week 53 of 2025
hepatitis_a,MS,2025,5,,"provisional, week 53 of 2025"
hepatitis_a,MT,2021,3,,as of week 52 of 2022
hepatitis_a,MT,2022,5,,as of week 52 of 2023
hepatitis_a,MT,2023,2,,as of week 52 of 2024
hepatitis_a,MT,2024,5,,as of week 53 of 2025
hepatitis_a,MT,2025,0,,"provisional, week 53 of 2025"
hepatitis_a,NC,2021,940,,as of week 52 of 2022
hepatitis_a,NC,2022,104,,as of week 52 of 2023
hepatitis_a,NC,2023,26,,as of week 52 of 2024
hepatitis_a,NC,2024,48,,as of week 53 of 2025
hepatitis_a,NC,2025,37,,"provisional, week 53 of 2025"
hepatitis_a,ND,2021,2,,as of week 52 of 2022
hepatitis_a,ND,2022,2,,as of week 52 of 2023
hepatitis_a,ND,2023,1,,as of week 52 of 2024
hepatitis_a,ND,2024,6,,as of week 53 of 2025
hepatitis_a,ND,2025,2,,"provisional, week 53 of 2025"
hepatitis_a,NE,2021,3,,as of week 52 of 2022
hepatitis_a,NE,2022,18,,as of week 52 of 2023
hepatitis_a,NE,2023,19,,as of week 52 of 2024
hepatitis_a,NE,2024,6,,as of week 53 of 2025
hepatitis_a,NE,2025,8,,"provisional, week 53 of 2025"
hepatitis_a,NH,2021,5,,as of week 52 of 2022
hepatitis_a,NH,2022,3,,as of week 52 of 2023
hepatitis_a,NH,2023,1,,as of week 52 of 2024
hepatitis_a,NH,2024,2,,as of week 53 of 2025
hepatitis_a,NH,2025,3,,"provisional, week 53 of 2025"
hepatitis_a,NJ,2021,124,,as of week 52 of 2022
hepatitis_a,NJ,2022,42,,as of week 52 of 2023
hepatitis_a,NJ,2023,78,,as of week 52 of 2024
hepatitis_a,NJ,2024,70,,as of week 53 of 2025
hepatitis_a,NJ,2025,56,,"provisional, week 53 of 2025"
hepatitis_a,NM,2021,7,,as of week 52 of 2022
hepatitis_a,NM,2022,7,,as of week 52 of 2023
hepatitis_a,NM,2023,7,,as of week 52 of 2024
hepatitis_a,NM,2024,5,,as of week 53 of 2025
hepatitis_a,NM,2025,4,,"provisional, week 53 of 2025"
hepatitis_a,NV,2021,3,,as of week 52 of 2022
hepatitis_a,NV,2022,15,,as of week 52 of 2023
hepatitis_a,NV,2023,14,,as of week 52 of 2024
hepatitis_a,NV,2024,12,,as of week 53 of 2025
hepatitis_a,NV,2025,4,,"provisional, week 53 of 2025"
hepatitis_a,NY,2021,194,,as of week 52 of 2022
hepatitis_a,NY,2022,83,,as of week 52 of 2023
hepatitis_a,NY,2023,91,,as of week 52 of 2024
hepatitis_a,NY,2024,107,,as of week 53 of 2025
hepatitis_a,NY,2025,87,,"provisional, week 53 of 2025"
hepatitis_a,OH,2021,54,,as of week 52 of 2022
hepatitis_a,OH,2022,19,,as of week 52 of 2023
hepatitis_a,OH,2023,26,,as of week 52 of 2024
hepatitis_a,OH,2024,23,,as of week 53 of 2025
hepatitis_a,OH,2025,19,,"provisional, week 53 of 2025"
hepatitis_a,OK,2021,17,,as of week 52 of 2022
hepatitis_a,OK,2022,4,,as of week 52 of 2023
hepatitis_a,OK,2023,5,,as of week 52 of 2024
hepatitis_a,OK,2024,7,,as of week 53 of 2025
hepatitis_a,OK,2025,1,,"provisional, week 53 of 2025"
hepatitis_a,OR,2021,14,,as of week 52 of 2022
hepatitis_a,OR,2022,14,,as of week 52 of 2023
hepatitis_a,OR,2023,12,,as of week 52 of 2024
hepatitis_a,OR,2024,23,,as of week 53 of 2025
hepatitis_a,OR,2025,7,,"provisional, week 53 of 2025"
hepatitis_a,PA,2021,254,,as of week 52 of 2022
hepatitis_a,PA,2022,94,,as of week 52 of 2023
hepatitis_a,PA,2023,130,,as of week 52 of 2024
hepatitis_a,PA,2024,89,,as of week 53 of 2025
hepatitis_a,PA,2025,33,,"provisional, week 53 of 2025"
hepatitis_a,RI,2021,1,,as of week 52 of 2022
hepatitis_a,RI,2022,4,,as of week 52 of 2023
hepatitis_a,RI,2023,4,,as of week 52 of 2024
hepatitis_a,RI,2024,2,,as of week 53 of 2025
hepatitis_a,RI,2025,1,,"provisional, week 53 of 2025"
hepatitis_a,SC,2021,335,,as of week 52 of 2022
hepatitis_a,SC,2022,28,,as of week 52 of 2023
hepatitis_a,SC,2023,10,,as of week 52 of 2024
hepatitis_a,SC,2024,16,,as of week 53 of 2025
hepatitis_a,SC,2025,11,,"provisional, week 53 of 2025"
hepatitis_a,SD,2021,1,,as of week 52 of 2022
hepatitis_a,SD,2022,2,,as of week 52 of 2023
hepatitis_a,SD,2023,4,,as of week 52 of 2024
hepatitis_a,SD,2024,1,,as of week 53 of 2025
hepatitis_a,SD,2025,0,,"provisional, week 53 of 2025"
hepatitis_a,TN,2021,40,,as of week 52 of 2022
hepatitis_a,TN,2022,25,,as of week 52 of 2023
hepatitis_a,TN,2023,18,,as of week 52 of 2024
hepatitis_a,TN,2024,24,,as of week 53 of 2025
hepatitis_a,TN,2025,18,,"provisional, week 53 of 2025"
hepatitis_a,TX,2021,432,,as of week 52 of 2022
hepatitis_a,TX,2022,132,,as of week 52 of 2023
hepatitis_a,TX,2023,178,,as of week 52 of 2024
hepatitis_a,TX,2024,139,,as of week 53 of 2025
hepatitis_a,TX,2025,10,,"provisional, week 53 of 2025"
hepatitis_a,UT,2021,13,,as of week 52 of 2022
hepatitis_a,UT,2022,9,,as of week 52 of 2023
hepatitis_a,UT,2023,7,,as of week 52 of 2024
hepatitis_a,UT,2024,8,,as of week 53 of 2025
hepatitis_a,UT,2025,6,,"provisional, week 53 of 2025"
hepatitis_a,VA,2021,171,,as of week 52 of 2022
hepatitis_a,VA,2022,158,,as of week 52 of 2023
hepatitis_a,VA,2023,34,,as of week 52 of 2024
hepatitis_a,VA,2024,58,,as of week 53 of 2025
hepatitis_a,VA,2025,20,,"provisional, week 53 of 2025"
hepatitis_a,VT,2021,8,,as of week 52 of 2022
hepatitis_a,VT,2022,1,,as of week 52 of 2023
hepatitis_a,VT,2023,1,,as of week 52 of 2024
hepatitis_a,VT,2024,5,,as of week 53 of 2025
hepatitis_a,VT,2025,6,,"provisional, week 53 of 2025"
hepatitis_a,WA,2021,18,,as of week 52 of 2022
hepatitis_a,WA,2022,28,,as of week 52 of 2023
hepatitis_a,WA,2023,29,,as of week 52 of 2024
hepatitis_a,WA,2024,33,,as of week 53 of 2025
hepatitis_a,WA,2025,17,,"provisional, week 53 of 2025"
hepatitis_a,WI,2021,25,,as of week 52 of 2022
hepatitis_a,WI,2022,26,,as of week 52 of 2023
hepatitis_a,WI,2023,18,,as of week 52 of 2024
hepatitis_a,WI,2024,30,,as of week 53 of 2025
hepatitis_a,WI,2025,11,,"provisional, week 53 of 2025"
hepatitis_a,WV,2021,43,,as of week 52 of 2022
hepatitis_a,WV,2022,3,,as of week 52 of 2023
hepatitis_a,WV,2023,5,,as of week 52 of 2024
hepatitis_a,WV,2024,9,,as of week 53 of 2025
hepatitis_a,WV,2025,0,,"provisional, week 53 of 2025"
hepatitis_a,WY,2021,1,,as of week 52 of 2022
hepatitis_a,WY,2022,2,,as of week 52 of 2023
hepatitis_a,WY,2023,2,,as of week 52 of 2024
hepatitis_a,WY,2024,3,,as of week 53 of 2025
hepatitis_a,WY,2025,0,,"provisional, week 53 of 2025"
measles,AK,2021,0,,as of week 52 of 2022
measles,AK,2022,0,,as of week 52 of 2023
measles,AK,2023,0,,as of week 52 of 2024
measles,AK,2024,0,,as of week 53 of 2025
measles,AK,2025,4,,"provisional, week 53 of 2025"
measles,AL,2021,0,,as of week 52 of 2022
measles,AL,2022,0,,as of week 52 of 2023
measles,AL,2023,0,,as of week 52 of 2024
measles,AL,2024,0,,as of week 53 of 2025
measles,AL,2025,1,,"provisional, week 53 of 2025"
measles,AR,2021,0,,as of week 52 of 2022
measles,AR,2022,0,,as of week 52 of 2023
measles,AR,2023,0,,as of week 52 of 2024
measles,AR,2024,0,,as of week 53 of 2025
measles,AR,2025,8,,"provisional, week 53 of 2025"
measles,AZ,2021,0,,as of week 52 of 2022
measles,AZ,2022,5,,as of week 52 of 2023
measles,AZ,2023,0,,as of week 52 of 2024
measles,AZ,2024,5,,as of week 53 of 2025
measles,AZ,2025,206,,"provisional, week 53 of 2025"
measles,CA,2021,0,,as of week 52 of 2022
measles,CA,2022,0,,as of week 52 of 2023
measles,CA,2023,4,,as of week 52 of 2024
measles,CA,2024,15,,as of week 53 of 2025
measles,CA,2025,48,,"provisional, week 53 of 2025"
measles,CO,2021,0,,as of week 52 of 2022
measles,CO,2022,0,,as of week 52 of 2023
measles,CO,2023,1,,as of week 52 of 2024
measles,CO,2024,0,,as of week 53 of 2025
measles,CO,2025,40,,"provisional, week 53 of 2025"
measles,CT,2021,2,,as of week 52 of 2022
measles,CT,2022,0,,as of week 52 of 2023
measles,CT,2023,0,,as of week 52 of 2024
measles,CT,2024,0,,as of week 53 of 2025
measles,CT,2025,1,,"provisional, week 53 of 2025"
measles,DC,2021,0,,as of week 52 of 2022
measles,DC,2022,0,,as of week 52 of 2023
measles,DC,2023,2,,as of week 52 of 2024
measles,DC,2024,1,,as of week 53 of 2025
measles,DC,2025,0,,"provisional, week 53 of 2025"
measles,DE,2021,0,,as of week 52 of 2022
measles,DE,2022,0,,as of week 52 of 2023
measles,DE,2023,0,,as of week 52 of 2024
measles,DE,2024,0,,as of week 53 of 2025
measles,DE,2025,0,,"provisional, week 53 of 2025"
measles,FL,2021,0,,as of week 52 of 2022
measles,FL,2022,0,,as of week 52 of 2023
measles,FL,2023,2,,as of week 52 of 2024
measles,FL,2024,12,,as of week 53 of 2025
measles,FL,2025,7,,"provisional, week 53 of 2025"
measles,GA,2021,0,,as of week 52 of 2022
measles,GA,2022,0,,as of week 52 of 2023
measles,GA,2023,0,,as of week 52 of 2024
measles,GA,2024,6,,as of week 53 of 2025
measles,GA,2025,8,,"provisional, week 53 of 2025"
measles,HI,2021,0,,as of week 52 of 2022
measles,HI,2022,0,,as of week 52 of 2023
measles,HI,2023,2,,as of week 52 of 2024
measles,HI,2024,0,,as of week 53 of 2025
measles,HI,2025,2,,"provisional, week 53 of 2025"
measles,IA,2021,0,,as of week 52 of 2022
measles,IA,2022,0,,as of week 52 of 2023
measles,IA,2023,0,,as of week 52 of 2024
measles,IA,2024,0,,as of week 53 of 2025
measles,IA,2025,8,,"provisional, week 53 of 2025"
measles,ID,2021,0,,as of week 52 of 2022
measles,ID,2022,0,,as of week 52 of 2023
measles,ID,2023,10,,as of week 52 of 2024
measles,ID,2024,0,,as of week 53 of 2025
measles,ID,2025,14,,"provisional, week 53 of 2025"
measles,IL,2021,0,,as of week 52 of 2022
measles,IL,2022,0,,as of week 52 of 2023
measles,IL,2023,5,,as of week 52 of 2024
measles,IL,2024,67,,as of week 53 of 2025
measles,IL,2025,14,,"provisional, week 53 of 2025"
measles,IN,2021,0,,as of week 52 of 2022
measles,IN,2022,0,,as of week 52 of 2023
measles,IN,2023,0,,as of week 52 of 2024
measles,IN,2024,1,,as of week 53 of 2025
measles,IN,2025,11,,"provisional, week 53 of 2025"
measles,KS,2021,0,,as of week 52 of 2022
measles,KS,2022,0,,as of week 52 of 2023
measles,KS,2023,0,,as of week 52 of 2024
measles,KS,2024,0,,as of week 53 of 2025
measles,KS,2025,91,,"provisional, week 53 of 2025"
measles,KY,2021,0,,as of week 52 of 2022
measles,KY,2022,0,,as of week 52 of 2023
measles,KY,2023,2,,as of week 52 of 2024
measles,KY,2024,0,,as of week 53 of 2025
measles,KY,2025,14,,"provisional, week 53 of 2025"
measles,LA,2021,0,,as of week 52 of 2022
measles,LA,2022,0,,as of week 52 of 2023
measles,LA,2023,0,,as of week 52 of 2024
measles,LA,2024,3,,as of week 53 of 2025
measles,LA,2025,3,,"provisional, week 53 of 2025"
measles,MA,2021,0,,as of week 52 of 2022
measles,MA,2022,0,,as of week 52 of 2023
measles,MA,2023,0,,as of week 52 of 2024
measles,MA,2024,1,,as of week 53 of 2025
measles,MA,2025,0,,"provisional, week 53 of 2025"
measles,MD,2021,0,,as of week 52 of 2022
measles,MD,2022,0,,as of week 52 of 2023
measles,MD,2023,1,,as of week 52 of 2024
measles,MD,2024,1,,as of week 53 of 2025
measles,MD,2025,3,,"provisional, week 53 of 2025"
measles,ME,2021,0,,as of week 52 of 2022
measles,ME,2022,0,,as of week 52 of 2023
measles,ME,2023,0,,as of week 52 of 2024
measles,ME,2024,0,,as of week 53 of 2025
measles,ME,2025,0,,"provisional, week 53 of 2025"
measles,MI,2021,1,,as of week 52 of 2022
measles,MI,2022,3,,as of week 52 of 2023
measles,MI,2023,0,,as of week 52 of 2024
measles,MI,2024,7,,as of week 53 of 2025
measles,MI,2025,30,,"provisional, week 53 of 2025"
measles,MN,2021,0,,as of week 52 of 2022
measles,MN,2022,22,,as of week 52 of 2023
measles,MN,2023,0,,as of week 52 of 2024
measles,MN,2024,69,,as of week 53 of 2025
measles,MN,2025,26,,"provisional, week 53 of 2025"
measles,MO,2021,0,,as of week 52 of 2022
measles,MO,2022,0,,as of week 52 of 2023
measles,MO,2023,1,,as of week 52 of 2024
measles,MO,2024,2,,as of week 53 of 2025
measles,MO,2025,0,,"provisional, week 53 of 2025"
measles,MS,2021,0,,as of week 52 of 2022
measles,MS,2022,0,,as of week 52 of 2023
measles,MS,2023,0,,as of week 52 of 2024
measles,MS,2024,0,,as of week 53 of 2025
measles,MS,2025,0,,"provisional, week 53 of 2025"
measles,MT,2021,0,,as of week 52 of 2022
measles,MT,2022,0,,as of week 52 of 2023
measles,MT,2023,0,,as of week 52 of 2024
measles,MT,2024,0,,as of week 53 of 2025
measles,MT,2025,35,,"provisional, week 53 of 2025"
measles,NC,2021,0,,as of week 52 of 2022
measles,NC,2022,0,,as of week 52 of 2023
measles,NC,2023,0,,as of week 52 of 2024
measles,NC,2024,1,,as of week 53 of 2025
measles,NC,2025,0,,"provisional, week 53 of 2025"
measles,ND,2021,0,,as of week 52 of 2022
measles,ND,2022,0,,as of week 52 of 2023
measles,ND,2023,0,,as of week 52 of 2024
measles,ND,2024,0,,as of week 53 of 2025
measles,ND,2025,36,,"provisional, week 53 of 2025"
measles,NE,2021,0,,as of week 52 of 2022
measles,NE,2022,0,,as of week 52 of 2023
measles,NE,2023,0,,as of week 52 of 2024
measles,NE,2024,0,,as of week 53 of 2025
measles,NE,2025,1,,"provisional, week 53 of 2025"
measles,NH,2021,0,,as of week 52 of 2022
measles,NH,2022,0,,as of week 52 of 2023
measles,NH,2023,0,,as of week 52 of 2024
measles,NH,2024,2,,as of week 53 of 2025
measles,NH,2025,0,,"provisional, week 53 of 2025"
measles,NJ,2021,1,,as of week 52 of 2022
measles,NJ,2022,0,,as of week 52 of 2023
measles,NJ,2023,1,,as of week 52 of 2024
measles,NJ,2024,7,,as of week 53 of 2025
measles,NJ,2025,10,,"provisional, week 53 of 2025"
measles,NM,2021,1,,as of week 52 of 2022
measles,NM,2022,0,,as of week 52 of 2023
measles,NM,2023,0,,as of week 52 of 2024
measles,NM,2024,2,,as of week 53 of 2025
measles,NM,2025,99,,"provisional, week 53 of 2025"
measles,NV,2021,0,,as of week 52 of 2022
measles,NV,2022,0,,as of week 52 of 2023
measles,NV,2023,0,,as of week 52 of 2024
measles,NV,2024,0,,as of week 53 of 2025
measles,NV,2025,2,,"provisional, week 53 of 2025"
measles,NY,2021,0,,as of week 52 of 2022
measles,NY,2022,0,,as of week 52 of 2023
measles,NY,2023,1,,as of week 52 of 2024
measles,NY,2024,15,,as of week 53 of 2025
measles,NY,2025,48,,"provisional, week 53 of 2025"
measles,OH,2021,0,,as of week 52 of 2022
measles,OH,2022,87,,as of week 52 of 2023
measles,OH,2023,4,,as of week 52 of 2024
measles,OH,2024,7,,as of week 53 of 2025
measles,OH,2025,39,,"provisional, week 53 of 2025"
measles,OK,2021,0,,as of week 52 of 2022
measles,OK,2022,0,,as of week 52 of 2023
measles,OK,2023,0,,as of week 52 of 2024
measles,OK,2024,1,,as of week 53 of 2025
measles,OK,2025,17,,"provisional, week 53 of 2025"
measles,OR,2021,0,,as of week 52 of 2022
measles,OR,2022,0,,as of week 52 of 2023
measles,OR,2023,1,,as of week 52 of 2024
measles,OR,2024,31,,as of week 53 of 2025
measles,OR,2025,1,,"provisional, week 53 of 2025"
measles,PA,2021,0,,as of week 52 of 2022
measles,PA,2022,0,,as of week 52 of 2023
measles,PA,2023,9,,as of week 52 of 2024
measles,PA,2024,4,,as of week 53 of 2025
measles,PA,2025,16,,"provisional, week 53 of 2025"
measles,RI,2021,0,,as of week 52 of 2022
measles,RI,2022,0,,as of week 52 of 2023
measles,RI,2023,0,,as of week 52 of 2024
measles,RI,2024,0,,as of week 53 of 2025
measles,RI,2025,0,,"provisional, week 53 of 2025"
measles,SC,2021,1,,as of week 52 of 2022
measles,SC,2022,1,,as of week 52 of 2023
measles,SC,2023,0,,as of week 52 of 2024
measles,SC,2024,1,,as of week 53 of 2025
measles,SC,2025,123,,"provisional, week 53 of 2025"
measles,SD,2021,0,,as of week 52 of 2022
measles,SD,2022,0,,as of week 52 of 2023
measles,SD,2023,0,,as of week 52 of 2024
measles,SD,2024,1,,as of week 53 of 2025
measles,SD,2025,16,,"provisional, week 53 of 2025"
measles,TN,2021,0,,as of week 52 of 2022
measles,TN,2022,0,,as of week 52 of 2023
measles,TN,2023,0,,as of week 52 of 2024
measles,TN,2024,4,,as of week 53 of 2025
measles,TN,2025,8,,"provisional, week 53 of 2025"
measles,TX,2021,0,,as of week 52 of 2022
measles,TX,2022,0,,as of week 52 of 2023
measles,TX,2023,3,,as of week 52 of 2024
measles,TX,2024,1,,as of week 53 of 2025
measles,TX,2025,803,,"provisional, week 53 of 2025"
measles,UT,2021,0,,as of week 52 of 2022
measles,UT,2022,0,,as of week 52 of 2023
measles,UT,2023,1,,as of week 52 of 2024
measles,UT,2024,0,,as of week 53 of 2025
measles,UT,2025,178,,"provisional, week 53 of 2025"
measles,VA,2021,21,,as of week 52 of 2022
measles,VA,2022,2,,as of week 52 of 2023
measles,VA,2023,1,,as of week 52 of 2024
measles,VA,2024,1,,as of week 53 of 2025
measles,VA,2025,5,,"provisional, week 53 of 2025"
measles,VT,2021,0,,as of week 52 of 2022
measles,VT,2022,0,,as of week 52 of 2023
measles,VT,2023,0,,as of week 52 of 2024
measles,VT,2024,2,,as of week 53 of 2025
measles,VT,2025,2,,"provisional, week 53 of 2025"
measles,WA,2021,0,,as of week 52 of 2022
measles,WA,2022,1,,as of week 52 of 2023
measles,WA,2023,12,,as of week 52 of 2024
measles,WA,2024,6,,as of week 53 of 2025
measles,WA,2025,12,,"provisional, week 53 of 2025"
measles,WI,2021,22,,as of week 52 of 2022
measles,WI,2022,0,,as of week 52 of 2023
measles,WI,2023,1,,as of week 52 of 2024
measles,WI,2024,1,,as of week 53 of 2025
measles,WI,2025,36,,"provisional, week 53 of 2025"
measles,WV,2021,0,,as of week 52 of 2022
measles,WV,2022,0,,as of week 52 of 2023
measles,WV,2023,0,,as of week 52 of 2024
measles,WV,2024,1,,as of week 53 of 2025
measles,WV,2025,0,,"provisional, week 53 of 2025"
measles,WY,2021,0,,as of week 52 of 2022
measles,WY,2022,0,,as of week 52 of 2023
measles,WY,2023,0,,as of week 52 of 2024
measles,WY,2024,0,,as of week 53 of 2025
measles,WY,2025,0,,"provisional, week 53 of 2025"
mumps,AK,2021,0,,as of week 52 of 2022
mumps,AK,2022,1,,as of week 52 of 2023
mumps,AK,2023,1,,as of week 52 of 2024
mumps,AK,2024,0,,as of week 53 of 2025
mumps,AK,2025,0,,"provisional, week 53 of 2025"
mumps,AL,2021,0,,as of week 52 of 2022
mumps,AL,2022,7,,as of week 52 of 2023
mumps,AL,2023,3,,as of week 52 of 2024
mumps,AL,2024,2,,as of week 53 of 2025
mumps,AL,2025,3,,"provisional, week 53 of 2025"
mumps,AR,2021,0,,as of week 52 of 2022
mumps,AR,2022,2,,as of week 52 of 2023
mumps,AR,2023,4,,as of week 52 of 2024
mumps,AR,2024,2,,as of week 53 of 2025
mumps,AR,2025,0,,"provisional, week 53 of 2025"
mumps,AZ,2021,2,,as of week 52 of 2022
mumps,AZ,2022,2,,as of week 52 of 2023
mumps,AZ,2023,6,,as of week 52 of 2024
mumps,AZ,2024,2,,as of week 53 of 2025
mumps,AZ,2025,4,,"provisional, week 53 of 2025"
mumps,CA,2021,22,,as of week 52 of 2022
mumps,CA,2022,20,,as of week 52 of 2023
mumps,CA,2023,36,,as of week 52 of 2024
mumps,CA,2024,40,,as of week 53 of 2025
mumps,CA,2025,53,,"provisional, week 53 of 2025"
mumps,CO,2021,0,,as of week 52 of 2022
mumps,CO,2022,7,,as of week 52 of 2023
mumps,CO,2023,13,,as of week 52 of 2024
mumps,CO,2024,14,,as of week 53 of 2025
mumps,CO,2025,20,,"provisional, week 53 of 2025"
mumps,CT,2021,1,,as of week 52 of 2022
mumps,CT,2022,0,,as of week 52 of 2023
mumps,CT,2023,2,,as of week 52 of 2024
mumps,CT,2024,2,,as of week 53 of 2025
mumps,CT,2025,0,,"provisional, week 53 of 2025"
mumps,DC,2021,0,,as of week 52 of 2022
mumps,DC,2022,2,,as of week 52 of 2023
mumps,DC,2023,1,,as of week 52 of 2024
mumps,DC,2024,1,,as of week 53 of 2025
mumps,DC,2025,0,,"provisional, week 53 of 2025"
mumps,DE,2021,0,,as of week 52 of 2022
mumps,DE,2022,0,,as of week 52 of 2023
mumps,DE,2023,1,,as of week 52 of 2024
mumps,DE,2024,1,,as of week 53 of 2025
mumps,DE,2025,0,,"provisional, week 53 of 2025"
mumps,FL,2021,9,,as of week 52 of 2022
mumps,FL,2022,11,,as of week 52 of 2023
mumps,FL,2023,11,,as of week 52 of 2024
mumps,FL,2024,10,,as of week 53 of 2025
mumps,FL,2025,11,,"provisional, week 53 of 2025"
mumps,GA,2021,4,,as of week 52 of 2022
mumps,GA,2022,4,,as of week 52 of 2023
mumps,GA,2023,6,,as of week 52 of 2024
mumps,GA,2024,6,,as of week 53 of 2025
mumps,GA,2025,3,,"provisional, week 53 of 2025"
mumps,HI,2021,0,,as of week 52 of 2022
mumps,HI,2022,3,,as of week 52 of 2023
mumps,HI,2023,0,,as of week 52 of 2024
mumps,HI,2024,2,,as of week 53 of 2025
mumps,HI,2025,4,,"provisional, week 53 of 2025"
mumps,IA,2021,10,,as of week 52 of 2022
mumps,IA,2022,11,,as of week 52 of 2023
mumps,IA,2023,9,,as of week 52 of 2024
mumps,IA,2024,11,,as of week 53 of 2025
mumps,IA,2025,8,,"provisional, week 53 of 2025"
mumps,ID,2021,2,,as of week 52 of 2022
mumps,ID,2022,2,,as of week 52 of 2023
mumps,ID,2023,4,,as of week 52 of 2024
mumps,ID,2024,2,,as of week 53 of 2025
mumps,ID,2025,2,,"provisional, week 53 of 2025"
mumps,IL,2021,16,,as of week 52 of 2022
mumps,IL,2022,25,,as of week 52 of 2023
mumps,IL,2023,45,,as of week 52 of 2024
mumps,IL,2024,25,,as of week 53 of 2025
mumps,IL,2025,21,,"provisional, week 53 of 2025"
mumps,IN,2021,9,,as of week 52 of 2022
mumps,IN,2022,17,,as of week 52 of 2023
mumps,IN,2023,12,,as of week 52 of 2024
mumps,IN,2024,17,,as of week 53 of 2025
mumps,IN,2025,8,,"provisional, week 53 of 2025"
mumps,KS,2021,2,,as of week 52 of 2022
mumps,KS,2022,5,,as of week 52 of 2023
mumps,KS,2023,3,,as of week 52 of 2024
mumps,KS,2024,3,,as of week 53 of 2025
mumps,KS,2025,4,,"provisional, week 53 of 2025"
mumps,KY,2021,4,,as of week 52 of 2022
mumps,KY,2022,2,,as of week 52 of 2023
mumps,KY,2023,9,,as of week 52 of 2024
mumps,KY,2024,7,,as of week 53 of 2025
mumps,KY,2025,12,,"provisional, week 53 of 2025"
mumps,LA,2021,0,,as of week 52 of 2022
mumps,LA,2022,9,,as of week 52 of 2023
mumps,LA,2023,4,,as of week 52 of 2024
mumps,LA,2024,2,,as of week 53 of 2025
mumps,LA,2025,4,,"provisional, week 53 of 2025"
mumps,MA,2021,2,,as of week 52 of 2022
mumps,MA,2022,9,,as of week 52 of 2023
mumps,MA,2023,7,,as of week 52 of 2024
mumps,MA,2024,14,,as of week 53 of 2025
mumps,MA,2025,8,,"provisional, week 53 of 2025"
mumps,MD,2021,0,,as of week 52 of 2022
mumps,MD,2022,10,,as of week 52 of 2023
mumps,MD,2023,7,,as of week 52 of 2024
mumps,MD,2024,7,,as of week 53 of 2025
mumps,MD,2025,9,,"provisional, week 53 of 2025"
mumps,ME,2021,1,,as of week 52 of 2022
mumps,ME,2022,0,,as of week 52 of 2023
mumps,ME,2023,3,,as of week 52 of 2024
mumps,ME,2024,0,,as of week 53 of 2025
mumps,ME,2025,0,,"provisional, week 53 of 2025"
mumps,MI,2021,5,,as of week 52 of 2022
mumps,MI,2022,15,,as of week 52 of 2023
mumps,MI,2023,21,,as of week 52 of 2024
mumps,MI,2024,15,,as of week 53 of 2025
mumps,MI,2025,19,,"provisional, week 53 of 2025"
mumps,MN,2021,0,,as of week 52 of 2022
mumps,MN,2022,7,,as of week 52 of 2023
mumps,MN,2023,2,,as of week 52 of 2024
mumps,MN,2024,2,,as of week 53 of 2025
mumps,MN,2025,3,,"provisional, week 53 of 2025"
mumps,MO,2021,2,,as of week 52 of 2022
mumps,MO,2022,7,,as of week 52 of 2023
mumps,MO,2023,7,,as of week 52 of 2024
mumps,MO,2024,2,,as of week 53 of 2025
mumps,MO,2025,0,,"provisional, week 53 of 2025"
mumps,MS,2021,1,,as of week 52 of 2022
mumps,MS,2022,0,,as of week 52 of 2023
mumps,MS,2023,0,,as of week 52 of 2024
mumps,MS,2024,0,,as of week 53 of 2025
mumps,MS,2025,1,,"provisional, week 53 of 2025"
mumps,MT,2021,1,,as of week 52 of 2022
mumps,MT,2022,0,,as of week 52 of 2023
mumps,MT,2023,2,,as of week 52 of 2024
mumps,MT,2024,1,,as of week 53 of 2025
mumps,MT,2025,1,,"provisional, week 53 of 2025"
mumps,NC,2021,2,,as of week 52 of 2022
mumps,NC,2022,2,,as of week 52 of 2023
mumps,NC,2023,4,,as of week 52 of 2024
mumps,NC,2024,7,,as of week 53 of 2025
mumps,NC,2025,7,,"provisional, week 53 of 2025"
mumps,ND,2021,1,,as of week 52 of 2022
mumps,ND,2022,1,,as of week 52 of 2023
mumps,ND,2023,3,,as of week 52 of 2024
mumps,ND,2024,0,,as of week 53 of 2025
mumps,ND,2025,0,,"provisional, week 53 of 2025"
mumps,NE,2021,2,,as of week 52 of 2022
mumps,NE,2022,8,,as of week 52 of 2023
mumps,NE,2023,4,,as of week 52 of 2024
mumps,NE,2024,6,,as of week 53 of 2025
mumps,NE,2025,4,,"provisional, week 53 of 2025"
mumps,NH,2021,0,,as of week 52 of 2022
mumps,NH,2022,1,,as of week 52 of 2023
mumps,NH,2023,0,,as of week 52 of 2024
mumps,NH,2024,1,,as of week 53 of 2025
mumps,NH,2025,0,,"provisional, week 53 of 2025"
mumps,NJ,2021,7,,as of week 52 of 2022
mumps,NJ,2022,8,,as of week 52 of 2023
mumps,NJ,2023,13,,as of week 52 of 2024
mumps,NJ,2024,17,,as of week 53 of 2025
mumps,NJ,2025,7,,"provisional, week 53 of 2025"
mumps,NM,2021,4,,as of week 52 of 2022
mumps,NM,2022,2,,as of week 52 of 2023
mumps,NM,2023,0,,as of week 52 of 2024
mumps,NM,2024,0,,as of week 53 of 2025
mumps,NM,2025,0,,"provisional, week 53 of 2025"
mumps,NV,2021,0,,as of week 52 of 2022
mumps,NV,2022,1,,as of week 52 of 2023
mumps,NV,2023,0,,as of week 52 of 2024
mumps,NV,2024,4,,as of week 53 of 2025
mumps,NV,2025,2,,"provisional, week 53 of 2025"
mumps,NY,2021,16,,as of week 52 of 2022
mumps,NY,2022,44,,as of week 52 of 2023
mumps,NY,2023,45,,as of week 52 of 2024
mumps,NY,2024,35,,as of week 53 of 2025
mumps,NY,2025,28,,"provisional, week 53 of 2025"
mumps,OH,2021,9,,as of week 52 of 2022
mumps,OH,2022,20,,as of week 52 of 2023
mumps,OH,2023,33,,as of week 52 of 2024
mumps,OH,2024,27,,as of week 53 of 2025
mumps,OH,2025,22,,"provisional, week 53 of 2025"
mumps,OK,2021,0,,as of week 52 of 2022
mumps,OK,2022,4,,as of week 52 of 2023
mumps,OK,2023,1,,as of week 52 of 2024
mumps,OK,2024,5,,as of week 53 of 2025
mumps,OK,2025,4,,"provisional, week 53 of 2025"
mumps,OR,2021,4,,as of week 52 of 2022
mumps,OR,2022,7,,as of week 52 of 2023
mumps,OR,2023,10,,as of week 52 of 2024
mumps,OR,2024,5,,as of week 53 of 2025
mumps,OR,2025,2,,"provisional, week 53 of 2025"
mumps,PA,2021,7,,as of week 52 of 2022
mumps,PA,2022,13,,as of week 52 of 2023
mumps,PA,2023,8,,as of week 52 of 2024
mumps,PA,2024,7,,as of week 53 of 2025
mumps,PA,2025,10,,"provisional, week 53 of 2025"
mumps,RI,2021,2,,as of week 52 of 2022
mumps,RI,2022,2,,as of week 52 of 2023
mumps,RI,2023,4,,as of week 52 of 2024
mumps,RI,2024,4,,as of week 53 of 2025
mumps,RI,2025,0,,"provisional, week 53 of 2025"
mumps,SC,2021,4,,as of week 52 of 2022
mumps,SC,2022,2,,as of week 52 of 2023
mumps,SC,2023,5,,as of week 52 of 2024
mumps,SC,2024,1,,as of week 53 of 2025
mumps,SC,2025,2,,"provisional, week 53 of 2025"
mumps,SD,2021,0,,as of week 52 of 2022
mumps,SD,2022,0,,as of week 52 of 2023
mumps,SD,2023,0,,as of week 52 of 2024
mumps,SD,2024,0,,as of week 53 of 2025
mumps,SD,2025,0,,"provisional, week 53 of 2025"
mumps,TN,2021,0,,as of week 52 of 2022
mumps,TN,2022,2,,as of week 52 of 2023
mumps,TN,2023,2,,as of week 52 of 2024
mumps,TN,2024,8,,as of week 53 of 2025
mumps,TN,2025,10,,"provisional, week 53 of 2025"
mumps,TX,2021,19,,as of week 52 of 2022
mumps,TX,2022,48,,as of week 52 of 2023
mumps,TX,2023,51,,as of week 52 of 2024
mumps,TX,2024,42,,as of week 53 of 2025
mumps,TX,2025,0,,"provisional, week 53 of 2025"
mumps,UT,2021,3,,as of week 52 of 2022
mumps,UT,2022,4,,as of week 52 of 2023
mumps,UT,2023,5,,as of week 52 of 2024
mumps,UT,2024,6,,as of week 53 of 2025
mumps,UT,2025,9,,"provisional, week 53 of 2025"
mumps,VA,2021,8,,as of week 52 of 2022
mumps,VA,2022,17,,as of week 52 of 2023
mumps,VA,2023,14,,as of week 52 of 2024
mumps,VA,2024,12,,as of week 53 of 2025
mumps,VA,2025,12,,"provisional, week 53 of 2025"
mumps,VT,2021,1,,as of week 52 of 2022
mumps,VT,2022,0,,as of week 52 of 2023
mumps,VT,2023,0,,as of week 52 of 2024
mumps,VT,2024,0,,as of week 53 of 2025
mumps,VT,2025,1,,"provisional, week 53 of 2025"
mumps,WA,2021,1,,as of week 52 of 2022
mumps,WA,2022,11,,as of week 52 of 2023
mumps,WA,2023,7,,as of week 52 of 2024
mumps,WA,2024,17,,as of week 53 of 2025
mumps,WA,2025,10,,"provisional, week 53 of 2025"
mumps,WI,2021,5,,as of week 52 of 2022
mumps,WI,2022,9,,as of week 52 of 2023
mumps,WI,2023,4,,as of week 52 of 2024
mumps,WI,2024,6,,as of week 53 of 2025
mumps,WI,2025,8,,"provisional, week 53 of 2025"
mumps,WV,2021,1,,as of week 52 of 2022
mumps,WV,2022,2,,as of week 52 of 2023
mumps,WV,2023,1,,as of week 52 of 2024
mumps,WV,2024,2,,as of week 53 of 2025
mumps,WV,2025,2,,"provisional, week 53 of 2025"
mumps,WY,2021,0,,as of week 52 of 2022
mumps,WY,2022,0,,as of week 52 of 2023
mumps,WY,2023,0,,as of week 52 of 2024
mumps,WY,2024,0,,as of week 53 of 2025
mumps,WY,2025,0,,"provisional, week 53 of 2025"
pertussis,AK,2021,1,,as of week 52 of 2022
pertussis,AK,2022,2,,as of week 52 of 2023
pertussis,AK,2023,26,,as of week 52 of 2024
pertussis,AK,2024,614,,as of week 53 of 2025
pertussis,AK,2025,140,,"provisional, week 53 of 2025"
pertussis,AL,2021,49,,as of week 52 of 2022
pertussis,AL,2022,51,,as of week 52 of 2023
pertussis,AL,2023,45,,as of week 52 of 2024
pertussis,AL,2024,503,,as of week 53 of 2025
pertussis,AL,2025,971,,"provisional, week 53 of 2025"
pertussis,AR,2021,16,,as of week 52 of 2022
pertussis,AR,2022,19,,as of week 52 of 2023
pertussis,AR,2023,38,,as of week 52 of 2024
pertussis,AR,2024,391,,as of week 53 of 2025
pertussis,AR,2025,440,,"provisional, week 53 of 2025"
pertussis,AZ,2021,188,,as of week 52 of 2022
pertussis,AZ,2022,106,,as of week 52 of 2023
pertussis,AZ,2023,344,,as of week 52 of 2024
pertussis,AZ,2024,787,,as of week 53 of 2025
pertussis,AZ,2025,981,,"provisional, week 53 of 2025"
pertussis,CA,2021,191,,as of week 52 of 2022
pertussis,CA,2022,291,,as of week 52 of 2023
pertussis,CA,2023,643,,as of week 52 of 2024
pertussis,CA,2024,2881,,as of week 53 of 2025
pertussis,CA,2025,1703,,"provisional, week 53 of 2025"
pertussis,CO,2021,61,,as of week 52 of 2022
pertussis,CO,2022,230,,as of week 52 of 2023
pertussis,CO,2023,216,,as of week 52 of 2024
pertussis,CO,2024,1076,,as of week 53 of 2025
pertussis,CO,2025,1141,,"provisional, week 53 of 2025"
pertussis,CT,2021,7,,as of week 52 of 2022
pertussis,CT,2022,7,,as of week 52 of 2023
pertussis,CT,2023,11,,as of week 52 of 2024
pertussis,CT,2024,315,,as of week 53 of 2025
pertussis,CT,2025,88,,"provisional, week 53 of 2025"
pertussis,DC,2021,5,,as of week 52 of 2022
pertussis,DC,2022,4,,as of week 52 of 2023
pertussis,DC,2023,5,,as of week 52 of 2024
pertussis,DC,2024,25,,as of week 53 of 2025
pertussis,DC,2025,12,,"provisional, week 53 of 2025"
pertussis,DE,2021,6,,as of week 52 of 2022
pertussis,DE,2022,2,,as of week 52 of 2023
pertussis,DE,2023,2,,as of week 52 of 2024
pertussis,DE,2024,64,,as of week 53 of 2025
pertussis,DE,2025,8,,"provisional, week 53 of 2025"
pertussis,FL,2021,55,,as of week 52 of 2022
pertussis,FL,2022,60,,as of week 52 of 2023
pertussis,FL,2023,85,,as of week 52 of 2024
pertussis,FL,2024,708,,as of week 53 of 2025
pertussis,FL,2025,1521,,"provisional, week 53 of 2025"
pertussis,GA,2021,70,,as of week 52 of 2022
pertussis,GA,2022,88,,as of week 52 of 2023
pertussis,GA,2023,96,,as of week 52 of 2024
pertussis,GA,2024,399,,as of week 53 of 2025
pertussis,GA,2025,530,,"provisional, week 53 of 2025"
pertussis,HI,2021,5,,as of week 52 of 2022
pertussis,HI,2022,6,,as of week 52 of 2023
pertussis,HI,2023,3,,as of week 52 of 2024
pertussis,HI,2024,85,,as of week 53 of 2025
pertussis,HI,2025,250,,"provisional, week 53 of 2025"
pertussis,IA,2021,23,,as of week 52 of 2022
pertussis,IA,2022,28,,as of week 52 of 2023
pertussis,IA,2023,58,,as of week 52 of 2024
pertussis,IA,2024,353,,as of week 53 of 2025
pertussis,IA,2025,360,,"provisional, week 53 of 2025"
pertussis,ID,2021,5,,as of week 52 of 2022
pertussis,ID,2022,9,,as of week 52 of 2023
pertussis,ID,2023,34,,as of week 52 of 2024
pertussis,ID,2024,1199,,as of week 53 of 2025
pertussis,ID,2025,660,,"provisional, week 53 of 2025"
pertussis,IL,2021,55,,as of week 52 of 2022
pertussis,IL,2022,94,,as of week 52 of 2023
pertussis,IL,2023,689,,as of week 52 of 2024
pertussis,IL,2024,2544,,as of week 53 of 2025
pertussis,IL,2025,832,,"provisional, week 53 of 2025"
pertussis,IN,2021,47,,as of week 52 of 2022
pertussis,IN,2022,80,,as of week 52 of 2023
pertussis,IN,2023,175,,as of week 52 of 2024
pertussis,IN,2024,529,,as of week 53 of 2025
pertussis,IN,2025,452,,"provisional, week 53 of 2025"
pertussis,KS,2021,28,,as of week 52 of 2022
pertussis,KS,2022,27,,as of week 52 of 2023
pertussis,KS,2023,69,,as of week 52 of 2024
pertussis,KS,2024,283,,as of week 53 of 2025
pertussis,KS,2025,246,,"provisional, week 53 of 2025"
pertussis,KY,2021,31,,as of week 52 of 2022
pertussis,KY,2022,41,,as of week 52 of 2023
pertussis,KY,2023,118,,as of week 52 of 2024
pertussis,KY,2024,543,,as of week 53 of 2025
pertussis,KY,2025,699,,"provisional, week 53 of 2025"
pertussis,LA,2021,16,,as of week 52 of 2022
pertussis,LA,2022,5,,as of week 52 of 2023
pertussis,LA,2023,12,,as of week 52 of 2024
pertussis,LA,2024,154,,as of week 53 of 2025
pertussis,LA,2025,421,,"provisional, week 53 of 2025"
pertussis,MA,2021,5,,as of week 52 of 2022
pertussis,MA,2022,4,,as of week 52 of 2023
pertussis,MA,2023,14,,as of week 52 of 2024
pertussis,MA,2024,892,,as of week 53 of 2025
pertussis,MA,2025,207,,"provisional, week 53 of 2025"
pertussis,MD,2021,10,,as of week 52 of 2022
pertussis,MD,2022,20,,as of week 52 of 2023
pertussis,MD,2023,21,,as of week 52 of 2024
pertussis,MD,2024,264,,as of week 53 of 2025
pertussis,MD,2025,133,,"provisional, week 53 of 2025"
pertussis,ME,2021,16,,as of week 52 of 2022
pertussis,ME,2022,79,,as of week 52 of 2023
pertussis,ME,2023,76,,as of week 52 of 2024
pertussis,ME,2024,204,,as of week 53 of 2025
pertussis,ME,2025,145,,"provisional, week 53 of 2025"
pertussis,MI,2021,69,,as of week 52 of 2022
pertussis,MI,2022,85,,as of week 52 of 2023
pertussis,MI,2023,110,,as of week 52 of 2024
pertussis,MI,2024,2052,,as of week 53 of 2025
pertussis,MI,2025,1012,,"provisional, week 53 of 2025"
pertussis,MN,2021,30,,as of week 52 of 2022
pertussis,MN,2022,31,,as of week 52 of 2023
pertussis,MN,2023,64,,as of week 52 of 2024
pertussis,MN,2024,3086,,as of week 53 of 2025
pertussis,MN,2025,1179,,"provisional, week 53 of 2025"
pertussis,MO,2021,20,,as of week 52 of 2022
pertussis,MO,2022,26,,as of week 52 of 2023
pertussis,MO,2023,77,,as of week 52 of 2024
pertussis,MO,2024,788,,as of week 53 of 2025
pertussis,MO,2025,98,,"provisional, week 53 of 2025"
pertussis,MS,2021,1,,as of week 52 of 2022
pertussis,MS,2022,0,,as of week 52 of 2023
pertussis,MS,2023,3,,as of week 52 of 2024
pertussis,MS,2024,47,,as of week 53 of 2025
pertussis,MS,2025,144,,"provisional, week 53 of 2025"
pertussis,MT,2021,1,,as of week 52 of 2022
pertussis,MT,2022,3,,as of week 52 of 2023
pertussis,MT,2023,47,,as of week 52 of 2024
pertussis,MT,2024,143,,as of week 53 of 2025
pertussis,MT,2025,346,,"provisional, week 53 of 2025"
pertussis,NC,2021,52,,as of week 52 of 2022
pertussis,NC,2022,45,,as of week 52 of 2023
pertussis,NC,2023,105,,as of week 52 of 2024
pertussis,NC,2024,827,,as of week 53 of 2025
pertussis,NC,2025,846,,"provisional, week 53 of 2025"
pertussis,ND,2021,12,,as of week 52 of 2022
pertussis,ND,2022,13,,as of week 52 of 2023
pertussis,ND,2023,17,,as of week 52 of 2024
pertussis,ND,2024,167,,as of week 53 of 2025
pertussis,ND,2025,106,,"provisional, week 53 of 2025"
pertussis,NE,2021,12,,as of week 52 of 2022
pertussis,NE,2022,34,,as of week 52 of 2023
pertussis,NE,2023,13,,as of week 52 of 2024
pertussis,NE,2024,449,,as of week 53 of 2025
pertussis,NE,2025,366,,"provisional, week 53 of 2025"
pertussis,NH,2021,4,,as of week 52 of 2022
pertussis,NH,2022,2,,as of week 52 of 2023
pertussis,NH,2023,7,,as of week 52 of 2024
pertussis,NH,2024,68,,as of week 53 of 2025
pertussis,NH,2025,117,,"provisional, week 53 of 2025"
pertussis,NJ,2021,87,,as of week 52 of 2022
pertussis,NJ,2022,220,,as of week 52 of 2023
pertussis,NJ,2023,343,,as of week 52 of 2024
pertussis,NJ,2024,1599,,as of week 53 of 2025
pertussis,NJ,2025,326,,"provisional, week 53 of 2025"
pertussis,NM,2021,31,,as of week 52 of 2022
pertussis,NM,2022,48,,as of week 52 of 2023
pertussis,NM,2023,41,,as of week 52 of 2024
pertussis,NM,2024,115,,as of week 53 of 2025
pertussis,NM,2025,128,,"provisional, week 53 of 2025"
pertussis,NV,2021,33,,as of week 52 of 2022
pertussis,NV,2022,94,,as of week 52 of 2023
pertussis,NV,2023,67,,as of week 52 of 2024
pertussis,NV,2024,68,,as of week 53 of 2025
pertussis,NV,2025,126,,"provisional, week 53 of 2025"
pertussis,NY,2021,147,,as of week 52 of 2022
pertussis,NY,2022,319,,as of week 52 of 2023
pertussis,NY,2023,1012,,as of week 52 of 2024
pertussis,NY,2024,2871,,as of week 53 of 2025
pertussis,NY,2025,1117,,"provisional, week 53 of 2025"
pertussis,OH,2021,114,,as of week 52 of 2022
pertussis,OH,2022,149,,as of week 52 of 2023
pertussis,OH,2023,837,,as of week 52 of 2024
pertussis,OH,2024,1708,,as of week 53 of 2025
pertussis,OH,2025,1334,,"provisional, week 53 of 2025"
pertussis,OK,2021,5,,as of week 52 of 2022
pertussis,OK,2022,5,,as of week 52 of 2023
pertussis,OK,2023,20,,as of week 52 of 2024
pertussis,OK,2024,593,,as of week 53 of 2025
pertussis,OK,2025,448,,"provisional, week 53 of 2025"
pertussis,OR,2021,3,,as of week 52 of 2022
pertussis,OR,2022,17,,as of week 52 of 2023
pertussis,OR,2023,40,,as of week 52 of 2024
pertussis,OR,2024,1162,,as of week 53 of 2025
pertussis,OR,2025,1560,,"provisional, week 53 of 2025"
pertussis,PA,2021,93,,as of week 52 of 2022
pertussis,PA,2022,99,,as of week 52 of 2023
pertussis,PA,2023,402,,as of week 52 of 2024
pertussis,PA,2024,2935,,as of week 53 of 2025
pertussis,PA,2025,671,,"provisional, week 53 of 2025"
pertussis,RI,2021,0,,as of week 52 of 2022
pertussis,RI,2022,0,,as of week 52 of 2023
pertussis,RI,2023,3,,as of week 52 of 2024
pertussis,RI,2024,243,,as of week 53 of 2025
pertussis,RI,2025,2,,"provisional, week 53 of 2025"
pertussis,SC,2021,51,,as of week 52 of 2022
pertussis,SC,2022,47,,as of week 52 of 2023
pertussis,SC,2023,77,,as of week 52 of 2024
pertussis,SC,2024,341,,as of week 53 of 2025
pertussis,SC,2025,258,,"provisional, week 53 of 2025"
pertussis,SD,2021,1,,as of week 52 of 2022
pertussis,SD,2022,1,,as of week 52 of 2023
pertussis,SD,2023,51,,as of week 52 of 2024
pertussis,SD,2024,380,,as of week 53 of 2025
pertussis,SD,2025,175,,"provisional, week 53 of 2025"
pertussis,TN,2021,46,,as of week 52 of 2022
pertussis,TN,2022,38,,as of week 52 of 2023
pertussis,TN,2023,82,,as of week 52 of 2024
pertussis,TN,2024,378,,as of week 53 of 2025
pertussis,TN,2025,631,,"provisional, week 53 of 2025"
pertussis,TX,2021,201,,as of week 52 of 2022
pertussis,TX,2022,193,,as of week 52 of 2023
pertussis,TX,2023,340,,as of week 52 of 2024
pertussis,TX,2024,1908,,as of week 53 of 2025
pertussis,TX,2025,1805,,"provisional, week 53 of 2025"
pertussis,UT,2021,133,,as of week 52 of 2022
pertussis,UT,2022,135,,as of week 52 of 2023
pertussis,UT,2023,238,,as of week 52 of 2024
pertussis,UT,2024,341,,as of week 53 of 2025
pertussis,UT,2025,344,,"provisional, week 53 of 2025"
pertussis,VA,2021,50,,as of week 52 of 2022
pertussis,VA,2022,73,,as of week 52 of 2023
pertussis,VA,2023,120,,as of week 52 of 2024
pertussis,VA,2024,827,,as of week 53 of 2025
pertussis,VA,2025,612,,"provisional, week 53 of 2025"
pertussis,VT,2021,0,,as of week 52 of 2022
pertussis,VT,2022,2,,as of week 52 of 2023
pertussis,VT,2023,1,,as of week 52 of 2024
pertussis,VT,2024,106,,as of week 53 of 2025
pertussis,VT,2025,93,,"provisional, week 53 of 2025"
pertussis,WA,2021,15,,as of week 52 of 2022
pertussis,WA,2022,76,,as of week 52 of 2023
pertussis,WA,2023,87,,as of week 52 of 2024
pertussis,WA,2024,2295,,as of week 53 of 2025
pertussis,WA,2025,2127,,"provisional, week 53 of 2025"
pertussis,WI,2021,10,,as of week 52 of 2022
pertussis,WI,2022,20,,as of week 52 of 2023
pertussis,WI,2023,51,,as of week 52 of 2024
pertussis,WI,2024,2965,,as of week 53 of 2025
pertussis,WI,2025,701,,"provisional, week 53 of 2025"
pertussis,WV,2021,4,,as of week 52 of 2022
pertussis,WV,2022,14,,as of week 52 of 2023
pertussis,WV,2023,28,,as of week 52 of 2024
pertussis,WV,2024,46,,as of week 53 of 2025
pertussis,WV,2025,171,,"provisional, week 53 of 2025"
pertussis,WY,2021,0,,as of week 52 of 2022
pertussis,WY,2022,2,,as of week 52 of 2023
pertussis,WY,2023,0,,as of week 52 of 2024
pertussis,WY,2024,0,,as of week 53 of 2025
pertussis,WY,2025,0,,"provisional, week 53 of 2025"
polio,AK,2021,0,,as of week 52 of 2022
polio,AK,2022,0,,as of week 52 of 2023
polio,AK,2023,0,,as of week 52 of 2024
polio,AK,2024,0,,as of week 53 of 2025
polio,AK,2025,0,,"provisional, week 53 of 2025"
polio,AL,2021,0,,as of week 52 of 2022
polio,AL,2022,0,,as of week 52 of 2023
polio,AL,2023,0,,as of week 52 of 2024
polio,AL,2024,0,,as of week 53 of 2025
polio,AL,2025,0,,"provisional, week 53 of 2025"
polio,AR,2021,0,,as of week 52 of 2022
polio,AR,2022,0,,as of week 52 of 2023
polio,AR,2023,0,,as of week 52 of 2024
polio,AR,2024,0,,as of week 53 of 2025
polio,AR,2025,0,,"provisional, week 53 of 2025"
polio,AZ,2021,0,,as of week 52 of 2022
polio,AZ,2022,0,,as of week 52 of 2023
polio,AZ,2023,0,,as of week 52 of 2024
polio,AZ,2024,0,,as of week 53 of 2025
polio,AZ,2025,0,,"provisional, week 53 of 2025"
polio,CA,2021,0,,as of week 52 of 2022
polio,CA,2022,0,,as of week 52 of 2023
polio,CA,2023,0,,as of week 52 of 2024
polio,CA,2024,0,,as of week 53 of 2025
polio,CA,2025,0,,"provisional, week 53 of 2025"
polio,CO,2021,0,,as of week 52 of 2022
polio,CO,2022,0,,as of week 52 of 2023
polio,CO,2023,0,,as of week 52 of 2024
polio,CO,2024,0,,as of week 53 of 2025
polio,CO,2025,0,,"provisional, week 53 of 2025"
polio,CT,2021,0,,as of week 52 of 2022
polio,CT,2022,0,,as of week 52 of 2023
polio,CT,2023,0,,as of week 52 of 2024
polio,CT,2024,0,,as of week 53 of 2025
polio,CT,2025,0,,"provisional, week 53 of 2025"
polio,DC,2021,0,,as of week 52 of 2022
polio,DC,2022,0,,as of week 52 of 2023
polio,DC,2023,0,,as of week 52 of 2024
polio,DC,2024,0,,as of week 53 of 2025
polio,DC,2025,0,,"provisional, week 53 of 2025"
polio,DE,2021,0,,as of week 52 of 2022
polio,DE,2022,0,,as of week 52 of 2023
polio,DE,2023,0,,as of week 52 of 2024
polio,DE,2024,0,,as of week 53 of 2025
polio,DE,2025,0,,"provisional, week 53 of 2025"
polio,FL,2021,0,,as of week 52 of 2022
polio,FL,2022,0,,as of week 52 of 2023
polio,FL,2023,0,,as of week 52 of 2024
polio,FL,2024,0,,as of week 53 of 2025
polio,FL,2025,0,,"provisional, week 53 of 2025"
polio,GA,2021,0,,as of week 52 of 2022
polio,GA,2022,0,,as of week 52 of 2023
polio,GA,2023,0,,as of week 52 of 2024
polio,GA,2024,0,,as of week 53 of 2025
polio,GA,2025,0,,"provisional, week 53 of 2025"
polio,HI,2021,0,,as of week 52 of 2022
polio,HI,2022,0,,as of week 52 of 2023
polio,HI,2023,0,,as of week 52 of 2024
polio,HI,2024,0,,as of week 53 of 2025
polio,HI,2025,0,,"provisional, week 53 of 2025"
polio,IA,2021,0,,as of week 52 of 2022
polio,IA,2022,0,,as of week 52 of 2023
polio,IA,2023,0,,as of week 52 of 2024
polio,IA,2024,0,,as of week 53 of 2025
polio,IA,2025,0,,"provisional, week 53 of 2025"
polio,ID,2021,0,,as of week 52 of 2022
polio,ID,2022,0,,as of week 52 of 2023
polio,ID,2023,0,,as of week 52 of 2024
polio,ID,2024,0,,as of week 53 of 2025
polio,ID,2025,0,,"provisional, week 53 of 2025"
polio,IL,2021,0,,as of week 52 of 2022
polio,IL,2022,0,,as of week 52 of 2023
polio,IL,2023,0,,as of week 52 of 2024
polio,IL,2024,0,,as of week 53 of 2025
polio,IL,2025,0,,"provisional, week 53 of 2025"
polio,IN,2021,0,,as of week 52 of 2022
polio,IN,2022,0,,as of week 52 of 2023
polio,IN,2023,0,,as of week 52 of 2024
polio,IN,2024,0,,as of week 53 of 2025
polio,IN,2025,0,,"provisional, week 53 of 2025"
polio,KS,2021,0,,as of week 52 of 2022
polio,KS,2022,0,,as of week 52 of 2023
polio,KS,2023,0,,as of week 52 of 2024
polio,KS,2024,0,,as of week 53 of 2025
polio,KS,2025,0,,"provisional, week 53 of 2025"
polio,KY,2021,0,,as of week 52 of 2022
polio,KY,2022,0,,as of week 52 of 2023
polio,KY,2023,0,,as of week 52 of 2024
polio,KY,2024,0,,as of week 53 of 2025
polio,KY,2025,0,,"provisional, week 53 of 2025"
polio,LA,2021,0,,as of week 52 of 2022
polio,LA,2022,0,,as of week 52 of 2023
polio,LA,2023,0,,as of week 52 of 2024
polio,LA,2024,0,,as of week 53 of 2025
polio,LA,2025,0,,"provisional, week 53 of 2025"
polio,MA,2021,0,,as of week 52 of 2022
polio,MA,2022,0,,as of week 52 of 2023
polio,MA,2023,0,,as of week 52 of 2024
polio,MA,2024,0,,as of week 53 of 2025
polio,MA,2025,0,,"provisional, week 53 of 2025"
polio,MD,2021,0,,as of week 52 of 2022
polio,MD,2022,0,,as of week 52 of 2023
polio,MD,2023,0,,as of week 52 of 2024
polio,MD,2024,0,,as of week 53 of 2025
polio,MD,2025,0,,"provisional, week 53 of 2025"
polio,ME,2021,0,,as of week 52 of 2022
polio,ME,2022,0,,as of week 52 of 2023
polio,ME,2023,0,,as of week 52 of 2024
polio,ME,2024,0,,as of week 53 of 2025
polio,ME,2025,0,,"provisional, week 53 of 2025"
polio,MI,2021,0,,as of week 52 of 2022
polio,MI,2022,0,,as of week 52 of 2023
polio,MI,2023,0,,as of week 52 of 2024
polio,MI,2024,0,,as of week 53 of 2025
polio,MI,2025,0,,"provisional, week 53 of 2025"
polio,MN,2021,0,,as of week 52 of 2022
polio,MN,2022,0,,as of week 52 of 2023
polio,MN,2023,0,,as of week 52 of 2024
polio,MN,2024,0,,as of week 53 of 2025
polio,MN,2025,0,,"provisional, week 53 of 2025"
polio,MO,2021,0,,as of week 52 of 2022
polio,MO,2022,0,,as of week 52 of 2023
polio,MO,2023,0,,as of week 52 of 2024
polio,MO,2024,0,,as of week 53 of 2025
polio,MO,2025,0,,"provisional, week 53 of 2025"
polio,MS,2021,0,,as of week 52 of 2022
polio,MS,2022,0,,as of week 52 of 2023
polio,MS,2023,0,,as of week 52 of 2024
polio,MS,2024,0,,as of week 53 of 2025
polio,MS,2025,0,,"provisional, week 53 of 2025"
polio,MT,2021,0,,as of week 52 of 2022
polio,MT,2022,0,,as of week 52 of 2023
polio,MT,2023,0,,as of week 52 of 2024
polio,MT,2024,0,,as of week 53 of 2025
polio,MT,2025,0,,"provisional, week 53 of 2025"
polio,NC,2021,0,,as of week 52 of 2022
polio,NC,2022,0,,as of week 52 of 2023
polio,NC,2023,0,,as of week 52 of 2024
polio,NC,2024,0,,as of week 53 of 2025
polio,NC,2025,0,,"provisional, week 53 of 2025"
polio,ND,2021,0,,as of week 52 of 2022
polio,ND,2022,0,,as of week 52 of 2023
polio,ND,2023,0,,as of week 52 of 2024
polio,ND,2024,0,,as of week 53 of 2025
polio,ND,2025,0,,"provisional, week 53 of 2025"
polio,NE,2021,0,,as of week 52 of 2022
polio,NE,2022,0,,as of week 52 of 2023
polio,NE,2023,0,,as of week 52 of 2024
polio,NE,2024,0,,as of week 53 of 2025
polio,NE,2025,0,,"provisional, week 53 of 2025"
polio,NH,2021,0,,as of week 52 of 2022
polio,NH,2022,0,,as of week 52 of 2023
polio,NH,2023,0,,as of week 52 of 2024
polio,NH,2024,0,,as of week 53 of 2025
polio,NH,2025,0,,"provisional, week 53 of 2025"
polio,NJ,2021,0,,as of week 52 of 2022
polio,NJ,2022,0,,as of week 52 of 2023
polio,NJ,2023,0,,as of week 52 of 2024
polio,NJ,2024,0,,as of week 53 of 2025
polio,NJ,2025,0,,"provisional, week 53 of 2025"
polio,NM,2021,0,,as of week 52 of 2022
polio,NM,2022,0,,as of week 52 of 2023
polio,NM,2023,0,,as of week 52 of 2024
polio,NM,2024,0,,as of week 53 of 2025
polio,NM,2025,0,,"provisional, week 53 of 2025"
polio,NV,2021,0,,as of week 52 of 2022
polio,NV,2022,0,,as of week 52 of 2023
polio,NV,2023,0,,as of week 52 of 2024
polio,NV,2024,0,,as of week 53 of 2025
polio,NV,2025,0,,"provisional, week 53 of 2025"
polio,NY,2021,0,,as of week 52 of 2022
polio,NY,2022,1,,as of week 52 of 2023
polio,NY,2023,0,,as of week 52 of 2024
polio,NY,2024,0,,as of week 53 of 2025
polio,NY,2025,0,,"provisional, week 53 of 2025"
polio,OH,2021,0,,as of week 52 of 2022
polio,OH,2022,0,,as of week 52 of 2023
polio,OH,2023,0,,as of week 52 of 2024
polio,OH,2024,0,,as of week 53 of 2025
polio,OH,2025,0,,"provisional, week 53 of 2025"
polio,OK,2021,0,,as of week 52 of 2022
polio,OK,2022,0,,as of week 52 of 2023
polio,OK,2023,0,,as of week 52 of 2024
polio,OK,2024,0,,as of week 53 of 2025
polio,OK,2025,0,,"provisional, week 53 of 2025"
polio,OR,2021,0,,as of week 52 of 2022
polio,OR,2022,0,,as of week 52 of 2023
polio,OR,2023,0,,as of week 52 of 2024
polio,OR,2024,0,,as of week 53 of 2025
polio,OR,2025,0,,"provisional, week 53 of 2025"
polio,PA,2021,0,,as of week 52 of 2022
polio,PA,2022,0,,as of week 52 of 2023
polio,PA,2023,0,,as of week 52 of 2024
polio,PA,2024,0,,as of week 53 of 2025
polio,PA,2025,0,,"provisional, week 53 of 2025"
polio,RI,2021,0,,as of week 52 of 2022
polio,RI,2022,0,,as of week 52 of 2023
polio,RI,2023,0,,as of week 52 of 2024
polio,RI,2024,0,,as of week 53 of 2025
polio,RI,2025,0,,"provisional, week 53 of 2025"
polio,SC,2021,0,,as of week 52 of 2022
polio,SC,2022,0,,as of week 52 of 2023
polio,SC,2023,0,,as of week 52 of 2024
polio,SC,2024,0,,as of week 53 of 2025
polio,SC,2025,0,,"provisional, week 53 of 2025"
polio,SD,2021,0,,as of week 52 of 2022
polio,SD,2022,0,,as of week 52 of 2023
polio,SD,2023,0,,as of week 52 of 2024
polio,SD,2024,0,,as of week 53 of 2025
polio,SD,2025,0,,"provisional, week 53 of 2025"
polio,TN,2021,0,,as of week 52 of 2022
polio,TN,2022,0,,as of week 52 of 2023
polio,TN,2023,0,,as of week 52 of 2024
polio,TN,2024,0,,as of week 53 of 2025
polio,TN,2025,0,,"provisional, week 53 of 2025"
polio,TX,2021,0,,as of week 52 of 2022
polio,TX,2022,0,,as of week 52 of 2023
polio,TX,2023,0,,as of week 52 of 2024
polio,TX,2024,0,,as of week 53 of 2025
polio,TX,2025,0,,"provisional, week 53 of 2025"
polio,UT,2021,0,,as of week 52 of 2022
polio,UT,2022,0,,as of week 52 of 2023
polio,UT,2023,0,,as of week 52 of 2024
polio,UT,2024,0,,as of week 53 of 2025
polio,UT,2025,0,,"provisional, week 53 of 2025"
polio,VA,2021,0,,as of week 52 of 2022
polio,VA,2022,0,,as of week 52 of 2023
polio,VA,2023,0,,as of week 52 of 2024
polio,VA,2024,0,,as of week 53 of 2025
polio,VA,2025,0,,"provisional, week 53 of 2025"
polio,VT,2021,0,,as of week 52 of 2022
polio,VT,2022,0,,as of week 52 of 2023
polio,VT,2023,0,,as of week 52 of 2024
polio,VT,2024,0,,as of week 53 of 2025
polio,VT,2025,0,,"provisional, week 53 of 2025"
polio,WA,2021,0,,as of week 52 of 2022
polio,WA,2022,0,,as of week 52 of 2023
polio,WA,2023,0,,as of week 52 of 2024
polio,WA,2024,0,,as of week 53 of 2025
polio,WA,2025,0,,"provisional, week 53 of 2025"
polio,WI,2021,0,,as of week 52 of 2022
polio,WI,2022,0,,as of week 52 of 2023
polio,WI,2023,0,,as of week 52 of 2024
polio,WI,2024,0,,as of week 53 of 2025
polio,WI,2025,0,,"provisional, week 53 of 2025"
polio,WV,2021,0,,as of week 52 of 2022
polio,WV,2022,0,,as of week 52 of 2023
polio,WV,2023,0,,as of week 52 of 2024
polio,WV,2024,0,,as of week 53 of 2025
polio,WV,2025,0,,"provisional, week 53 of 2025"
polio,WY,2021,0,,as of week 52 of 2022
polio,WY,2022,0,,as of week 52 of 2023
polio,WY,2023,0,,as of week 52 of 2024
polio,WY,2024,0,,as of week 53 of 2025
polio,WY,2025,0,,"provisional, week 53 of 2025"
rubella,AK,2021,0,,as of week 52 of 2022
rubella,AK,2022,0,,as of week 52 of 2023
rubella,AK,2023,0,,as of week 52 of 2024
rubella,AK,2024,0,,as of week 53 of 2025
rubella,AK,2025,0,,"provisional, week 53 of 2025"
rubella,AL,2021,0,,as of week 52 of 2022
rubella,AL,2022,1,,as of week 52 of 2023
rubella,AL,2023,0,,as of week 52 of 2024
rubella,AL,2024,2,,as of week 53 of 2025
rubella,AL,2025,0,,"provisional, week 53 of 2025"
rubella,AR,2021,0,,as of week 52 of 2022
rubella,AR,2022,0,,as of week 52 of 2023
rubella,AR,2023,1,,as of week 52 of 2024
rubella,AR,2024,0,,as of week 53 of 2025
rubella,AR,2025,0,,"provisional, week 53 of 2025"
rubella,AZ,2021,0,,as of week 52 of 2022
rubella,AZ,2022,0,,as of week 52 of 2023
rubella,AZ,2023,0,,as of week 52 of 2024
rubella,AZ,2024,0,,as of week 53 of 2025
rubella,AZ,2025,0,,"provisional, week 53 of 2025"
rubella,CA,2021,0,,as of week 52 of 2022
rubella,CA,2022,1,,as of week 52 of 2023
rubella,CA,2023,0,,as of week 52 of 2024
rubella,CA,2024,2,,as of week 53 of 2025
rubella,CA,2025,0,,"provisional, week 53 of 2025"
rubella,CO,2021,0,,as of week 52 of 2022
rubella,CO,2022,0,,as of week 52 of 2023
rubella,CO,2023,0,,as of week 52 of 2024
rubella,CO,2024,0,,as of week 53 of 2025
rubella,CO,2025,0,,"provisional, week 53 of 2025"
rubella,CT,2021,0,,as of week 52 of 2022
rubella,CT,2022,0,,as of week 52 of 2023
rubella,CT,2023,0,,as of week 52 of 2024
rubella,CT,2024,0,,as of week 53 of 2025
rubella,CT,2025,0,,"provisional, week 53 of 2025"
rubella,DC,2021,0,,as of week 52 of 2022
rubella,DC,2022,0,,as of week 52 of 2023
rubella,DC,2023,0,,as of week 52 of 2024
rubella,DC,2024,0,,as of week 53 of 2025
rubella,DC,2025,0,,"provisional, week 53 of 2025"
rubella,DE,2021,0,,as of week 52 of 2022
rubella,DE,2022,0,,as of week 52 of 2023
rubella,DE,2023,1,,as of week 52 of 2024
rubella,DE,2024,0,,as of week 53 of 2025
rubella,DE,2025,0,,"provisional, week 53 of 2025"
rubella,FL,2021,0,,as of week 52 of 2022
rubella,FL,2022,0,,as of week 52 of 2023
rubella,FL,2023,0,,as of week 52 of 2024
rubella,FL,2024,0,,as of week 53 of 2025
rubella,FL,2025,0,,"provisional, week 53 of 2025"
rubella,GA,2021,0,,as of week 52 of 2022
rubella,GA,2022,1,,as of week 52 of 2023
rubella,GA,2023,1,,as of week 52 of 2024
rubella,GA,2024,0,,as of week 53 of 2025
rubella,GA,2025,0,,"provisional, week 53 of 2025"
rubella,HI,2021,0,,as of week 52 of 2022
rubella,HI,2022,0,,as of week 52 of 2023
rubella,HI,2023,0,,as of week 52 of 2024
rubella,HI,2024,0,,as of week 53 of 2025
rubella,HI,2025,0,,"provisional, week 53 of 2025"
rubella,IA,2021,0,,as of week 52 of 2022
rubella,IA,2022,0,,as of week 52 of 2023
rubella,IA,2023,0,,as of week 52 of 2024
rubella,IA,2024,0,,as of week 53 of 2025
rubella,IA,2025,0,,"provisional, week 53 of 2025"
rubella,ID,2021,0,,as of week 52 of 2022
rubella,ID,2022,0,,as of week 52 of 2023
rubella,ID,2023,0,,as of week 52 of 2024
rubella,ID,2024,0,,as of week 53 of 2025
rubella,ID,2025,0,,"provisional, week 53 of 2025"
rubella,IL,2021,0,,as of week 52 of 2022
rubella,IL,2022,0,,as of week 52 of 2023
rubella,IL,2023,0,,as of week 52 of 2024
rubella,IL,2024,0,,as of week 53 of 2025
rubella,IL,2025,0,,"provisional, week 53 of 2025"
rubella,IN,2021,1,,as of week 52 of 2022
rubella,IN,2022,0,,as of week 52 of 2023
rubella,IN,2023,0,,as of week 52 of 2024
rubella,IN,2024,0,,as of week 53 of 2025
rubella,IN,2025,0,,"provisional, week 53 of 2025"
rubella,KS,2021,1,,as of week 52 of 2022
rubella,KS,2022,0,,as of week 52 of 2023
rubella,KS,2023,1,,as of week 52 of 2024
rubella,KS,2024,0,,as of week 53 of 2025
rubella,KS,2025,0,,"provisional, week 53 of 2025"
rubella,KY,2021,0,,as of week 52 of 2022
rubella,KY,2022,0,,as of week 52 of 2023
rubella,KY,2023,0,,as of week 52 of 2024
rubella,KY,2024,0,,as of week 53 of 2025
rubella,KY,2025,0,,"provisional, week 53 of 2025"
rubella,LA,2021,0,,as of week 52 of 2022
rubella,LA,2022,0,,as of week 52 of 2023
rubella,LA,2023,0,,as of week 52 of 2024
rubella,LA,2024,0,,as of week 53 of 2025
rubella,LA,2025,0,,"provisional, week 53 of 2025"
rubella,MA,2021,0,,as of week 52 of 2022
rubella,MA,2022,0,,as of week 52 of 2023
rubella,MA,2023,0,,as of week 52 of 2024
rubella,MA,2024,0,,as of week 53 of 2025
rubella,MA,2025,0,,"provisional, week 53 of 2025"
rubella,MD,2021,0,,as of week 52 of 2022
rubella,MD,2022,0,,as of week 52 of 2023
rubella,MD,2023,1,,as of week 52 of 2024
rubella,MD,2024,0,,as of week 53 of 2025
rubella,MD,2025,0,,"provisional, week 53 of 2025"
rubella,ME,2021,0,,as of week 52 of 2022
rubella,ME,2022,0,,as of week 52 of 2023
rubella,ME,2023,0,,as of week 52 of 2024
rubella,ME,2024,0,,as of week 53 of 2025
rubella,ME,2025,0,,"provisional, week 53 of 2025"
rubella,MI,2021,5,,as of week 52 of 2022
rubella,MI,2022,4,,as of week 52 of 2023
rubella,MI,2023,6,,as of week 52 of 2024
rubella,MI,2024,7,,as of week 53 of 2025
rubella,MI,2025,0,,"provisional, week 53 of 2025"
rubella,MN,2021,0,,as of week 52 of 2022
rubella,MN,2022,0,,as of week 52 of 2023
rubella,MN,2023,0,,as of week 52 of 2024
rubella,MN,2024,0,,as of week 53 of 2025
rubella,MN,2025,0,,"provisional, week 53 of 2025"
rubella,MO,2021,0,,as of week 52 of 2022
rubella,MO,2022,0,,as of week 52 of 2023
rubella,MO,2023,0,,as of week 52 of 2024
rubella,MO,2024,0,,as of week 53 of 2025
rubella,MO,2025,0,,"provisional, week 53 of 2025"
rubella,MS,2021,0,,as of week 52 of 2022
rubella,MS,2022,0,,as of week 52 of 2023
rubella,MS,2023,0,,as of week 52 of 2024
rubella,MS,2024,0,,as of week 53 of 2025
rubella,MS,2025,0,,"provisional, week 53 of 2025"
rubella,MT,2021,0,,as of week 52 of 2022
rubella,MT,2022,0,,as of week 52 of 2023
rubella,MT,2023,0,,as of week 52 of 2024
rubella,MT,2024,0,,as of week 53 of 2025
rubella,MT,2025,0,,"provisional, week 53 of 2025"
rubella,NC,2021,0,,as of week 52 of 2022
rubella,NC,2022,0,,as of week 52 of 2023
rubella,NC,2023,0,,as of week 52 of 2024
rubella,NC,2024,0,,as of week 53 of 2025
rubella,NC,2025,0,,"provisional, week 53 of 2025"
rubella,ND,2021,0,,as of week 52 of 2022
rubella,ND,2022,0,,as of week 52 of 2023
rubella,ND,2023,0,,as of week 52 of 2024
rubella,ND,2024,0,,as of week 53 of 2025
rubella,ND,2025,0,,"provisional, week 53 of 2025"
rubella,NE,2021,0,,as of week 52 of 2022
rubella,NE,2022,0,,as of week 52 of 2023
rubella,NE,2023,0,,as of week 52 of 2024
rubella,NE,2024,0,,as of week 53 of 2025
rubella,NE,2025,0,,"provisional, week 53 of 2025"
rubella,NH,2021,0,,as of week 52 of 2022
rubella,NH,2022,0,,as of week 52 of 2023
rubella,NH,2023,0,,as of week 52 of 2024
rubella,NH,2024,0,,as of week 53 of 2025
rubella,NH,2025,0,,"provisional, week 53 of 2025"
rubella,NJ,2021,0,,as of week 52 of 2022
rubella,NJ,2022,0,,as of week 52 of 2023
rubella,NJ,2023,0,,as of week 52 of 2024
rubella,NJ,2024,0,,as of week 53 of 2025
rubella,NJ,2025,0,,"provisional, week 53 of 2025"
rubella,NM,2021,0,,as of week 52 of 2022
rubella,NM,2022,0,,as of week 52 of 2023
rubella,NM,2023,0,,as of week 52 of 2024
rubella,NM,2024,0,,as of week 53 of 2025
rubella,NM,2025,0,,"provisional, week 53 of 2025"
rubella,NV,2021,0,,as of week 52 of 2022
rubella,NV,2022,0,,as of week 52 of 2023
rubella,NV,2023,0,,as of week 52 of 2024
rubella,NV,2024,0,,as of week 53 of 2025
rubella,NV,2025,0,,"provisional, week 53 of 2025"
rubella,NY,2021,0,,as of week 52 of 2022
rubella,NY,2022,0,,as of week 52 of 2023
rubella,NY,2023,0,,as of week 52 of 2024
rubella,NY,2024,0,,as of week 53 of 2025
rubella,NY,2025,0,,"provisional, week 53 of 2025"
rubella,OH,2021,0,,as of week 52 of 2022
rubella,OH,2022,0,,as of week 52 of 2023
rubella,OH,2023,0,,as of week 52 of 2024
rubella,OH,2024,0,,as of week 53 of 2025
rubella,OH,2025,0,,"provisional, week 53 of 2025"
rubella,OK,2021,0,,as of week 52 of 2022
rubella,OK,2022,0,,as of week 52 of 2023
rubella,OK,2023,0,,as of week 52 of 2024
rubella,OK,2024,0,,as of week 53 of 2025
rubella,OK,2025,0,,"provisional, week 53 of 2025"
rubella,OR,2021,0,,as of week 52 of 2022
rubella,OR,2022,0,,as of week 52 of 2023
rubella,OR,2023,0,,as of week 52 of 2024
rubella,OR,2024,0,,as of week 53 of 2025
rubella,OR,2025,0,,"provisional, week 53 of 2025"
rubella,PA,2021,0,,as of week 52 of 2022
rubella,PA,2022,0,,as of week 52 of 2023
rubella,PA,2023,0,,as of week 52 of 2024
rubella,PA,2024,0,,as of week 53 of 2025
rubella,PA,2025,0,,"provisional, week 53 of 2025"
rubella,RI,2021,0,,as of week 52 of 2022
rubella,RI,2022,0,,as of week 52 of 2023
rubella,RI,2023,0,,as of week 52 of 2024
rubella,RI,2024,0,,as of week 53 of 2025
rubella,RI,2025,0,,"provisional, week 53 of 2025"
rubella,SC,2021,0,,as of week 52 of 2022
rubella,SC,2022,0,,as of week 52 of 2023
rubella,SC,2023,0,,as of week 52 of 2024
rubella,SC,2024,0,,as of week 53 of 2025
rubella,SC,2025,0,,"provisional, week 53 of 2025"
rubella,SD,2021,0,,as of week 52 of 2022
rubella,SD,2022,0,,as of week 52 of 2023
rubella,SD,2023,0,,as of week 52 of 2024
rubella,SD,2024,0,,as of week 53 of 2025
rubella,SD,2025,0,,"provisional, week 53 of 2025"
rubella,TN,2021,0,,as of week 52 of 2022
rubella,TN,2022,0,,as of week 52 of 2023
rubella,TN,2023,0,,as of week 52 of 2024
rubella,TN,2024,0,,as of week 53 of 2025
rubella,TN,2025,0,,"provisional, week 53 of 2025"
rubella,TX,2021,0,,as of week 52 of 2022
rubella,TX,2022,0,,as of week 52 of 2023
rubella,TX,2023,0,,as of week 52 of 2024
rubella,TX,2024,2,,as of week 53 of 2025
rubella,TX,2025,0,,"provisional, week 53 of 2025"
rubella,UT,2021,0,,as of week 52 of 2022
rubella,UT,2022,0,,as of week 52 of 2023
rubella,UT,2023,0,,as of week 52 of 2024
rubella,UT,2024,2,,as of week 53 of 2025
rubella,UT,2025,0,,"provisional, week 53 of 2025"
rubella,VA,2021,1,,as of week 52 of 2022
rubella,VA,2022,0,,as of week 52 of 2023
rubella,VA,2023,0,,as of week 52 of 2024
rubella,VA,2024,0,,as of week 53 of 2025
rubella,VA,2025,0,,"provisional, week 53 of 2025"
rubella,VT,2021,0,,as of week 52 of 2022
rubella,VT,2022,0,,as of week 52 of 2023
rubella,VT,2023,0,,as of week 52 of 2024
rubella,VT,2024,0,,as of week 53 of 2025
rubella,VT,2025,0,,"provisional, week 53 of 2025"
rubella,WA,2021,0,,as of week 52 of 2022
rubella,WA,2022,0,,as of week 52 of 2023
rubella,WA,2023,0,,as of week 52 of 2024
rubella,WA,2024,0,,as of week 53 of 2025
rubella,WA,2025,0,,"provisional, week 53 of 2025"
rubella,WI,2021,0,,as of week 52 of 2022
rubella,WI,2022,0,,as of week 52 of 2023
rubella,WI,2023,0,,as of week 52 of 2024
rubella,WI,2024,0,,as of week 53 of 2025
rubella,WI,2025,0,,"provisional, week 53 of 2025"
rubella,WV,2021,0,,as of week 52 of 2022
rubella,WV,2022,0,,as of week 52 of 2023
rubella,WV,2023,0,,as of week 52 of 2024
rubella,WV,2024,0,,as of week 53 of 2025
rubella,WV,2025,0,,"provisional, week 53 of 2025"
rubella,WY,2021,0,,as of week 52 of 2022
rubella,WY,2022,0,,as of week 52 of 2023
rubella,WY,2023,0,,as of week 52 of 2024
rubella,WY,2024,0,,as of week 53 of 2025
rubella,WY,2025,0,,"provisional, week 53 of 2025"
