st,years,unit,age,origin,notes,county_rows,region_rows
AK,2024-25,Health Region,5-6 years,Registry,Quarter 1 immunization registry data for 5-6 year olds. ,0,7
AL,"2019-20 to 2022-23, and 2024-25",County ,Kindergarten,School Survey,,335,0
AR,County-Level 2-Dose MMR Data not available.,,,,,0,0
AZ,2017-18 to 2024-25,County,Kindergarten,School Survey,,120,0
CA,2017-18 to 2024-25,County,Kindergarten,School Survey,,455,0
CO,2017-18 to 2024-25,County,Kindergarten,School Survey,,509,0
CT,"2017-18 to 2023-24, 2024-25*",County-Like Unit,Kindergarten,School Survey,,65,0
DC,2020-21 to 2024-25,County,Kindergarten,School Survey,Data obtained from CDC VaxView for D.C.,5,0
DE,County-Level 2-Dose MMR Data not available.,,,,,0,0
FL,2017-18 to 2024-25,County,Kindergarten,School Survey,,536,0
GA,County-Level 2-Dose MMR Data not available.,,,,,0,0
HI,"2019-20, 2021-22 to 2024-25",School,K-12,School Survey,"Previous Note: For Hawaii, (1- Incomplete Immunization) was used as a substitute for 2-dose MMR rates - as this is what is provided by the State of Hawaii. Incomplete immunizations includes religious exemptions, medical exemptions, and students with no immunization record or missing immunizations.  The source data is collected by the Department of Health using a random sample of public, private, and charter schools. For this study, school level data was aggregated to county-level using enrollment data.",20,0
IA,"2018-19, 2020-21 to 2024-25",County,Kindergarten,School Survey,"Vaccination data from Iowa counties includes the number of certificates of immunization provided per county, along with the total enrollment of students per county. The county-level vaccination coverage for Iowa is calculated as follows: [Number of Certificates of Immunization for a County] / [County Total Enrollment].",594,0
ID,2017-18 to 2024-25,County,Kindergarten,School Survey,"Children with exemptions based on religious or other grounds may have been vaccinated or were on track to receive vaccinations yet elected not to share their vaccination status with the school. Thus, assessing coverage based on the School Immunization Report alone should be done with caution. Read Idaho Statute 39-4801 for more information: Idaho Statute, Section 39-4801.",352,0
IL,2017-18 to 2024-25,County,Pre K-12,School Survey,,816,0
IN,2023-24 to 2024-25,School,Kindergarten,School Survey,Data was aggregated from school-level to county-level using a weighted average [Summation for each school in a county: (School Enrollment Rate * School 2-dose MMR rate)] / [total county enrollment] derived from the  school-level MMR rates and enrollment information provided in the dataset.,184,0
KS,2019-20 to 2024-25,County,Kindergarten,School Survey,,621,0
KY,2017-18 to 2024-25,County,Kindergarten,School Survey,,956,0
LA,2024-25,County,Kindergarten,School Survey,,63,0
MA,2017-18 to 2024-25,County,Kindergarten,School Survey,,112,0
MD,2023-24 to 2024-25,County,Kindergarten,School Survey,,48,0
ME,2017-18 to 2024-25,County; School-level for 2017-18.,Kindergarten,School Survey,"Maine provides annual school-level MMR rate data, enrollment data, and the county-level MMR rate data in a centralized database. The aggregated county-level data was utilized for 2018-19 to 2024-25. However, in 2017-18, Maine did not provide the county-level total MMR rate. Therefore, for 2017-18 data the school-level data was aggregated up to county-level using the provided enrollment data and 2-dose MMR data for Kindergarteners.",128,0
MI,"2018-19, 2022-23 to 2024-25",School,Kindergarten,School Survey,"Data was aggregated from the school building level to the county-level using the enrollment data provided alongside immunization compliance data. Schools with less than 5 students are not included in the report. School data includes both public and private schools. Michigan reported the data for the calendar year, which we aligned with the upcoming school year (i.e., 2023 data was assigned to 2023-24). The 2018-19 data was obtained from Gardner et al., 2020, which used the same methodology for aggregation to county level.",326,0
MN,2017-18 to 2024-25,County,Kindergarten,School Survey,"Note: For the 2024-25 school year, 99.9% of kindergartners had their immunization data reported . The enrollment totals are from the Minnesota Department of Education (MDE), and do not include home school children and private schools that did not report enrollment data to MDE. This same methodology is consistent over all years.",696,0
MO,2019-20 to 2024-25,County,Kindergarten,School Survey,Missing data indicates that counties have no schools that reported data or fewer than 20 students for the given year.,572,0
MS,2022-23 to 2025-26,County,Kindergarten,School Survey,County-level percentage of kindergarten students meeting the state’s immunization requirement for 2022-2023 (including 2 MMR),245,0
MT,County-Level 2-Dose MMR Data not available.,,,,2-dose MMR County level data not available,0,0
NC,2019-20 to 2024-25,County,Kindergarten,School Survey,,597,0
ND,2021-22 to 2024-25,County,Kindergarten,School Survey,,205,0
NE,2018-19 to 2025-26,County,Kindergarten,School Survey,Missing values indicate 5 or fewer kindergarten students in that county.,604,0
NH,2021-22 to 2024-25,County,K-12,School Survey,,40,0
NJ,2017-18 to 2024-25,County,Kindergarten,School Survey,,168,0
NM,"2018-19 to 2019-20, 2022-23 to 2025-26",County,Kindergarten,School Survey,,165,0
NV,"2018-19, 2022-23 to 2025-26",County,Kindergarten,School Survey,,51,0
NY,2019-20 to 2024-25,School,K-12,School Survey,"Enrollment data was compiled across public and non-public enrollment available at https://www.nysed.gov/information-reporting-services/student-enrollment-data. BEDS Day enrollment was utilized to match school enrollment to corresponding school ID in the immunization data. County-level rates were calculated across immunization data file using school-level enrollment data and the corresponding MMR rate. Schools where a match between MMR rate database and school-level enrollment data was not found were dropped from the compilation. For the most recent school year (2024-25), 7.4% of schools were not matched, excluding schools that did not provide MMR rates for the most recent school year.
Please note the following:
•	   This data does not include New York City public schools.
•	   For each BEDS enrollment file, the calendar year was matched to the latter school year (i.e., 2018 was matched to 2017-18, 2019 to 2018-19, etc.) as per the documentation.
•	   If a school was duplicated for a given school year and thus had more than one “Percent Immunized Measles” options, the lower bound was used to ensure a more conservative estimate.
•	   The 2021-22 MMR rate for Seneca county does not include Waterloo Highschool, as the MMR rate documented for Waterloo Highschool 9-12 in 2021-22 was 25%, which contrasts with school years 2017-18 to 2024-25 where the MMR rate was higher than 99.80%. Enrollment was consistent during this time period. Due to Waterloo Highschool’s large enrollment, its inclusion drops the 2021-22 Seneca county MMR rate to 89.64%, a delta of ~10% from 2020-21 rates (98.65%) and 2022-23 rates (98.72%). Further, Waterloo Highschool enrollment is only for grades 9-12, who would have been vaccinated pre-pandemic and thus would not experience pandemic-related disruptions in MMR vaccination. Therefore, Waterloo Highschool was excluded from the Seneca county MMR rate due to this improbable outlier in reported MMR rate.",496,0
OH,2024-25,County,Kindergarten,School Survey,,87,0
OK,2019-20 to 2024-25,County,Kindergarten,School Survey,"Optional survey for Oklahoma schools. Both public and private schools submitted data; however, the participation rate varies. This data accounts for the following percent of Kindergarten students in the following years. 2019-20: 88% of Kindergarteners in public schools, 53% of private schools; 2020-21: 91% of Kindergarteners in public schools, 61% of private schools; 2021-22: 86% of Kindergarteners in public schools, 46% in private schools; 2022-23: 91% of Kindergarteners in public schools, 65% in private schools; 2023-24: 95% of Kindergarteners in public schools, 62% in private schools; 2024-25:  88% of Kindergarteners in public schools, 66% in private schools.",461,0
OR,2017-18 to 2024-25,County,Kindergarten,School Survey,"Oregon Health Authority presents the MMR rates for Sherman and Wasco county as a single combined rate because both of these counties fall under the North Central Public Health District, which is a two-county public health district. We assigned the combined North Central MMR rate to both Wasco and Sherman county.
Additionally, Oregon data was presented as calendar year and assigned to the previous school year based on the observed naming convention of the most recent school year (i.e., 2025 corresponds to 2024-25, 2024: 2023-24, 2023: 2022-23).",287,0
PA,2017-18 to 2024-25,County,Kindergarten,School Survey,"Every school in the state self-reports comprehensive immunization data (public, private, and home schooled). ",536,0
RI,"2018-19, 2020-21 to 2024-25",City ,Kindergarten,School Survey,"Kindergarten Immunization rates at the city level were mapped to counties, and weighted by city population in 2020 from: https://planning.ri.gov/sites/g/files/xkgbur826/files/documents/census/2021/POP-BY-C%26T-2010---2020.pdf. West Greenwich and West Kingston are not included due to missing data. New Shoreham (2023-24) data is missing and adopts 2022-23 data. Warren (2020-21) data is missing and adopts 2021-22 data. City/Towns are only present if they report more than 10 students.",30,0
SC,2019-20 to 2024-25,County,K-12,School Survey,,276,0
SD,2017-18 to 2024-25,County,Kindergarten,School Survey,,520,0
TN,2019-20 to 2024-25,County,Kindergarten,School Survey,"Complete MMR percent is reported at a county level (both public and private schools) for 2020-21 onwards. For 2019-20 data, the county-level public and private school data was separated. Therefore, we combined public and private school data by weighting public and private county-level data by enrollment data and then aggregating up to county level.",541,0
TX,2019-20 to 2024-25,County,Kindergarten,School Survey,Missing values indicate that the few schools in this county either did not respond to the survey or did not have a Kindergarten class that year.,1512,0
UT,2018-19 to 2024-25,County,Kindergarten,School Survey,"Counties with <100 kindergartners have been censored in accordance with Utah DHHS data suppression guidelines. Students attending online school have been removed from the county-level totals.  While the physical location of an online school may be in a specific county, that school may draw students residing anywhere in the state.",163,0
VA,2017-18 to 2024-25,County,Kindergarten,School Survey,"Missing values indicate that no schools in that county have reported for the selected year. Virginia added HepA to their vaccination requirements in SY 2021, switching from a 4-4-2-3-2 series (4 DTaP, 4 Polio, 2 MMR, 3 HepB, 2 VAR) to a 4-4-2-2-3-2 series at school entry (4DTaP, 4 Polio, 2 MMR, 2 HepA, 3 HepB, and 2 VAR). We included the data due to its completeness; however, we acknowledge that this could contribute to decreases in rates post SY-2021. Please see the following link for further details: https://redcap.vdh.virginia.gov/redcap/surveys/?s=KEJKML9FND4KPFR8. Furthermore, for 2024-25 data Virginia provides school-level 2-dose MMR coverage. To keep consistent with previous years, we kept the full series coverage. Please see the immunization dashboard for school-level rates.",1027,0
VT,2017-18 to 2024-25,County,Kindergarten,School Survey,"Vermont represents any county with a vaccination rate greater than 95% as >95%. Therefore, we cap all vaccination rates at 0.95 for Vermont. The data is reported to the Vermont Department of Health by all public or independent schools.",96,0
WA,2019-20 to 2024-25,County,Kindergarten,School Survey,Schools with less than 10 individuals are not included due to privacy concerns. ,233,0
WI,2018-19 to 2024-25,County,Kindergarten,School Survey,Counties with vaccination coverage exceeding 95% are capped and presented as 95%. Schools and kindergartens with <10 students do not have data shown.,504,0
WV,County-Level 2-Dose MMR Data not available.,,,,2-dose MMR County level data not available,0,0
WY,2022-23,County,Kindergarten,School Survey,"Wyoming only provides 2 MMR school survey data for 2022-2023. All other years are obtained from the Wyoming Immunization Registry (WyIR)and not included in our dataset. Furthermore, Wyoming data for other school years is highly variable by age (2018-19 data collects 2 MMR data from 6-year-olds, state average MMR rate is 71%. School years 2019-20, 2020-21, and 2021-22 collect data for 7-year-olds, where the state averages are 72%, 76%, and 76%, respectively). Wyoming reported the data for the calendar year, which we aligned with the upcoming school year (i.e., 2022 data was assigned to 2022-23). Note, the WyIR tends to underestimate true adolescent coverage because actual vaccines administered is often under-reported, as documented here: https://health.wyo.gov/wp-content/uploads/2021/11/WDH-IMM_Immunization-Data-Technical-Notes-Rev..pdf",23,0
