disease,year,areas,pop_share,flagged,"weekly sum, 50+ weeks","weekly sum, 40-49 weeks","weekly sum, under 40 weeks",year-end running total,final,"weekly, counted a year later",provisional
measles,1929,46,96.3,0,27,14,5,0,0,0,0
measles,1930,46,96.3,0,29,13,4,0,0,0,0
measles,1931,46,96.3,0,24,20,2,0,0,0,0
measles,1932,47,98.3,0,20,17,10,0,0,0,0
measles,1933,47,98.3,0,31,11,5,0,0,0,0
measles,1934,47,98.3,0,36,9,2,0,0,0,0
measles,1935,47,98.3,0,31,14,2,0,0,0,0
measles,1936,47,98.3,0,22,22,3,0,0,0,0
measles,1937,47,97.6,0,22,19,6,0,0,0,0
measles,1938,48,99.9,0,1,41,6,0,0,0,0
measles,1939,48,99.9,0,0,46,2,0,0,0,0
measles,1940,49,100.0,0,0,47,2,0,0,0,0
measles,1941,49,100.0,0,0,48,1,0,0,0,0
measles,1942,48,98.4,0,47,1,0,0,0,0,0
measles,1943,48,98.3,0,0,48,0,0,0,0,0
measles,1944,49,100.0,0,0,48,1,0,0,0,0
measles,1945,49,100.0,0,0,48,1,0,0,0,0
measles,1946,48,98.5,0,30,15,3,0,0,0,0
measles,1947,49,100.0,0,28,16,5,0,0,0,0
measles,1948,49,100.0,0,0,44,5,0,0,0,0
measles,1949,49,100.0,0,37,10,2,0,0,0,0
measles,1950,50,99.9,0,30,17,3,0,0,0,0
measles,1951,50,99.9,0,0,47,3,0,0,0,0
measles,1952,49,99.6,0,0,44,5,0,0,0,0
measles,1953,49,99.6,0,0,45,4,0,0,0,0
measles,1954,51,100.0,0,37,13,1,0,0,0,0
measles,1955,51,100.0,0,0,45,6,0,0,0,0
measles,1956,51,100.0,0,39,7,5,0,0,0,0
measles,1957,51,100.0,0,27,19,5,0,0,0,0
measles,1958,51,100.0,0,17,30,4,0,0,0,0
measles,1959,50,98.8,0,0,41,9,0,0,0,0
measles,1960,50,98.8,0,23,19,8,0,0,0,0
measles,1961,50,98.8,0,25,17,8,0,0,0,0
measles,1962,49,98.3,0,30,10,9,0,0,0,0
measles,1963,49,98.3,0,0,39,10,0,0,0,0
measles,1964,49,89.6,0,26,13,10,0,0,0,0
measles,1965,49,89.7,0,0,0,0,49,0,0,0
measles,1966,49,89.7,1,0,0,0,49,0,0,0
measles,1967,50,90.9,0,0,0,0,50,0,0,0
measles,1968,50,90.9,6,0,0,0,50,0,0,0
measles,1969,50,91.0,4,0,0,1,49,0,0,0
measles,1970,50,91.0,1,0,0,0,50,0,0,0
measles,1971,50,91.1,2,0,0,0,50,0,0,0
measles,1972,50,91.2,0,0,0,0,50,0,0,0
measles,1973,50,91.4,1,0,0,0,50,0,0,0
measles,1974,50,91.5,1,0,0,1,49,0,0,0
measles,1975,49,91.5,3,0,0,1,48,0,0,0
measles,1976,49,90.0,2,0,0,0,49,0,0,0
measles,1977,50,91.9,2,0,0,0,50,0,0,0
measles,1978,47,91.0,5,0,0,0,47,0,0,0
measles,1979,50,92.1,1,0,0,1,49,0,0,0
measles,1980,47,91.3,3,0,0,0,47,0,0,0
measles,1981,42,88.8,1,0,0,0,42,0,0,0
measles,1982,36,81.1,2,0,0,1,35,0,0,0
measles,1983,43,88.9,0,0,0,1,42,0,0,0
measles,1984,51,100.0,0,0,0,0,0,51,0,0
measles,1985,43,89.1,16,0,0,0,43,0,0,0
measles,1986,47,91.8,26,0,0,0,47,0,0,0
measles,1987,40,80.9,1,0,0,0,40,0,0,0
measles,1988,51,100.0,0,0,0,0,0,51,0,0
measles,1989,47,92.0,2,0,0,0,47,0,0,0
measles,1990,51,100.0,0,0,0,0,0,51,0,0
measles,1991,51,100.0,0,0,0,0,0,51,0,0
measles,1992,51,100.0,0,0,0,0,0,51,0,0
measles,1993,51,100.0,0,0,0,0,0,51,0,0
measles,1994,51,100.0,0,0,0,0,0,51,0,0
measles,1995,51,100.0,0,0,0,0,0,51,0,0
measles,1996,51,100.0,0,0,0,0,0,51,0,0
measles,1997,51,100.0,0,0,0,0,0,51,0,0
measles,1998,51,100.0,0,0,0,0,0,51,0,0
measles,1999,51,100.0,0,0,0,0,0,51,0,0
measles,2000,51,100.0,0,0,0,0,0,51,0,0
measles,2001,51,100.0,0,0,0,0,0,51,0,0
measles,2002,51,100.0,0,0,0,0,0,51,0,0
measles,2003,51,100.0,0,0,0,0,0,51,0,0
measles,2004,51,100.0,0,0,0,0,0,51,0,0
measles,2005,51,100.0,0,0,0,0,0,51,0,0
measles,2006,51,100.0,0,0,0,0,0,51,0,0
measles,2007,51,100.0,0,0,0,0,0,51,0,0
measles,2008,51,100.0,0,0,0,0,0,51,0,0
measles,2009,51,100.0,0,0,0,0,0,51,0,0
measles,2010,51,100.0,0,0,0,0,0,51,0,0
measles,2011,50,99.8,0,0,0,0,0,50,0,0
measles,2012,51,100.0,0,0,0,0,0,51,0,0
measles,2013,51,100.0,0,0,0,0,0,51,0,0
measles,2014,51,100.0,0,0,0,0,0,51,0,0
measles,2015,51,100.0,0,0,0,0,0,51,0,0
measles,2016,51,100.0,0,0,0,0,0,51,0,0
measles,2017,51,100.0,0,0,0,0,0,51,0,0
measles,2018,51,100.0,0,0,0,0,0,51,0,0
measles,2019,51,100.0,0,0,0,0,0,51,0,0
measles,2020,51,100.0,0,0,0,0,0,51,0,0
measles,2021,51,100.0,0,0,0,0,0,51,0,0
measles,2022,51,100.0,0,0,0,0,0,51,0,0
measles,2023,51,100.0,0,0,0,0,0,51,0,0
measles,2024,51,100.0,0,0,0,0,0,0,51,0
measles,2025,51,100.0,0,0,0,0,0,0,0,51
pertussis,1929,0,0.0,0,0,0,0,0,0,0,0
pertussis,1930,0,0.0,0,0,0,0,0,0,0,0
pertussis,1931,0,0.0,0,0,0,0,0,0,0,0
pertussis,1932,4,5.3,0,0,0,4,0,0,0,0
pertussis,1933,0,0.0,0,0,0,0,0,0,0,0
pertussis,1934,0,0.0,0,0,0,0,0,0,0,0
pertussis,1935,1,7.7,0,0,0,1,0,0,0,0
pertussis,1936,0,0.0,0,0,0,0,0,0,0,0
pertussis,1937,47,98.3,0,0,0,47,0,0,0,0
pertussis,1938,48,99.9,0,23,6,19,0,0,0,0
pertussis,1939,47,98.3,0,47,0,0,0,0,0,0
pertussis,1940,48,98.4,0,46,1,1,0,0,0,0
pertussis,1941,48,98.4,0,48,0,0,0,0,0,0
pertussis,1942,49,100.0,0,48,0,1,0,0,0,0
pertussis,1943,48,98.3,0,48,0,0,0,0,0,0
pertussis,1944,49,100.0,0,48,0,1,0,0,0,0
pertussis,1945,49,100.0,0,44,4,1,0,0,0,0
pertussis,1946,48,98.5,0,37,5,6,0,0,0,0
pertussis,1947,49,100.0,0,39,5,5,0,0,0,0
pertussis,1948,49,100.0,0,27,15,7,0,0,0,0
pertussis,1949,49,100.0,0,27,12,10,0,0,0,0
pertussis,1950,51,100.0,0,36,9,6,0,0,0,0
pertussis,1951,51,100.0,0,0,42,9,0,0,0,0
pertussis,1952,49,99.6,0,0,34,15,0,0,0,0
pertussis,1953,49,99.6,0,0,33,16,0,0,0,0
pertussis,1954,49,99.0,0,26,14,9,0,0,0,0
pertussis,1955,51,100.0,0,29,11,11,0,0,0,0
pertussis,1956,0,0.0,0,0,0,0,0,0,0,0
pertussis,1957,0,0.0,0,0,0,0,0,0,0,0
pertussis,1958,0,0.0,0,0,0,0,0,0,0,0
pertussis,1959,0,0.0,0,0,0,0,0,0,0,0
pertussis,1960,0,0.0,0,0,0,0,0,0,0,0
pertussis,1961,0,0.0,0,0,0,0,0,0,0,0
pertussis,1962,0,0.0,0,0,0,0,0,0,0,0
pertussis,1963,0,0.0,0,0,0,0,0,0,0,0
pertussis,1964,0,0.0,0,0,0,0,0,0,0,0
pertussis,1965,0,0.0,0,0,0,0,0,0,0,0
pertussis,1966,0,0.0,0,0,0,0,0,0,0,0
pertussis,1967,0,0.0,0,0,0,0,0,0,0,0
pertussis,1968,0,0.0,0,0,0,0,0,0,0,0
pertussis,1969,0,0.0,0,0,0,0,0,0,0,0
pertussis,1970,0,0.0,0,0,0,0,0,0,0,0
pertussis,1971,0,0.0,0,0,0,0,0,0,0,0
pertussis,1972,0,0.0,0,0,0,0,0,0,0,0
pertussis,1973,0,0.0,0,0,0,0,0,0,0,0
pertussis,1974,38,77.7,0,0,1,37,0,0,0,0
pertussis,1975,36,79.1,0,0,1,35,0,0,0,0
pertussis,1976,34,78.2,0,0,0,34,0,0,0,0
pertussis,1977,38,79.4,0,0,0,38,0,0,0,0
pertussis,1978,44,87.9,0,0,2,42,0,0,0,0
pertussis,1979,43,90.2,0,0,2,41,0,0,0,0
pertussis,1980,46,90.6,0,0,2,44,0,0,0,0
pertussis,1981,44,89.0,0,0,0,44,0,0,0,0
pertussis,1982,45,89.7,0,0,1,44,0,0,0,0
pertussis,1983,49,92.2,0,0,0,0,49,0,0,0
pertussis,1984,48,91.9,0,0,0,0,48,0,0,0
pertussis,1985,51,100.0,0,0,0,0,0,51,0,0
pertussis,1986,50,92.6,15,0,0,0,50,0,0,0
pertussis,1987,48,91.9,0,0,0,0,48,0,0,0
pertussis,1988,49,92.0,0,0,0,0,49,0,0,0
pertussis,1989,48,91.1,1,0,0,0,48,0,0,0
pertussis,1990,51,100.0,0,0,0,0,0,51,0,0
pertussis,1991,51,100.0,0,0,0,0,0,51,0,0
pertussis,1992,51,100.0,0,0,0,0,0,51,0,0
pertussis,1993,51,100.0,0,0,0,0,0,51,0,0
pertussis,1994,51,100.0,0,0,0,0,0,51,0,0
pertussis,1995,51,100.0,0,0,0,0,0,51,0,0
pertussis,1996,51,100.0,0,0,0,0,0,51,0,0
pertussis,1997,51,100.0,0,0,0,0,0,51,0,0
pertussis,1998,51,100.0,0,0,0,0,0,51,0,0
pertussis,1999,51,100.0,0,0,0,0,0,51,0,0
pertussis,2000,51,100.0,0,0,0,0,0,51,0,0
pertussis,2001,51,100.0,0,0,0,0,0,51,0,0
pertussis,2002,51,100.0,0,0,0,0,0,51,0,0
pertussis,2003,51,100.0,0,0,0,0,0,51,0,0
pertussis,2004,51,100.0,0,0,0,0,0,51,0,0
pertussis,2005,51,100.0,0,0,0,0,0,51,0,0
pertussis,2006,51,100.0,0,0,0,0,0,51,0,0
pertussis,2007,51,100.0,0,0,0,0,0,51,0,0
pertussis,2008,51,100.0,0,0,0,0,0,51,0,0
pertussis,2009,51,100.0,0,0,0,0,0,51,0,0
pertussis,2010,51,100.0,0,0,0,0,0,51,0,0
pertussis,2011,51,100.0,0,0,0,0,0,51,0,0
pertussis,2012,51,100.0,0,0,0,0,0,51,0,0
pertussis,2013,51,100.0,0,0,0,0,0,51,0,0
pertussis,2014,51,100.0,0,0,0,0,0,51,0,0
pertussis,2015,51,100.0,0,0,0,0,0,51,0,0
pertussis,2016,51,100.0,0,0,0,0,0,51,0,0
pertussis,2017,51,100.0,0,0,0,0,0,51,0,0
pertussis,2018,51,100.0,0,0,0,0,0,51,0,0
pertussis,2019,51,100.0,0,0,0,0,0,51,0,0
pertussis,2020,51,100.0,0,0,0,0,0,51,0,0
pertussis,2021,51,100.0,0,0,0,0,0,51,0,0
pertussis,2022,51,100.0,0,0,0,0,0,51,0,0
pertussis,2023,51,100.0,0,0,0,0,0,51,0,0
pertussis,2024,51,100.0,0,0,0,0,0,0,51,0
pertussis,2025,51,100.0,0,0,0,0,0,0,0,51
hepatitis_a,1929,0,0.0,0,0,0,0,0,0,0,0
hepatitis_a,1930,0,0.0,0,0,0,0,0,0,0,0
hepatitis_a,1931,0,0.0,0,0,0,0,0,0,0,0
hepatitis_a,1932,0,0.0,0,0,0,0,0,0,0,0
hepatitis_a,1933,0,0.0,0,0,0,0,0,0,0,0
hepatitis_a,1934,0,0.0,0,0,0,0,0,0,0,0
hepatitis_a,1935,0,0.0,0,0,0,0,0,0,0,0
hepatitis_a,1936,0,0.0,0,0,0,0,0,0,0,0
hepatitis_a,1937,0,0.0,0,0,0,0,0,0,0,0
hepatitis_a,1938,0,0.0,0,0,0,0,0,0,0,0
hepatitis_a,1939,0,0.0,0,0,0,0,0,0,0,0
hepatitis_a,1940,0,0.0,0,0,0,0,0,0,0,0
hepatitis_a,1941,0,0.0,0,0,0,0,0,0,0,0
hepatitis_a,1942,0,0.0,0,0,0,0,0,0,0,0
hepatitis_a,1943,0,0.0,0,0,0,0,0,0,0,0
hepatitis_a,1944,0,0.0,0,0,0,0,0,0,0,0
hepatitis_a,1945,0,0.0,0,0,0,0,0,0,0,0
hepatitis_a,1946,0,0.0,0,0,0,0,0,0,0,0
hepatitis_a,1947,0,0.0,0,0,0,0,0,0,0,0
hepatitis_a,1948,0,0.0,0,0,0,0,0,0,0,0
hepatitis_a,1949,0,0.0,0,0,0,0,0,0,0,0
hepatitis_a,1950,0,0.0,0,0,0,0,0,0,0,0
hepatitis_a,1951,0,0.0,0,0,0,0,0,0,0,0
hepatitis_a,1952,0,0.0,0,0,0,0,0,0,0,0
hepatitis_a,1953,0,0.0,0,0,0,0,0,0,0,0
hepatitis_a,1954,0,0.0,0,0,0,0,0,0,0,0
hepatitis_a,1955,0,0.0,0,0,0,0,0,0,0,0
hepatitis_a,1956,0,0.0,0,0,0,0,0,0,0,0
hepatitis_a,1957,0,0.0,0,0,0,0,0,0,0,0
hepatitis_a,1958,0,0.0,0,0,0,0,0,0,0,0
hepatitis_a,1959,0,0.0,0,0,0,0,0,0,0,0
hepatitis_a,1960,0,0.0,0,0,0,0,0,0,0,0
hepatitis_a,1961,0,0.0,0,0,0,0,0,0,0,0
hepatitis_a,1962,0,0.0,0,0,0,0,0,0,0,0
hepatitis_a,1963,0,0.0,0,0,0,0,0,0,0,0
hepatitis_a,1964,0,0.0,0,0,0,0,0,0,0,0
hepatitis_a,1965,0,0.0,0,0,0,0,0,0,0,0
hepatitis_a,1966,50,90.9,0,30,7,13,0,0,0,0
hepatitis_a,1967,50,90.9,0,28,11,11,0,0,0,0
hepatitis_a,1968,50,90.9,0,32,6,12,0,0,0,0
hepatitis_a,1969,50,91.0,0,18,22,10,0,0,0,0
hepatitis_a,1970,50,91.0,0,32,12,6,0,0,0,0
hepatitis_a,1971,50,91.1,0,32,14,4,0,0,0,0
hepatitis_a,1972,50,91.2,0,0,41,9,0,0,0,0
hepatitis_a,1973,50,91.4,0,18,22,10,0,0,0,0
hepatitis_a,1974,50,91.5,0,0,38,12,0,0,0,0
hepatitis_a,1975,50,91.6,0,15,24,11,0,0,0,0
hepatitis_a,1976,50,91.7,0,26,11,13,0,0,0,0
hepatitis_a,1977,50,91.9,0,17,19,14,0,0,0,0
hepatitis_a,1978,50,92.0,0,8,27,15,0,0,0,0
hepatitis_a,1979,50,92.1,0,13,26,11,0,0,0,0
hepatitis_a,1980,50,92.3,0,0,0,50,0,0,0,0
hepatitis_a,1981,50,92.3,0,0,32,18,0,0,0,0
hepatitis_a,1982,49,92.1,0,2,27,20,0,0,0,0
hepatitis_a,1983,50,92.4,0,7,23,20,0,0,0,0
hepatitis_a,1984,49,92.2,0,0,22,27,0,0,0,0
hepatitis_a,1985,49,90.5,0,0,15,34,0,0,0,0
hepatitis_a,1986,49,90.6,0,0,10,39,0,0,0,0
hepatitis_a,1987,49,92.4,0,10,14,25,0,0,0,0
hepatitis_a,1988,50,92.7,0,0,0,0,50,0,0,0
hepatitis_a,1989,50,92.7,0,0,0,0,50,0,0,0
hepatitis_a,1990,50,92.8,0,0,0,0,50,0,0,0
hepatitis_a,1991,50,92.8,0,0,0,0,50,0,0,0
hepatitis_a,1992,50,92.9,0,0,0,0,50,0,0,0
hepatitis_a,1993,51,100.0,0,0,0,0,0,51,0,0
hepatitis_a,1994,51,100.0,0,0,0,0,0,51,0,0
hepatitis_a,1995,51,100.0,0,0,0,0,0,51,0,0
hepatitis_a,1996,51,100.0,0,0,0,0,0,51,0,0
hepatitis_a,1997,51,100.0,0,0,0,0,0,51,0,0
hepatitis_a,1998,51,100.0,0,0,0,0,0,51,0,0
hepatitis_a,1999,51,100.0,0,0,0,0,0,51,0,0
hepatitis_a,2000,51,100.0,0,0,0,0,0,51,0,0
hepatitis_a,2001,51,100.0,0,0,0,0,0,51,0,0
hepatitis_a,2002,51,100.0,0,0,0,0,0,51,0,0
hepatitis_a,2003,51,100.0,0,0,0,0,0,51,0,0
hepatitis_a,2004,51,100.0,0,0,0,0,0,51,0,0
hepatitis_a,2005,51,100.0,0,0,0,0,0,51,0,0
hepatitis_a,2006,51,100.0,0,0,0,0,0,51,0,0
hepatitis_a,2007,51,100.0,0,0,0,0,1,50,0,0
hepatitis_a,2008,50,99.8,0,0,0,0,0,50,0,0
hepatitis_a,2009,51,100.0,0,0,0,0,0,51,0,0
hepatitis_a,2010,51,100.0,0,0,0,0,0,51,0,0
hepatitis_a,2011,51,100.0,0,0,0,0,0,51,0,0
hepatitis_a,2012,51,100.0,0,0,0,0,0,51,0,0
hepatitis_a,2013,51,100.0,0,0,0,0,0,51,0,0
hepatitis_a,2014,50,99.8,0,0,0,0,0,50,0,0
hepatitis_a,2015,50,99.8,0,0,0,0,0,50,0,0
hepatitis_a,2016,51,100.0,0,0,0,0,0,51,0,0
hepatitis_a,2017,51,100.0,0,0,0,0,0,51,0,0
hepatitis_a,2018,51,100.0,0,0,0,0,0,51,0,0
hepatitis_a,2019,51,100.0,0,0,0,0,0,51,0,0
hepatitis_a,2020,51,100.0,0,0,0,0,0,51,0,0
hepatitis_a,2021,51,100.0,0,0,0,0,0,51,0,0
hepatitis_a,2022,51,100.0,0,0,0,0,0,51,0,0
hepatitis_a,2023,51,100.0,0,0,0,0,0,51,0,0
hepatitis_a,2024,51,100.0,0,0,0,0,0,0,51,0
hepatitis_a,2025,51,100.0,0,0,0,0,0,0,0,51
mumps,1929,0,0.0,0,0,0,0,0,0,0,0
mumps,1930,0,0.0,0,0,0,0,0,0,0,0
mumps,1931,0,0.0,0,0,0,0,0,0,0,0
mumps,1932,0,0.0,0,0,0,0,0,0,0,0
mumps,1933,0,0.0,0,0,0,0,0,0,0,0
mumps,1934,0,0.0,0,0,0,0,0,0,0,0
mumps,1935,0,0.0,0,0,0,0,0,0,0,0
mumps,1936,0,0.0,0,0,0,0,0,0,0,0
mumps,1937,0,0.0,0,0,0,0,0,0,0,0
mumps,1938,0,0.0,0,0,0,0,0,0,0,0
mumps,1939,0,0.0,0,0,0,0,0,0,0,0
mumps,1940,0,0.0,0,0,0,0,0,0,0,0
mumps,1941,0,0.0,0,0,0,0,0,0,0,0
mumps,1942,0,0.0,0,0,0,0,0,0,0,0
mumps,1943,0,0.0,0,0,0,0,0,0,0,0
mumps,1944,0,0.0,0,0,0,0,0,0,0,0
mumps,1945,0,0.0,0,0,0,0,0,0,0,0
mumps,1946,0,0.0,0,0,0,0,0,0,0,0
mumps,1947,0,0.0,0,0,0,0,0,0,0,0
mumps,1948,0,0.0,0,0,0,0,0,0,0,0
mumps,1949,0,0.0,0,0,0,0,0,0,0,0
mumps,1950,0,0.0,0,0,0,0,0,0,0,0
mumps,1951,0,0.0,0,0,0,0,0,0,0,0
mumps,1952,0,0.0,0,0,0,0,0,0,0,0
mumps,1953,0,0.0,0,0,0,0,0,0,0,0
mumps,1954,0,0.0,0,0,0,0,0,0,0,0
mumps,1955,0,0.0,0,0,0,0,0,0,0,0
mumps,1956,0,0.0,0,0,0,0,0,0,0,0
mumps,1957,0,0.0,0,0,0,0,0,0,0,0
mumps,1958,0,0.0,0,0,0,0,0,0,0,0
mumps,1959,0,0.0,0,0,0,0,0,0,0,0
mumps,1960,0,0.0,0,0,0,0,0,0,0,0
mumps,1961,0,0.0,0,0,0,0,0,0,0,0
mumps,1962,0,0.0,0,0,0,0,0,0,0,0
mumps,1963,0,0.0,0,0,0,0,0,0,0,0
mumps,1964,0,0.0,0,0,0,0,0,0,0,0
mumps,1965,0,0.0,0,0,0,0,0,0,0,0
mumps,1966,0,0.0,0,0,0,0,0,0,0,0
mumps,1967,0,0.0,0,0,0,0,0,0,0,0
mumps,1968,47,82.2,0,19,18,10,0,0,0,0
mumps,1969,46,82.1,0,19,15,12,0,0,0,0
mumps,1970,48,88.3,0,0,0,0,48,0,0,0
mumps,1971,48,88.4,0,0,0,0,48,0,0,0
mumps,1972,49,88.7,0,0,0,0,49,0,0,0
mumps,1973,49,88.8,0,0,0,0,49,0,0,0
mumps,1974,48,87.9,1,0,0,0,48,0,0,0
mumps,1975,49,90.6,0,0,0,0,49,0,0,0
mumps,1976,49,90.7,1,0,0,0,49,0,0,0
mumps,1977,49,90.8,0,0,0,0,49,0,0,0
mumps,1978,50,92.0,1,0,0,0,50,0,0,0
mumps,1979,48,90.6,1,0,0,0,48,0,0,0
mumps,1980,47,90.1,1,0,0,0,47,0,0,0
mumps,1981,47,90.1,1,0,0,0,47,0,0,0
mumps,1982,45,88.7,0,0,0,0,45,0,0,0
mumps,1983,44,84.1,2,0,0,0,44,0,0,0
mumps,1984,45,87.2,1,0,0,1,44,0,0,0
mumps,1985,45,88.9,0,0,0,0,45,0,0,0
mumps,1986,47,89.5,14,0,0,0,47,0,0,0
mumps,1987,45,89.4,1,0,0,0,45,0,0,0
mumps,1988,44,88.7,0,0,0,0,44,0,0,0
mumps,1989,43,88.5,1,0,0,0,43,0,0,0
mumps,1990,44,88.5,0,0,0,0,44,0,0,0
mumps,1991,45,88.8,1,0,0,0,45,0,0,0
mumps,1992,45,88.9,0,0,0,0,45,0,0,0
mumps,1993,49,98.2,0,0,0,0,0,49,0,0
mumps,1994,49,98.2,0,0,0,0,0,49,0,0
mumps,1995,49,98.2,0,0,0,0,0,49,0,0
mumps,1996,49,98.1,0,0,0,0,0,49,0,0
mumps,1997,50,99.3,0,0,0,1,0,49,0,0
mumps,1998,49,98.1,0,0,0,0,0,49,0,0
mumps,1999,49,98.1,0,0,0,0,0,49,0,0
mumps,2000,50,98.8,0,0,0,0,0,50,0,0
mumps,2001,50,98.8,0,0,0,0,0,50,0,0
mumps,2002,51,100.0,0,0,0,0,0,51,0,0
mumps,2003,50,98.8,0,0,0,0,0,50,0,0
mumps,2004,51,100.0,0,0,0,0,0,51,0,0
mumps,2005,50,98.8,0,0,0,0,0,50,0,0
mumps,2006,51,100.0,0,0,0,0,0,51,0,0
mumps,2007,51,100.0,0,0,0,0,0,51,0,0
mumps,2008,51,100.0,0,0,0,0,0,51,0,0
mumps,2009,51,100.0,0,0,0,0,0,51,0,0
mumps,2010,51,100.0,0,0,0,0,0,51,0,0
mumps,2011,51,100.0,0,0,0,0,0,51,0,0
mumps,2012,51,100.0,0,0,0,0,0,51,0,0
mumps,2013,51,100.0,0,0,0,0,0,51,0,0
mumps,2014,51,100.0,0,0,0,0,0,51,0,0
mumps,2015,51,100.0,0,0,0,0,0,51,0,0
mumps,2016,51,100.0,0,0,0,0,0,51,0,0
mumps,2017,51,100.0,0,0,0,0,0,51,0,0
mumps,2018,51,100.0,0,0,0,0,0,51,0,0
mumps,2019,51,100.0,0,0,0,0,0,51,0,0
mumps,2020,51,100.0,0,0,0,0,0,51,0,0
mumps,2021,51,100.0,0,0,0,0,0,51,0,0
mumps,2022,51,100.0,0,0,0,0,0,51,0,0
mumps,2023,51,100.0,0,0,0,0,0,51,0,0
mumps,2024,51,100.0,0,0,0,0,0,0,51,0
mumps,2025,51,100.0,0,0,0,0,0,0,0,51
polio,1929,48,99.9,0,47,0,1,0,0,0,0
polio,1930,48,99.9,0,47,0,1,0,0,0,0
polio,1931,48,99.9,0,47,0,1,0,0,0,0
polio,1932,48,99.9,0,47,0,1,0,0,0,0
polio,1933,48,99.9,0,48,0,0,0,0,0,0
polio,1934,48,99.9,0,48,0,0,0,0,0,0
polio,1935,49,100.0,0,48,0,1,0,0,0,0
polio,1936,48,99.9,0,48,0,0,0,0,0,0
polio,1937,48,99.9,0,47,1,0,0,0,0,0
polio,1938,48,99.9,0,46,2,0,0,0,0,0
polio,1939,48,99.9,0,0,48,0,0,0,0,0
polio,1940,49,100.0,0,0,48,1,0,0,0,0
polio,1941,49,100.0,0,49,0,0,0,0,0,0
polio,1942,49,100.0,0,0,49,0,0,0,0,0
polio,1943,49,100.0,0,0,49,0,0,0,0,0
polio,1944,49,100.0,0,0,49,0,0,0,0,0
polio,1945,49,100.0,0,0,49,0,0,0,0,0
polio,1946,49,100.0,0,49,0,0,0,0,0,0
polio,1947,49,100.0,0,49,0,0,0,0,0,0
polio,1948,49,100.0,0,0,45,4,0,0,0,0
polio,1949,49,100.0,0,3,18,28,0,0,0,0
polio,1950,51,100.0,0,3,24,24,0,0,0,0
polio,1951,51,100.0,0,0,20,31,0,0,0,0
polio,1952,49,99.6,0,0,28,21,0,0,0,0
polio,1953,49,99.6,0,0,31,18,0,0,0,0
polio,1954,51,100.0,0,6,29,16,0,0,0,0
polio,1955,51,100.0,0,0,28,23,0,0,0,0
polio,1956,51,100.0,1,0,0,0,51,0,0,0
polio,1957,50,99.5,2,0,0,0,50,0,0,0
polio,1958,51,100.0,0,0,0,0,51,0,0,0
polio,1959,51,100.0,0,0,0,0,51,0,0,0
polio,1960,49,99.5,1,0,0,1,48,0,0,0
polio,1961,49,99.7,0,0,0,0,49,0,0,0
polio,1962,44,96.9,1,0,0,1,43,0,0,0
polio,1963,42,95.0,0,0,0,1,41,0,0,0
polio,1964,33,73.1,0,0,0,0,33,0,0,0
polio,1965,21,50.3,0,0,0,0,21,0,0,0
polio,1966,15,50.5,0,0,0,15,0,0,0,0
polio,1967,13,44.3,0,0,0,13,0,0,0,0
polio,1968,16,49.2,0,0,0,16,0,0,0,0
polio,1969,10,30.4,0,0,0,10,0,0,0,0
polio,1970,9,35.7,0,0,0,9,0,0,0,0
polio,1971,7,19.4,0,0,0,7,0,0,0,0
polio,1972,0,0.0,0,0,0,0,0,0,0,0
polio,1973,0,0.0,0,0,0,0,0,0,0,0
polio,1974,0,0.0,0,0,0,0,0,0,0,0
polio,1975,0,0.0,0,0,0,0,0,0,0,0
polio,1976,0,0.0,0,0,0,0,0,0,0,0
polio,1977,0,0.0,0,0,0,0,0,0,0,0
polio,1978,0,0.0,0,0,0,0,0,0,0,0
polio,1979,0,0.0,0,0,0,0,0,0,0,0
polio,1980,0,0.0,0,0,0,0,0,0,0,0
polio,1981,0,0.0,0,0,0,0,0,0,0,0
polio,1982,0,0.0,0,0,0,0,0,0,0,0
polio,1983,0,0.0,0,0,0,0,0,0,0,0
polio,1984,0,0.0,0,0,0,0,0,0,0,0
polio,1985,0,0.0,0,0,0,0,0,0,0,0
polio,1986,0,0.0,0,0,0,0,0,0,0,0
polio,1987,0,0.0,0,0,0,0,0,0,0,0
polio,1988,0,0.0,0,0,0,0,0,0,0,0
polio,1989,0,0.0,0,0,0,0,0,0,0,0
polio,1990,0,0.0,0,0,0,0,0,0,0,0
polio,1991,0,0.0,0,0,0,0,0,0,0,0
polio,1992,0,0.0,0,0,0,0,0,0,0,0
polio,1993,51,100.0,0,0,0,0,0,51,0,0
polio,1994,51,100.0,0,0,0,0,0,51,0,0
polio,1995,51,100.0,0,0,0,0,0,51,0,0
polio,1996,51,100.0,0,0,0,0,0,51,0,0
polio,1997,50,98.1,0,0,0,0,0,50,0,0
polio,1998,50,98.1,0,0,0,0,0,50,0,0
polio,1999,51,100.0,0,0,0,0,0,51,0,0
polio,2000,51,100.0,0,0,0,0,0,51,0,0
polio,2001,51,100.0,0,0,0,0,0,51,0,0
polio,2002,51,100.0,0,0,0,0,0,51,0,0
polio,2003,51,100.0,0,0,0,0,0,51,0,0
polio,2004,51,100.0,0,0,0,0,0,51,0,0
polio,2005,51,100.0,0,0,0,0,0,51,0,0
polio,2006,51,100.0,0,0,0,0,0,51,0,0
polio,2007,51,100.0,0,0,0,0,0,51,0,0
polio,2008,51,100.0,0,0,0,0,0,51,0,0
polio,2009,51,100.0,0,0,0,0,0,51,0,0
polio,2010,51,100.0,0,0,0,0,0,51,0,0
polio,2011,51,100.0,0,0,0,0,0,51,0,0
polio,2012,51,100.0,0,0,0,0,0,51,0,0
polio,2013,51,100.0,0,0,0,0,0,51,0,0
polio,2014,51,100.0,0,0,0,0,0,51,0,0
polio,2015,51,100.0,0,0,0,0,0,51,0,0
polio,2016,51,100.0,0,0,0,0,0,51,0,0
polio,2017,51,100.0,0,0,0,0,0,51,0,0
polio,2018,51,100.0,0,0,0,0,0,51,0,0
polio,2019,51,100.0,0,0,0,0,0,51,0,0
polio,2020,51,100.0,0,0,0,0,0,51,0,0
polio,2021,51,100.0,0,0,0,0,0,51,0,0
polio,2022,51,100.0,0,0,0,0,0,51,0,0
polio,2023,51,100.0,0,0,0,0,0,51,0,0
polio,2024,51,100.0,0,0,0,0,0,0,51,0
polio,2025,51,100.0,0,0,0,0,0,0,0,51
diphtheria,1929,47,97.9,0,36,5,6,0,0,0,0
diphtheria,1930,47,98.0,0,35,4,8,0,0,0,0
diphtheria,1931,47,98.0,0,35,4,8,0,0,0,0
diphtheria,1932,48,99.9,0,31,8,9,0,0,0,0
diphtheria,1933,48,99.9,0,32,7,9,0,0,0,0
diphtheria,1934,48,99.9,0,31,7,10,0,0,0,0
diphtheria,1935,48,99.9,0,32,6,10,0,0,0,0
diphtheria,1936,48,99.9,0,29,6,13,0,0,0,0
diphtheria,1937,48,99.9,0,4,30,14,0,0,0,0
diphtheria,1938,48,99.9,0,0,0,48,0,0,0,0
diphtheria,1939,48,99.9,0,48,0,0,0,0,0,0
diphtheria,1940,49,100.0,0,48,0,1,0,0,0,0
diphtheria,1941,49,100.0,0,49,0,0,0,0,0,0
diphtheria,1942,49,100.0,0,49,0,0,0,0,0,0
diphtheria,1943,49,100.0,0,49,0,0,0,0,0,0
diphtheria,1944,49,100.0,0,49,0,0,0,0,0,0
diphtheria,1945,49,100.0,0,49,0,0,0,0,0,0
diphtheria,1946,49,100.0,0,49,0,0,0,0,0,0
diphtheria,1947,49,100.0,0,49,0,0,0,0,0,0
diphtheria,1948,49,100.0,0,16,17,16,0,0,0,0
diphtheria,1949,49,100.0,0,13,10,26,0,0,0,0
diphtheria,1950,51,100.0,0,4,15,32,0,0,0,0
diphtheria,1951,48,99.3,0,0,10,38,0,0,0,0
diphtheria,1952,45,98.1,0,1,6,38,0,0,0,0
diphtheria,1953,45,98.1,0,0,4,41,0,0,0,0
diphtheria,1954,47,98.8,0,0,6,41,0,0,0,0
diphtheria,1955,42,95.2,0,1,1,40,0,0,0,0
diphtheria,1956,47,97.2,9,0,0,0,47,0,0,0
diphtheria,1957,44,96.7,1,0,0,0,44,0,0,0
diphtheria,1958,42,95.8,0,0,0,0,42,0,0,0
diphtheria,1959,41,94.1,0,0,0,0,41,0,0,0
diphtheria,1960,49,98.8,16,0,0,0,49,0,0,0
diphtheria,1961,38,89.0,0,0,0,1,37,0,0,0
diphtheria,1962,38,86.2,0,0,0,1,37,0,0,0
diphtheria,1963,33,87.1,0,0,0,0,33,0,0,0
diphtheria,1964,31,72.5,0,0,0,2,29,0,0,0
diphtheria,1965,29,69.1,0,0,0,0,29,0,0,0
diphtheria,1966,26,61.7,0,0,0,26,0,0,0,0
diphtheria,1967,29,74.7,0,0,0,29,0,0,0,0
diphtheria,1968,20,43.4,0,0,0,20,0,0,0,0
diphtheria,1969,22,53.8,0,0,0,22,0,0,0,0
diphtheria,1970,25,54.0,0,0,0,25,0,0,0,0
diphtheria,1971,19,43.7,0,0,0,19,0,0,0,0
diphtheria,1972,21,46.8,0,0,0,0,21,0,0,0
diphtheria,1973,17,45.7,0,0,0,1,16,0,0,0
diphtheria,1974,13,43.9,1,0,0,1,12,0,0,0
diphtheria,1975,15,44.1,0,0,0,2,13,0,0,0
diphtheria,1976,13,31.6,0,0,0,0,13,0,0,0
diphtheria,1977,7,21.9,0,0,0,0,7,0,0,0
diphtheria,1978,9,18.8,0,0,0,0,9,0,0,0
diphtheria,1979,7,22.4,0,0,0,0,7,0,0,0
diphtheria,1980,4,14.4,0,0,0,0,4,0,0,0
diphtheria,1981,2,0.5,0,0,0,2,0,0,0,0
diphtheria,1982,0,0.0,0,0,0,0,0,0,0,0
diphtheria,1983,0,0.0,0,0,0,0,0,0,0,0
diphtheria,1984,0,0.0,0,0,0,0,0,0,0,0
diphtheria,1985,0,0.0,0,0,0,0,0,0,0,0
diphtheria,1986,0,0.0,0,0,0,0,0,0,0,0
diphtheria,1987,0,0.0,0,0,0,0,0,0,0,0
diphtheria,1988,0,0.0,0,0,0,0,0,0,0,0
diphtheria,1989,0,0.0,0,0,0,0,0,0,0,0
diphtheria,1990,0,0.0,0,0,0,0,0,0,0,0
diphtheria,1991,0,0.0,0,0,0,0,0,0,0,0
diphtheria,1992,0,0.0,0,0,0,0,0,0,0,0
diphtheria,1993,51,100.0,0,0,0,0,0,51,0,0
diphtheria,1994,51,100.0,0,0,0,0,0,51,0,0
diphtheria,1995,51,100.0,0,0,0,0,0,51,0,0
diphtheria,1996,51,100.0,0,0,0,0,0,51,0,0
diphtheria,1997,51,100.0,0,0,0,0,0,51,0,0
diphtheria,1998,51,100.0,0,0,0,0,0,51,0,0
diphtheria,1999,51,100.0,0,0,0,0,0,51,0,0
diphtheria,2000,51,100.0,0,0,0,0,0,51,0,0
diphtheria,2001,51,100.0,0,0,0,0,0,51,0,0
diphtheria,2002,51,100.0,0,0,0,0,0,51,0,0
diphtheria,2003,51,100.0,0,0,0,0,0,51,0,0
diphtheria,2004,51,100.0,0,0,0,0,0,51,0,0
diphtheria,2005,51,100.0,0,0,0,0,0,51,0,0
diphtheria,2006,51,100.0,0,0,0,0,0,51,0,0
diphtheria,2007,51,100.0,0,0,0,0,0,51,0,0
diphtheria,2008,51,100.0,0,0,0,0,0,51,0,0
diphtheria,2009,51,100.0,0,0,0,0,0,51,0,0
diphtheria,2010,51,100.0,0,0,0,0,0,51,0,0
diphtheria,2011,51,100.0,0,0,0,0,0,51,0,0
diphtheria,2012,51,100.0,0,0,0,0,0,51,0,0
diphtheria,2013,51,100.0,0,0,0,0,0,51,0,0
diphtheria,2014,51,100.0,0,0,0,0,0,51,0,0
diphtheria,2015,51,100.0,0,0,0,0,0,51,0,0
diphtheria,2016,51,100.0,0,0,0,0,0,51,0,0
diphtheria,2017,51,100.0,0,0,0,0,0,51,0,0
diphtheria,2018,51,100.0,0,0,0,0,0,51,0,0
diphtheria,2019,51,100.0,0,0,0,0,0,51,0,0
diphtheria,2020,51,100.0,0,0,0,0,0,51,0,0
diphtheria,2021,51,100.0,0,0,0,0,0,51,0,0
diphtheria,2022,51,100.0,0,0,0,0,0,51,0,0
diphtheria,2023,51,100.0,0,0,0,0,0,51,0,0
diphtheria,2024,0,0.0,0,0,0,0,0,0,0,0
diphtheria,2025,0,0.0,0,0,0,0,0,0,0,0
rubella,1929,0,0.0,0,0,0,0,0,0,0,0
rubella,1930,0,0.0,0,0,0,0,0,0,0,0
rubella,1931,0,0.0,0,0,0,0,0,0,0,0
rubella,1932,0,0.0,0,0,0,0,0,0,0,0
rubella,1933,0,0.0,0,0,0,0,0,0,0,0
rubella,1934,0,0.0,0,0,0,0,0,0,0,0
rubella,1935,0,0.0,0,0,0,0,0,0,0,0
rubella,1936,0,0.0,0,0,0,0,0,0,0,0
rubella,1937,0,0.0,0,0,0,0,0,0,0,0
rubella,1938,0,0.0,0,0,0,0,0,0,0,0
rubella,1939,0,0.0,0,0,0,0,0,0,0,0
rubella,1940,0,0.0,0,0,0,0,0,0,0,0
rubella,1941,0,0.0,0,0,0,0,0,0,0,0
rubella,1942,0,0.0,0,0,0,0,0,0,0,0
rubella,1943,0,0.0,0,0,0,0,0,0,0,0
rubella,1944,0,0.0,0,0,0,0,0,0,0,0
rubella,1945,0,0.0,0,0,0,0,0,0,0,0
rubella,1946,0,0.0,0,0,0,0,0,0,0,0
rubella,1947,0,0.0,0,0,0,0,0,0,0,0
rubella,1948,0,0.0,0,0,0,0,0,0,0,0
rubella,1949,0,0.0,0,0,0,0,0,0,0,0
rubella,1950,0,0.0,0,0,0,0,0,0,0,0
rubella,1951,0,0.0,0,0,0,0,0,0,0,0
rubella,1952,0,0.0,0,0,0,0,0,0,0,0
rubella,1953,0,0.0,0,0,0,0,0,0,0,0
rubella,1954,0,0.0,0,0,0,0,0,0,0,0
rubella,1955,0,0.0,0,0,0,0,0,0,0,0
rubella,1956,0,0.0,0,0,0,0,0,0,0,0
rubella,1957,0,0.0,0,0,0,0,0,0,0,0
rubella,1958,0,0.0,0,0,0,0,0,0,0,0
rubella,1959,0,0.0,0,0,0,0,0,0,0,0
rubella,1960,0,0.0,0,0,0,0,0,0,0,0
rubella,1961,0,0.0,0,0,0,0,0,0,0,0
rubella,1962,0,0.0,0,0,0,0,0,0,0,0
rubella,1963,0,0.0,0,0,0,0,0,0,0,0
rubella,1964,0,0.0,0,0,0,0,0,0,0,0
rubella,1965,0,0.0,0,0,0,0,0,0,0,0
rubella,1966,41,76.5,0,11,12,18,0,0,0,0
rubella,1967,44,81.5,0,9,14,21,0,0,0,0
rubella,1968,46,85.6,0,15,10,21,0,0,0,0
rubella,1969,48,88.4,0,16,12,20,0,0,0,0
rubella,1970,48,88.5,1,0,0,0,48,0,0,0
rubella,1971,50,91.1,0,0,0,0,50,0,0,0
rubella,1972,50,91.2,1,0,0,0,50,0,0,0
rubella,1973,50,91.4,3,0,0,0,50,0,0,0
rubella,1974,49,91.4,1,0,0,0,49,0,0,0
rubella,1975,48,91.1,1,0,0,1,47,0,0,0
rubella,1976,49,90.7,1,0,0,0,49,0,0,0
rubella,1977,49,91.6,0,0,0,0,49,0,0,0
rubella,1978,49,91.8,1,0,0,0,49,0,0,0
rubella,1979,49,91.9,1,0,0,0,49,0,0,0
rubella,1980,49,89.9,3,0,0,0,49,0,0,0
rubella,1981,44,89.7,4,0,0,0,44,0,0,0
rubella,1982,43,87.5,1,0,0,0,43,0,0,0
rubella,1983,37,82.4,1,0,0,2,35,0,0,0
rubella,1984,38,78.4,1,0,0,1,37,0,0,0
rubella,1985,35,76.5,0,0,0,0,35,0,0,0
rubella,1986,42,84.3,3,0,0,0,42,0,0,0
rubella,1987,30,64.5,0,0,0,0,30,0,0,0
rubella,1988,23,65.4,2,0,0,0,23,0,0,0
rubella,1989,29,65.6,0,0,0,1,28,0,0,0
rubella,1990,41,84.1,1,0,0,3,38,0,0,0
rubella,1991,36,79.0,1,0,0,1,35,0,0,0
rubella,1992,25,54.1,0,0,0,0,25,0,0,0
rubella,1993,51,100.0,0,0,0,0,0,51,0,0
rubella,1994,50,99.0,0,0,0,0,0,50,0,0
rubella,1995,50,99.0,0,0,0,0,0,50,0,0
rubella,1996,50,99.0,0,0,0,0,0,50,0,0
rubella,1997,50,99.0,0,0,0,0,0,50,0,0
rubella,1998,50,99.0,0,0,0,0,0,50,0,0
rubella,1999,51,100.0,0,0,0,0,0,51,0,0
rubella,2000,51,100.0,0,0,0,0,0,51,0,0
rubella,2001,51,100.0,0,0,0,0,0,51,0,0
rubella,2002,51,100.0,0,0,0,0,0,51,0,0
rubella,2003,51,100.0,0,0,0,0,0,51,0,0
rubella,2004,51,100.0,0,0,0,0,0,51,0,0
rubella,2005,51,100.0,0,0,0,0,0,51,0,0
rubella,2006,51,100.0,0,0,0,0,0,51,0,0
rubella,2007,51,100.0,0,0,0,0,0,51,0,0
rubella,2008,51,100.0,0,0,0,0,0,51,0,0
rubella,2009,51,100.0,0,0,0,0,0,51,0,0
rubella,2010,51,100.0,0,0,0,0,0,51,0,0
rubella,2011,51,100.0,0,0,0,0,0,51,0,0
rubella,2012,51,100.0,0,0,0,0,0,51,0,0
rubella,2013,51,100.0,0,0,0,0,0,51,0,0
rubella,2014,51,100.0,0,0,0,0,0,51,0,0
rubella,2015,50,97.9,0,0,0,0,0,50,0,0
rubella,2016,51,100.0,0,0,0,0,0,51,0,0
rubella,2017,51,100.0,0,0,0,0,0,51,0,0
rubella,2018,51,100.0,0,0,0,0,0,51,0,0
rubella,2019,51,100.0,0,0,0,0,0,51,0,0
rubella,2020,51,100.0,0,0,0,0,0,51,0,0
rubella,2021,51,100.0,0,0,0,0,0,51,0,0
rubella,2022,51,100.0,0,0,0,0,0,51,0,0
rubella,2023,51,100.0,0,0,0,0,0,51,0,0
rubella,2024,51,100.0,0,0,0,0,0,0,51,0
rubella,2025,51,100.0,0,0,0,0,0,0,0,51
hepatitis_b,1929,0,0.0,0,0,0,0,0,0,0,0
hepatitis_b,1930,0,0.0,0,0,0,0,0,0,0,0
hepatitis_b,1931,0,0.0,0,0,0,0,0,0,0,0
hepatitis_b,1932,0,0.0,0,0,0,0,0,0,0,0
hepatitis_b,1933,0,0.0,0,0,0,0,0,0,0,0
hepatitis_b,1934,0,0.0,0,0,0,0,0,0,0,0
hepatitis_b,1935,0,0.0,0,0,0,0,0,0,0,0
hepatitis_b,1936,0,0.0,0,0,0,0,0,0,0,0
hepatitis_b,1937,0,0.0,0,0,0,0,0,0,0,0
hepatitis_b,1938,0,0.0,0,0,0,0,0,0,0,0
hepatitis_b,1939,0,0.0,0,0,0,0,0,0,0,0
hepatitis_b,1940,0,0.0,0,0,0,0,0,0,0,0
hepatitis_b,1941,0,0.0,0,0,0,0,0,0,0,0
hepatitis_b,1942,0,0.0,0,0,0,0,0,0,0,0
hepatitis_b,1943,0,0.0,0,0,0,0,0,0,0,0
hepatitis_b,1944,0,0.0,0,0,0,0,0,0,0,0
hepatitis_b,1945,0,0.0,0,0,0,0,0,0,0,0
hepatitis_b,1946,0,0.0,0,0,0,0,0,0,0,0
hepatitis_b,1947,0,0.0,0,0,0,0,0,0,0,0
hepatitis_b,1948,0,0.0,0,0,0,0,0,0,0,0
hepatitis_b,1949,0,0.0,0,0,0,0,0,0,0,0
hepatitis_b,1950,0,0.0,0,0,0,0,0,0,0,0
hepatitis_b,1951,0,0.0,0,0,0,0,0,0,0,0
hepatitis_b,1952,45,93.9,0,0,16,29,0,0,0,0
hepatitis_b,1953,45,96.9,0,0,0,45,0,0,0,0
hepatitis_b,1954,0,0.0,0,0,0,0,0,0,0,0
hepatitis_b,1955,50,98.7,0,0,0,50,0,0,0,0
hepatitis_b,1956,49,99.2,0,0,0,49,0,0,0,0
hepatitis_b,1957,51,100.0,2,0,0,0,51,0,0,0
hepatitis_b,1958,51,100.0,0,0,0,51,0,0,0,0
hepatitis_b,1959,51,100.0,0,0,0,51,0,0,0,0
hepatitis_b,1960,51,100.0,15,0,0,0,51,0,0,0
hepatitis_b,1961,51,100.0,1,0,0,0,51,0,0,0
hepatitis_b,1962,51,100.0,0,1,1,49,0,0,0,0
hepatitis_b,1963,51,100.0,0,2,0,49,0,0,0,0
hepatitis_b,1964,50,90.8,0,0,0,0,50,0,0,0
hepatitis_b,1965,44,88.3,0,0,0,44,0,0,0,0
hepatitis_b,1966,30,75.4,0,1,1,28,0,0,0,0
hepatitis_b,1967,32,77.2,0,1,1,30,0,0,0,0
hepatitis_b,1968,35,80.3,0,2,2,31,0,0,0,0
hepatitis_b,1969,43,86.8,0,2,4,37,0,0,0,0
hepatitis_b,1970,46,86.9,0,3,10,33,0,0,0,0
hepatitis_b,1971,46,88.1,0,6,8,32,0,0,0,0
hepatitis_b,1972,49,88.9,0,0,11,38,0,0,0,0
hepatitis_b,1973,48,88.7,0,2,11,35,0,0,0,0
hepatitis_b,1974,50,91.5,0,0,18,32,0,0,0,0
hepatitis_b,1975,48,88.8,0,6,16,26,0,0,0,0
hepatitis_b,1976,49,89.4,0,13,12,24,0,0,0,0
hepatitis_b,1977,50,91.9,0,10,17,23,0,0,0,0
hepatitis_b,1978,50,92.0,0,5,21,24,0,0,0,0
hepatitis_b,1979,50,92.1,0,10,18,22,0,0,0,0
hepatitis_b,1980,49,92.0,0,0,0,49,0,0,0,0
hepatitis_b,1981,49,92.1,0,0,28,21,0,0,0,0
hepatitis_b,1982,50,92.4,0,7,21,22,0,0,0,0
hepatitis_b,1983,49,92.1,0,9,21,19,0,0,0,0
hepatitis_b,1984,49,92.2,0,0,30,19,0,0,0,0
hepatitis_b,1985,50,92.5,0,0,22,28,0,0,0,0
hepatitis_b,1986,49,92.3,0,0,19,30,0,0,0,0
hepatitis_b,1987,49,92.4,0,17,14,18,0,0,0,0
hepatitis_b,1988,50,92.7,1,0,0,0,50,0,0,0
hepatitis_b,1989,50,92.7,0,0,0,0,50,0,0,0
hepatitis_b,1990,50,92.8,0,0,0,0,50,0,0,0
hepatitis_b,1991,50,92.8,0,0,0,0,50,0,0,0
hepatitis_b,1992,50,92.9,1,0,0,0,50,0,0,0
hepatitis_b,1993,49,92.7,0,0,0,0,49,0,0,0
hepatitis_b,1994,48,91.7,1,0,0,0,48,0,0,0
hepatitis_b,1995,49,92.0,1,0,0,0,49,0,0,0
hepatitis_b,1996,50,93.1,46,0,0,0,50,0,0,0
hepatitis_b,1997,50,93.2,0,0,0,0,50,0,0,0
hepatitis_b,1998,50,93.2,0,0,0,0,50,0,0,0
hepatitis_b,1999,50,93.2,1,0,0,0,50,0,0,0
hepatitis_b,2000,49,93.0,1,0,0,0,49,0,0,0
hepatitis_b,2001,49,91.4,1,0,0,0,49,0,0,0
hepatitis_b,2002,50,93.3,1,0,0,0,50,0,0,0
hepatitis_b,2003,50,93.4,1,0,0,0,50,0,0,0
hepatitis_b,2004,49,93.2,1,0,0,0,49,0,0,0
hepatitis_b,2005,49,93.3,1,0,0,0,49,0,0,0
hepatitis_b,2006,48,93.1,2,0,0,0,48,0,0,0
hepatitis_b,2007,49,93.3,0,0,0,0,49,0,0,0
hepatitis_b,2008,48,93.2,0,0,0,0,48,0,0,0
hepatitis_b,2009,45,92.4,0,0,0,1,44,0,0,0
hepatitis_b,2010,48,93.2,0,0,0,0,48,0,0,0
hepatitis_b,2011,44,92.3,1,0,0,0,44,0,0,0
hepatitis_b,2012,45,91.1,6,0,0,0,45,0,0,0
hepatitis_b,2013,45,91.1,6,0,0,0,45,0,0,0
hepatitis_b,2014,46,98.7,7,0,0,0,46,0,0,0
hepatitis_b,2015,47,98.9,0,0,0,0,47,0,0,0
hepatitis_b,2016,47,98.9,0,0,0,0,47,0,0,0
hepatitis_b,2017,44,97.5,0,0,0,1,43,0,0,0
hepatitis_b,2018,0,0.0,0,0,0,0,0,0,0,0
hepatitis_b,2019,0,0.0,0,0,0,0,0,0,0,0
hepatitis_b,2020,0,0.0,0,0,0,0,0,0,0,0
hepatitis_b,2021,0,0.0,0,0,0,0,0,0,0,0
hepatitis_b,2022,0,0.0,0,0,0,0,0,0,0,0
hepatitis_b,2023,0,0.0,0,0,0,0,0,0,0,0
hepatitis_b,2024,0,0.0,0,0,0,0,0,0,0,0
hepatitis_b,2025,0,0.0,0,0,0,0,0,0,0,0
